                                        
                           Design Compiler Graphical 
                                 DC Ultra (TM)
                                  DFTMAX (TM)
                              Power Compiler (TM)
                                 DesignWare (R)
                                 DC Expert (TM)
                               Design Vision (TM)
                               HDL Compiler (TM)
                               VHDL Compiler (TM)
                                  DFT Compiler
                               Design Compiler(R)
                                        
                 Version K-2015.06 for linux64 - May 28, 2015 
                                        
                    Copyright (c) 1988 - 2015 Synopsys, Inc.
   This software and the associated documentation are proprietary to Synopsys,
 Inc. This software may only be used in accordance with the terms and conditions
 of a written license agreement with Synopsys, Inc. All other use, reproduction,
            or distribution of this software is strictly prohibited.
Initializing...
Initializing gui preferences from file  /home/IC/.synopsys_dv_prefs.tcl
########################### Define Top Module ############################
set top_module SYS_TOP_dft
SYS_TOP_dft
##################### Define Working Library Directory ######################
define_design_lib work -path ./work
1
############################# Formality Setup File ##########################
set_svf $top_module.svf
1
################## Design Compiler Library Files #setup ######################
puts "###########################################"
###########################################
puts "#      #setting Design Libraries          #"
#      #setting Design Libraries          #
puts "###########################################"
###########################################
#Add the path of the libraries and RTL files to the search_path variable
set PROJECT_PATH /home/IC/Labs/FINAL_SYSTEM
/home/IC/Labs/FINAL_SYSTEM
set LIB_PATH     /home/IC/tsmc_fb_cl013g_sc/aci/sc-m
/home/IC/tsmc_fb_cl013g_sc/aci/sc-m
lappend search_path $LIB_PATH/synopsys
. /opt/Synopsys/Synplify2015/libraries/syn /opt/Synopsys/Synplify2015/minpower/syn /opt/Synopsys/Synplify2015/dw/syn_ver /opt/Synopsys/Synplify2015/dw/sim_ver /home/IC/tsmc_fb_cl013g_sc/aci/sc-m/synopsys
lappend search_path $PROJECT_PATH/RTL/ALU
. /opt/Synopsys/Synplify2015/libraries/syn /opt/Synopsys/Synplify2015/minpower/syn /opt/Synopsys/Synplify2015/dw/syn_ver /opt/Synopsys/Synplify2015/dw/sim_ver /home/IC/tsmc_fb_cl013g_sc/aci/sc-m/synopsys /home/IC/Labs/FINAL_SYSTEM/RTL/ALU
lappend search_path $PROJECT_PATH/RTL/ASYNC_FIFO
. /opt/Synopsys/Synplify2015/libraries/syn /opt/Synopsys/Synplify2015/minpower/syn /opt/Synopsys/Synplify2015/dw/syn_ver /opt/Synopsys/Synplify2015/dw/sim_ver /home/IC/tsmc_fb_cl013g_sc/aci/sc-m/synopsys /home/IC/Labs/FINAL_SYSTEM/RTL/ALU /home/IC/Labs/FINAL_SYSTEM/RTL/ASYNC_FIFO
lappend search_path $PROJECT_PATH/RTL/Clock_Divider
. /opt/Synopsys/Synplify2015/libraries/syn /opt/Synopsys/Synplify2015/minpower/syn /opt/Synopsys/Synplify2015/dw/syn_ver /opt/Synopsys/Synplify2015/dw/sim_ver /home/IC/tsmc_fb_cl013g_sc/aci/sc-m/synopsys /home/IC/Labs/FINAL_SYSTEM/RTL/ALU /home/IC/Labs/FINAL_SYSTEM/RTL/ASYNC_FIFO /home/IC/Labs/FINAL_SYSTEM/RTL/Clock_Divider
lappend search_path $PROJECT_PATH/RTL/Clock_Gating
. /opt/Synopsys/Synplify2015/libraries/syn /opt/Synopsys/Synplify2015/minpower/syn /opt/Synopsys/Synplify2015/dw/syn_ver /opt/Synopsys/Synplify2015/dw/sim_ver /home/IC/tsmc_fb_cl013g_sc/aci/sc-m/synopsys /home/IC/Labs/FINAL_SYSTEM/RTL/ALU /home/IC/Labs/FINAL_SYSTEM/RTL/ASYNC_FIFO /home/IC/Labs/FINAL_SYSTEM/RTL/Clock_Divider /home/IC/Labs/FINAL_SYSTEM/RTL/Clock_Gating
lappend search_path $PROJECT_PATH/RTL/DATA_SYNC
. /opt/Synopsys/Synplify2015/libraries/syn /opt/Synopsys/Synplify2015/minpower/syn /opt/Synopsys/Synplify2015/dw/syn_ver /opt/Synopsys/Synplify2015/dw/sim_ver /home/IC/tsmc_fb_cl013g_sc/aci/sc-m/synopsys /home/IC/Labs/FINAL_SYSTEM/RTL/ALU /home/IC/Labs/FINAL_SYSTEM/RTL/ASYNC_FIFO /home/IC/Labs/FINAL_SYSTEM/RTL/Clock_Divider /home/IC/Labs/FINAL_SYSTEM/RTL/Clock_Gating /home/IC/Labs/FINAL_SYSTEM/RTL/DATA_SYNC
lappend search_path $PROJECT_PATH/RTL/RegFile
. /opt/Synopsys/Synplify2015/libraries/syn /opt/Synopsys/Synplify2015/minpower/syn /opt/Synopsys/Synplify2015/dw/syn_ver /opt/Synopsys/Synplify2015/dw/sim_ver /home/IC/tsmc_fb_cl013g_sc/aci/sc-m/synopsys /home/IC/Labs/FINAL_SYSTEM/RTL/ALU /home/IC/Labs/FINAL_SYSTEM/RTL/ASYNC_FIFO /home/IC/Labs/FINAL_SYSTEM/RTL/Clock_Divider /home/IC/Labs/FINAL_SYSTEM/RTL/Clock_Gating /home/IC/Labs/FINAL_SYSTEM/RTL/DATA_SYNC /home/IC/Labs/FINAL_SYSTEM/RTL/RegFile
lappend search_path $PROJECT_PATH/RTL/PULSE_GEN
. /opt/Synopsys/Synplify2015/libraries/syn /opt/Synopsys/Synplify2015/minpower/syn /opt/Synopsys/Synplify2015/dw/syn_ver /opt/Synopsys/Synplify2015/dw/sim_ver /home/IC/tsmc_fb_cl013g_sc/aci/sc-m/synopsys /home/IC/Labs/FINAL_SYSTEM/RTL/ALU /home/IC/Labs/FINAL_SYSTEM/RTL/ASYNC_FIFO /home/IC/Labs/FINAL_SYSTEM/RTL/Clock_Divider /home/IC/Labs/FINAL_SYSTEM/RTL/Clock_Gating /home/IC/Labs/FINAL_SYSTEM/RTL/DATA_SYNC /home/IC/Labs/FINAL_SYSTEM/RTL/RegFile /home/IC/Labs/FINAL_SYSTEM/RTL/PULSE_GEN
lappend search_path $PROJECT_PATH/RTL/RST_SYNC
. /opt/Synopsys/Synplify2015/libraries/syn /opt/Synopsys/Synplify2015/minpower/syn /opt/Synopsys/Synplify2015/dw/syn_ver /opt/Synopsys/Synplify2015/dw/sim_ver /home/IC/tsmc_fb_cl013g_sc/aci/sc-m/synopsys /home/IC/Labs/FINAL_SYSTEM/RTL/ALU /home/IC/Labs/FINAL_SYSTEM/RTL/ASYNC_FIFO /home/IC/Labs/FINAL_SYSTEM/RTL/Clock_Divider /home/IC/Labs/FINAL_SYSTEM/RTL/Clock_Gating /home/IC/Labs/FINAL_SYSTEM/RTL/DATA_SYNC /home/IC/Labs/FINAL_SYSTEM/RTL/RegFile /home/IC/Labs/FINAL_SYSTEM/RTL/PULSE_GEN /home/IC/Labs/FINAL_SYSTEM/RTL/RST_SYNC
lappend search_path $PROJECT_PATH/RTL/SYS_CTRL
. /opt/Synopsys/Synplify2015/libraries/syn /opt/Synopsys/Synplify2015/minpower/syn /opt/Synopsys/Synplify2015/dw/syn_ver /opt/Synopsys/Synplify2015/dw/sim_ver /home/IC/tsmc_fb_cl013g_sc/aci/sc-m/synopsys /home/IC/Labs/FINAL_SYSTEM/RTL/ALU /home/IC/Labs/FINAL_SYSTEM/RTL/ASYNC_FIFO /home/IC/Labs/FINAL_SYSTEM/RTL/Clock_Divider /home/IC/Labs/FINAL_SYSTEM/RTL/Clock_Gating /home/IC/Labs/FINAL_SYSTEM/RTL/DATA_SYNC /home/IC/Labs/FINAL_SYSTEM/RTL/RegFile /home/IC/Labs/FINAL_SYSTEM/RTL/PULSE_GEN /home/IC/Labs/FINAL_SYSTEM/RTL/RST_SYNC /home/IC/Labs/FINAL_SYSTEM/RTL/SYS_CTRL
lappend search_path $PROJECT_PATH/RTL/CLKDIV_MUX
. /opt/Synopsys/Synplify2015/libraries/syn /opt/Synopsys/Synplify2015/minpower/syn /opt/Synopsys/Synplify2015/dw/syn_ver /opt/Synopsys/Synplify2015/dw/sim_ver /home/IC/tsmc_fb_cl013g_sc/aci/sc-m/synopsys /home/IC/Labs/FINAL_SYSTEM/RTL/ALU /home/IC/Labs/FINAL_SYSTEM/RTL/ASYNC_FIFO /home/IC/Labs/FINAL_SYSTEM/RTL/Clock_Divider /home/IC/Labs/FINAL_SYSTEM/RTL/Clock_Gating /home/IC/Labs/FINAL_SYSTEM/RTL/DATA_SYNC /home/IC/Labs/FINAL_SYSTEM/RTL/RegFile /home/IC/Labs/FINAL_SYSTEM/RTL/PULSE_GEN /home/IC/Labs/FINAL_SYSTEM/RTL/RST_SYNC /home/IC/Labs/FINAL_SYSTEM/RTL/SYS_CTRL /home/IC/Labs/FINAL_SYSTEM/RTL/CLKDIV_MUX
lappend search_path $PROJECT_PATH/RTL/UART/UART_RX
. /opt/Synopsys/Synplify2015/libraries/syn /opt/Synopsys/Synplify2015/minpower/syn /opt/Synopsys/Synplify2015/dw/syn_ver /opt/Synopsys/Synplify2015/dw/sim_ver /home/IC/tsmc_fb_cl013g_sc/aci/sc-m/synopsys /home/IC/Labs/FINAL_SYSTEM/RTL/ALU /home/IC/Labs/FINAL_SYSTEM/RTL/ASYNC_FIFO /home/IC/Labs/FINAL_SYSTEM/RTL/Clock_Divider /home/IC/Labs/FINAL_SYSTEM/RTL/Clock_Gating /home/IC/Labs/FINAL_SYSTEM/RTL/DATA_SYNC /home/IC/Labs/FINAL_SYSTEM/RTL/RegFile /home/IC/Labs/FINAL_SYSTEM/RTL/PULSE_GEN /home/IC/Labs/FINAL_SYSTEM/RTL/RST_SYNC /home/IC/Labs/FINAL_SYSTEM/RTL/SYS_CTRL /home/IC/Labs/FINAL_SYSTEM/RTL/CLKDIV_MUX /home/IC/Labs/FINAL_SYSTEM/RTL/UART/UART_RX
lappend search_path $PROJECT_PATH/RTL/UART/UART_TX
. /opt/Synopsys/Synplify2015/libraries/syn /opt/Synopsys/Synplify2015/minpower/syn /opt/Synopsys/Synplify2015/dw/syn_ver /opt/Synopsys/Synplify2015/dw/sim_ver /home/IC/tsmc_fb_cl013g_sc/aci/sc-m/synopsys /home/IC/Labs/FINAL_SYSTEM/RTL/ALU /home/IC/Labs/FINAL_SYSTEM/RTL/ASYNC_FIFO /home/IC/Labs/FINAL_SYSTEM/RTL/Clock_Divider /home/IC/Labs/FINAL_SYSTEM/RTL/Clock_Gating /home/IC/Labs/FINAL_SYSTEM/RTL/DATA_SYNC /home/IC/Labs/FINAL_SYSTEM/RTL/RegFile /home/IC/Labs/FINAL_SYSTEM/RTL/PULSE_GEN /home/IC/Labs/FINAL_SYSTEM/RTL/RST_SYNC /home/IC/Labs/FINAL_SYSTEM/RTL/SYS_CTRL /home/IC/Labs/FINAL_SYSTEM/RTL/CLKDIV_MUX /home/IC/Labs/FINAL_SYSTEM/RTL/UART/UART_RX /home/IC/Labs/FINAL_SYSTEM/RTL/UART/UART_TX
lappend search_path $PROJECT_PATH/RTL/UART/UART_TOP
. /opt/Synopsys/Synplify2015/libraries/syn /opt/Synopsys/Synplify2015/minpower/syn /opt/Synopsys/Synplify2015/dw/syn_ver /opt/Synopsys/Synplify2015/dw/sim_ver /home/IC/tsmc_fb_cl013g_sc/aci/sc-m/synopsys /home/IC/Labs/FINAL_SYSTEM/RTL/ALU /home/IC/Labs/FINAL_SYSTEM/RTL/ASYNC_FIFO /home/IC/Labs/FINAL_SYSTEM/RTL/Clock_Divider /home/IC/Labs/FINAL_SYSTEM/RTL/Clock_Gating /home/IC/Labs/FINAL_SYSTEM/RTL/DATA_SYNC /home/IC/Labs/FINAL_SYSTEM/RTL/RegFile /home/IC/Labs/FINAL_SYSTEM/RTL/PULSE_GEN /home/IC/Labs/FINAL_SYSTEM/RTL/RST_SYNC /home/IC/Labs/FINAL_SYSTEM/RTL/SYS_CTRL /home/IC/Labs/FINAL_SYSTEM/RTL/CLKDIV_MUX /home/IC/Labs/FINAL_SYSTEM/RTL/UART/UART_RX /home/IC/Labs/FINAL_SYSTEM/RTL/UART/UART_TX /home/IC/Labs/FINAL_SYSTEM/RTL/UART/UART_TOP
lappend search_path $PROJECT_PATH/RTL/Top
. /opt/Synopsys/Synplify2015/libraries/syn /opt/Synopsys/Synplify2015/minpower/syn /opt/Synopsys/Synplify2015/dw/syn_ver /opt/Synopsys/Synplify2015/dw/sim_ver /home/IC/tsmc_fb_cl013g_sc/aci/sc-m/synopsys /home/IC/Labs/FINAL_SYSTEM/RTL/ALU /home/IC/Labs/FINAL_SYSTEM/RTL/ASYNC_FIFO /home/IC/Labs/FINAL_SYSTEM/RTL/Clock_Divider /home/IC/Labs/FINAL_SYSTEM/RTL/Clock_Gating /home/IC/Labs/FINAL_SYSTEM/RTL/DATA_SYNC /home/IC/Labs/FINAL_SYSTEM/RTL/RegFile /home/IC/Labs/FINAL_SYSTEM/RTL/PULSE_GEN /home/IC/Labs/FINAL_SYSTEM/RTL/RST_SYNC /home/IC/Labs/FINAL_SYSTEM/RTL/SYS_CTRL /home/IC/Labs/FINAL_SYSTEM/RTL/CLKDIV_MUX /home/IC/Labs/FINAL_SYSTEM/RTL/UART/UART_RX /home/IC/Labs/FINAL_SYSTEM/RTL/UART/UART_TX /home/IC/Labs/FINAL_SYSTEM/RTL/UART/UART_TOP /home/IC/Labs/FINAL_SYSTEM/RTL/Top
set SSLIB "scmetro_tsmc_cl013g_rvt_ss_1p08v_125c.db"
scmetro_tsmc_cl013g_rvt_ss_1p08v_125c.db
set TTLIB "scmetro_tsmc_cl013g_rvt_tt_1p2v_25c.db"
scmetro_tsmc_cl013g_rvt_tt_1p2v_25c.db
set FFLIB "scmetro_tsmc_cl013g_rvt_ff_1p32v_m40c.db"
scmetro_tsmc_cl013g_rvt_ff_1p32v_m40c.db
## Standard Cell libraries 
set target_library [list $SSLIB $TTLIB $FFLIB]
scmetro_tsmc_cl013g_rvt_ss_1p08v_125c.db scmetro_tsmc_cl013g_rvt_tt_1p2v_25c.db scmetro_tsmc_cl013g_rvt_ff_1p32v_m40c.db
## Standard Cell & Hard Macros libraries 
set link_library [list * $SSLIB $TTLIB $FFLIB]  
* scmetro_tsmc_cl013g_rvt_ss_1p08v_125c.db scmetro_tsmc_cl013g_rvt_tt_1p2v_25c.db scmetro_tsmc_cl013g_rvt_ff_1p32v_m40c.db
######################## Reading RTL Files #################################
puts "###########################################"
###########################################
puts "#             Reading RTL Files           #"
#             Reading RTL Files           #
puts "###########################################"
###########################################
set file_format verilog
verilog
#ALU
analyze -format $file_format ALU_16_bit.v
Running PRESTO HDLC
Compiling source file /home/IC/Labs/FINAL_SYSTEM/RTL/ALU/ALU_16_bit.v
Presto compilation completed successfully.
Loading db file '/home/IC/tsmc_fb_cl013g_sc/aci/sc-m/synopsys/scmetro_tsmc_cl013g_rvt_ss_1p08v_125c.db'
Loading db file '/home/IC/tsmc_fb_cl013g_sc/aci/sc-m/synopsys/scmetro_tsmc_cl013g_rvt_tt_1p2v_25c.db'
Loading db file '/home/IC/tsmc_fb_cl013g_sc/aci/sc-m/synopsys/scmetro_tsmc_cl013g_rvt_ff_1p32v_m40c.db'
1
#FIFO
analyze -format $file_format data_sync_fifo.v
Running PRESTO HDLC
Compiling source file /home/IC/Labs/FINAL_SYSTEM/RTL/ASYNC_FIFO/data_sync_fifo.v
Presto compilation completed successfully.
1
analyze -format $file_format fifo_memory.v
Running PRESTO HDLC
Compiling source file /home/IC/Labs/FINAL_SYSTEM/RTL/ASYNC_FIFO/fifo_memory.v
Presto compilation completed successfully.
1
analyze -format $file_format fifo_rptr_empty.v
Running PRESTO HDLC
Compiling source file /home/IC/Labs/FINAL_SYSTEM/RTL/ASYNC_FIFO/fifo_rptr_empty.v
Presto compilation completed successfully.
1
analyze -format $file_format fifo_top.v
Running PRESTO HDLC
Compiling source file /home/IC/Labs/FINAL_SYSTEM/RTL/ASYNC_FIFO/fifo_top.v
Presto compilation completed successfully.
1
analyze -format $file_format fifo_wptr_full.v
Running PRESTO HDLC
Compiling source file /home/IC/Labs/FINAL_SYSTEM/RTL/ASYNC_FIFO/fifo_wptr_full.v
Presto compilation completed successfully.
1
#CLK_DIVIDER MUX
analyze -format $file_format CLKDIV_MUX.v
Running PRESTO HDLC
Compiling source file /home/IC/Labs/FINAL_SYSTEM/RTL/CLKDIV_MUX/CLKDIV_MUX.v
Presto compilation completed successfully.
1
#CLK_DIVIDER
analyze -format $file_format ClkDiv.v
Running PRESTO HDLC
Compiling source file /home/IC/Labs/FINAL_SYSTEM/RTL/Clock_Divider/ClkDiv.v
Presto compilation completed successfully.
1
#CLK_GATING
analyze -format $file_format CLK_GATING.v
Running PRESTO HDLC
Compiling source file /home/IC/Labs/FINAL_SYSTEM/RTL/Clock_Gating/CLK_GATING.v
Presto compilation completed successfully.
1
#DATA_SYNC
analyze -format $file_format Data_Sync.v
Running PRESTO HDLC
Compiling source file /home/IC/Labs/FINAL_SYSTEM/RTL/DATA_SYNC/Data_Sync.v
Presto compilation completed successfully.
1
#PULSE_GENERATOR
analyze -format $file_format PULSE_GEN.v
Running PRESTO HDLC
Compiling source file /home/IC/Labs/FINAL_SYSTEM/RTL/PULSE_GEN/PULSE_GEN.v
Presto compilation completed successfully.
1
#REGISTER_FILE
analyze -format $file_format RAM.v
Running PRESTO HDLC
Compiling source file /home/IC/Labs/FINAL_SYSTEM/RTL/RegFile/RAM.v
Presto compilation completed successfully.
1
#RST_SYNC
analyze -format $file_format RST_Sync.v
Running PRESTO HDLC
Compiling source file /home/IC/Labs/FINAL_SYSTEM/RTL/RST_SYNC/RST_Sync.v
Presto compilation completed successfully.
1
#SYS_CONTROLLER
analyze -format sverilog     SYS_CTRL.sv
Running PRESTO HDLC
Compiling source file /home/IC/Labs/FINAL_SYSTEM/RTL/SYS_CTRL/SYS_CTRL.sv
Presto compilation completed successfully.
1
#UART_RX
analyze -format $file_format data_sampling.v
Running PRESTO HDLC
Compiling source file /home/IC/Labs/FINAL_SYSTEM/RTL/UART/UART_RX/data_sampling.v
Presto compilation completed successfully.
1
analyze -format $file_format deserializer.v
Running PRESTO HDLC
Compiling source file /home/IC/Labs/FINAL_SYSTEM/RTL/UART/UART_RX/deserializer.v
Presto compilation completed successfully.
1
analyze -format $file_format edge_bit_counter.v
Running PRESTO HDLC
Compiling source file /home/IC/Labs/FINAL_SYSTEM/RTL/UART/UART_RX/edge_bit_counter.v
Presto compilation completed successfully.
1
analyze -format sverilog     FSM_RX.sv
Running PRESTO HDLC
Compiling source file /home/IC/Labs/FINAL_SYSTEM/RTL/UART/UART_RX/FSM_RX.sv
Presto compilation completed successfully.
1
analyze -format $file_format parity_check.v
Running PRESTO HDLC
Compiling source file /home/IC/Labs/FINAL_SYSTEM/RTL/UART/UART_RX/parity_check.v
Presto compilation completed successfully.
1
analyze -format $file_format start_check.v
Running PRESTO HDLC
Compiling source file /home/IC/Labs/FINAL_SYSTEM/RTL/UART/UART_RX/start_check.v
Presto compilation completed successfully.
1
analyze -format $file_format stop_check.v
Running PRESTO HDLC
Compiling source file /home/IC/Labs/FINAL_SYSTEM/RTL/UART/UART_RX/stop_check.v
Presto compilation completed successfully.
1
analyze -format $file_format UART_RX.v
Running PRESTO HDLC
Compiling source file /home/IC/Labs/FINAL_SYSTEM/RTL/UART/UART_RX/UART_RX.v
Presto compilation completed successfully.
1
#UART_TX
analyze -format sverilog     FSM.sv
Running PRESTO HDLC
Compiling source file /home/IC/Labs/FINAL_SYSTEM/RTL/UART/UART_TX/FSM.sv
Presto compilation completed successfully.
1
analyze -format $file_format MUX.v
Running PRESTO HDLC
Compiling source file /home/IC/Labs/FINAL_SYSTEM/RTL/UART/UART_TX/MUX.v
Presto compilation completed successfully.
1
analyze -format $file_format parity_checker.v
Running PRESTO HDLC
Compiling source file /home/IC/Labs/FINAL_SYSTEM/RTL/UART/UART_TX/parity_checker.v
Presto compilation completed successfully.
1
analyze -format $file_format Serializer.v
Running PRESTO HDLC
Compiling source file /home/IC/Labs/FINAL_SYSTEM/RTL/UART/UART_TX/Serializer.v
Presto compilation completed successfully.
1
analyze -format $file_format UART_TX.v
Running PRESTO HDLC
Compiling source file /home/IC/Labs/FINAL_SYSTEM/RTL/UART/UART_TX/UART_TX.v
Presto compilation completed successfully.
1
#SYS_TOP
#analyze -format $file_format SYS_TOP.v
#SYS_TOP
analyze -format $file_format SYS_TOP_dft.v
Running PRESTO HDLC
Compiling source file /home/IC/Labs/FINAL_SYSTEM/RTL/Top/SYS_TOP_dft.v
Presto compilation completed successfully.
1
#UART_TOP
analyze -format $file_format UART_TOP.v
Running PRESTO HDLC
Compiling source file /home/IC/Labs/FINAL_SYSTEM/RTL/UART/UART_TOP/UART_TOP.v
Presto compilation completed successfully.
1
#MUX2x1
analyze -format $file_format mux2X1.v
Running PRESTO HDLC
Compiling source file /home/IC/Labs/FINAL_SYSTEM/RTL/Top/mux2X1.v
Presto compilation completed successfully.
1
#MREPLACEMENT 
analyze -format $file_format DATA_SYNC.v
Running PRESTO HDLC
Compiling source file /home/IC/Labs/FINAL_SYSTEM/RTL/DATA_SYNC/DATA_SYNC.v
Presto compilation completed successfully.
1
analyze -format $file_format RST_SYNC.v
Running PRESTO HDLC
Compiling source file /home/IC/Labs/FINAL_SYSTEM/RTL/RST_SYNC/RST_SYNC.v
Presto compilation completed successfully.
1
elaborate -lib WORK SYS_TOP_dft
Loading db file '/opt/Synopsys/Synplify2015/libraries/syn/gtech.db'
Loading db file '/opt/Synopsys/Synplify2015/libraries/syn/standard.sldb'
  Loading link library 'scmetro_tsmc_cl013g_rvt_ss_1p08v_125c'
  Loading link library 'scmetro_tsmc_cl013g_rvt_tt_1p2v_25c'
  Loading link library 'scmetro_tsmc_cl013g_rvt_ff_1p32v_m40c'
  Loading link library 'gtech'
Running PRESTO HDLC
Presto compilation completed successfully.
Elaborated 1 design.
Current design is now 'SYS_TOP_dft'.
Information: Building the design 'mux2X1'. (HDL-193)
Presto compilation completed successfully.
Information: Building the design 'RST_Sync' instantiated from design 'SYS_TOP_dft' with
	the parameters "NUM_STAGES=2". (HDL-193)
Warning:  /home/IC/Labs/FINAL_SYSTEM/RTL/RST_SYNC/RST_Sync.v:20: signed to unsigned conversion occurs. (VER-318)

Inferred memory devices in process
	in routine RST_Sync_NUM_STAGES2 line 5 in file
		'/home/IC/Labs/FINAL_SYSTEM/RTL/RST_SYNC/RST_Sync.v'.
===============================================================================
|    Register Name    |   Type    | Width | Bus | MB | AR | AS | SR | SS | ST |
===============================================================================
|      chain_reg      | Flip-flop |   1   |  N  | N  | Y  | N  | N  | N  | N  |
|    SYNC_RST_reg     | Flip-flop |   1   |  N  | N  | Y  | N  | N  | N  | N  |
===============================================================================
Presto compilation completed successfully.
Information: Building the design 'Data_Sync' instantiated from design 'SYS_TOP_dft' with
	the parameters "NUM_STAGES=2,BUS_WIDTH=8". (HDL-193)
Warning:  /home/IC/Labs/FINAL_SYSTEM/RTL/DATA_SYNC/Data_Sync.v:31: signed to unsigned conversion occurs. (VER-318)

Inferred memory devices in process
	in routine Data_Sync_NUM_STAGES2_BUS_WIDTH8 line 14 in file
		'/home/IC/Labs/FINAL_SYSTEM/RTL/DATA_SYNC/Data_Sync.v'.
===============================================================================
|    Register Name    |   Type    | Width | Bus | MB | AR | AS | SR | SS | ST |
===============================================================================
|      chain_reg      | Flip-flop |   2   |  Y  | N  | Y  | N  | N  | N  | N  |
|      final_reg      | Flip-flop |   1   |  N  | N  | Y  | N  | N  | N  | N  |
|  enable_pulse_reg   | Flip-flop |   1   |  N  | N  | Y  | N  | N  | N  | N  |
|    sync_bus_reg     | Flip-flop |   8   |  Y  | N  | Y  | N  | N  | N  | N  |
===============================================================================
Presto compilation completed successfully.
Information: Building the design 'fifo_top' instantiated from design 'SYS_TOP_dft' with
	the parameters "width=8". (HDL-193)
Presto compilation completed successfully.
Information: Building the design 'PULSE_GEN'. (HDL-193)

Inferred memory devices in process
	in routine PULSE_GEN line 19 in file
		'/home/IC/Labs/FINAL_SYSTEM/RTL/PULSE_GEN/PULSE_GEN.v'.
===============================================================================
|    Register Name    |   Type    | Width | Bus | MB | AR | AS | SR | SS | ST |
===============================================================================
|    rcv_flop_reg     | Flip-flop |   1   |  N  | N  | Y  | N  | N  | N  | N  |
|    pls_flop_reg     | Flip-flop |   1   |  N  | N  | Y  | N  | N  | N  | N  |
===============================================================================
Presto compilation completed successfully.
Information: Building the design 'ClkDiv'. (HDL-193)

Inferred memory devices in process
	in routine ClkDiv line 27 in file
		'/home/IC/Labs/FINAL_SYSTEM/RTL/Clock_Divider/ClkDiv.v'.
===============================================================================
|    Register Name    |   Type    | Width | Bus | MB | AR | AS | SR | SS | ST |
===============================================================================
|  odd_edge_tog_reg   | Flip-flop |   1   |  N  | N  | N  | Y  | N  | N  | N  |
|     div_clk_reg     | Flip-flop |   1   |  N  | N  | Y  | N  | N  | N  | N  |
|      count_reg      | Flip-flop |   7   |  Y  | N  | Y  | N  | N  | N  | N  |
===============================================================================
Presto compilation completed successfully.
Information: Building the design 'CLKDIV_MUX'. (HDL-193)

Statistics for case statements in always block at line 8 in file
	'/home/IC/Labs/FINAL_SYSTEM/RTL/CLKDIV_MUX/CLKDIV_MUX.v'
===============================================
|           Line           |  full/ parallel  |
===============================================
|            10            |    auto/auto     |
===============================================
Presto compilation completed successfully.
Information: Building the design 'UART_TOP'. (HDL-193)
Presto compilation completed successfully.
Information: Building the design 'SYS_CTRL'. (HDL-193)

Statistics for case statements in always block at line 42 in file
	'/home/IC/Labs/FINAL_SYSTEM/RTL/SYS_CTRL/SYS_CTRL.sv'
===============================================
|           Line           |  full/ parallel  |
===============================================
|            44            |    auto/auto     |
===============================================

Inferred memory devices in process
	in routine SYS_CTRL line 34 in file
		'/home/IC/Labs/FINAL_SYSTEM/RTL/SYS_CTRL/SYS_CTRL.sv'.
===============================================================================
|    Register Name    |   Type    | Width | Bus | MB | AR | AS | SR | SS | ST |
===============================================================================
|     current_reg     | Flip-flop |   4   |  Y  | N  | Y  | N  | N  | N  | N  |
===============================================================================

Inferred memory devices in process
	in routine SYS_CTRL line 428 in file
		'/home/IC/Labs/FINAL_SYSTEM/RTL/SYS_CTRL/SYS_CTRL.sv'.
================================================================================
|    Register Name     |   Type    | Width | Bus | MB | AR | AS | SR | SS | ST |
================================================================================
| Address_REG_FILE_reg | Flip-flop |   4   |  Y  | N  | Y  | N  | N  | N  | N  |
================================================================================
Presto compilation completed successfully.
Information: Building the design 'RAM'. (HDL-193)

Inferred memory devices in process
	in routine RAM line 25 in file
		'/home/IC/Labs/FINAL_SYSTEM/RTL/RegFile/RAM.v'.
===============================================================================
|    Register Name    |   Type    | Width | Bus | MB | AR | AS | SR | SS | ST |
===============================================================================
|    Reg_File_reg     | Flip-flop |  126  |  Y  | N  | Y  | N  | N  | N  | N  |
|    Reg_File_reg     | Flip-flop |   2   |  Y  | N  | N  | Y  | N  | N  | N  |
|     RdData_reg      | Flip-flop |   8   |  Y  | N  | Y  | N  | N  | N  | N  |
|  RdData_Valid_reg   | Flip-flop |   1   |  N  | N  | Y  | N  | N  | N  | N  |
===============================================================================
Statistics for MUX_OPs
===========================================================
| block name/line  | Inputs | Outputs | # sel inputs | MB |
===========================================================
|      RAM/59      |   16   |    8    |      4       | N  |
===========================================================
Presto compilation completed successfully.
Information: Building the design 'ALU_16_bit' instantiated from design 'SYS_TOP_dft' with
	the parameters "OPERAND_WIDTH=8,OPCODE_WIDTH=4,RESULT_WIDTH=16". (HDL-193)
Warning:  /home/IC/Labs/FINAL_SYSTEM/RTL/ALU/ALU_16_bit.v:44: signed to unsigned assignment occurs. (VER-318)
Warning:  /home/IC/Labs/FINAL_SYSTEM/RTL/ALU/ALU_16_bit.v:46: signed to unsigned assignment occurs. (VER-318)
Warning:  /home/IC/Labs/FINAL_SYSTEM/RTL/ALU/ALU_16_bit.v:48: signed to unsigned assignment occurs. (VER-318)

Statistics for case statements in always block at line 12 in file
	'/home/IC/Labs/FINAL_SYSTEM/RTL/ALU/ALU_16_bit.v'
===============================================
|           Line           |  full/ parallel  |
===============================================
|            20            |    auto/auto     |
===============================================

Inferred memory devices in process
	in routine ALU_16_bit_OPERAND_WIDTH8_OPCODE_WIDTH4_RESULT_WIDTH16 line 12 in file
		'/home/IC/Labs/FINAL_SYSTEM/RTL/ALU/ALU_16_bit.v'.
===============================================================================
|    Register Name    |   Type    | Width | Bus | MB | AR | AS | SR | SS | ST |
===============================================================================
|    OUT_VALID_reg    | Flip-flop |   1   |  N  | N  | Y  | N  | N  | N  | N  |
|     ALU_OUT_reg     | Flip-flop |  16   |  Y  | N  | Y  | N  | N  | N  | N  |
===============================================================================
Presto compilation completed successfully.
Information: Building the design 'CLK_GATING'. (HDL-193)
Presto compilation completed successfully.
Information: Building the design 'fifo_wptr_full'. (HDL-193)

Inferred memory devices in process
	in routine fifo_wptr_full line 11 in file
		'/home/IC/Labs/FINAL_SYSTEM/RTL/ASYNC_FIFO/fifo_wptr_full.v'.
===============================================================================
|    Register Name    |   Type    | Width | Bus | MB | AR | AS | SR | SS | ST |
===============================================================================
|    internal_reg     | Flip-flop |   4   |  Y  | N  | Y  | N  | N  | N  | N  |
===============================================================================
Presto compilation completed successfully.
Information: Building the design 'data_sync_fifo'. (HDL-193)

Inferred memory devices in process
	in routine data_sync_fifo line 6 in file
		'/home/IC/Labs/FINAL_SYSTEM/RTL/ASYNC_FIFO/data_sync_fifo.v'.
===============================================================================
|    Register Name    |   Type    | Width | Bus | MB | AR | AS | SR | SS | ST |
===============================================================================
|    stage_one_reg    | Flip-flop |   4   |  Y  | N  | Y  | N  | N  | N  | N  |
|       out_reg       | Flip-flop |   4   |  Y  | N  | Y  | N  | N  | N  | N  |
===============================================================================
Presto compilation completed successfully.
Information: Building the design 'fifo_rptr_empty'. (HDL-193)

Inferred memory devices in process
	in routine fifo_rptr_empty line 11 in file
		'/home/IC/Labs/FINAL_SYSTEM/RTL/ASYNC_FIFO/fifo_rptr_empty.v'.
===============================================================================
|    Register Name    |   Type    | Width | Bus | MB | AR | AS | SR | SS | ST |
===============================================================================
|    internal_reg     | Flip-flop |   4   |  Y  | N  | Y  | N  | N  | N  | N  |
===============================================================================
Presto compilation completed successfully.
Information: Building the design 'fifo_memory' instantiated from design 'fifo_top_width8' with
	the parameters "data_width=8". (HDL-193)

Inferred memory devices in process
	in routine fifo_memory_data_width8 line 8 in file
		'/home/IC/Labs/FINAL_SYSTEM/RTL/ASYNC_FIFO/fifo_memory.v'.
===============================================================================
|    Register Name    |   Type    | Width | Bus | MB | AR | AS | SR | SS | ST |
===============================================================================
|     Memory_reg      | Flip-flop |  64   |  Y  | N  | Y  | N  | N  | N  | N  |
===============================================================================
Statistics for MUX_OPs
====================================================================
|     block name/line       | Inputs | Outputs | # sel inputs | MB |
====================================================================
| fifo_memory_data_width8/5 |   8    |    8    |      3       | N  |
====================================================================
Presto compilation completed successfully.
Information: Building the design 'UART_RX'. (HDL-193)
Presto compilation completed successfully.
Information: Building the design 'UART_TX'. (HDL-193)
Presto compilation completed successfully.
Information: Building the design 'start_check'. (HDL-193)

Inferred memory devices in process
	in routine start_check line 4 in file
		'/home/IC/Labs/FINAL_SYSTEM/RTL/UART/UART_RX/start_check.v'.
===============================================================================
|    Register Name    |   Type    | Width | Bus | MB | AR | AS | SR | SS | ST |
===============================================================================
|  start_glitch_reg   | Flip-flop |   1   |  N  | N  | Y  | N  | N  | N  | N  |
===============================================================================
Presto compilation completed successfully.
Information: Building the design 'stop_check'. (HDL-193)

Inferred memory devices in process
	in routine stop_check line 4 in file
		'/home/IC/Labs/FINAL_SYSTEM/RTL/UART/UART_RX/stop_check.v'.
===============================================================================
|    Register Name    |   Type    | Width | Bus | MB | AR | AS | SR | SS | ST |
===============================================================================
|   stop_error_reg    | Flip-flop |   1   |  N  | N  | Y  | N  | N  | N  | N  |
===============================================================================
Presto compilation completed successfully.
Information: Building the design 'FSM_RX'. (HDL-193)

Statistics for case statements in always block at line 29 in file
	'/home/IC/Labs/FINAL_SYSTEM/RTL/UART/UART_RX/FSM_RX.sv'
===============================================
|           Line           |  full/ parallel  |
===============================================
|            31            |    auto/auto     |
===============================================

Inferred memory devices in process
	in routine FSM_RX line 18 in file
		'/home/IC/Labs/FINAL_SYSTEM/RTL/UART/UART_RX/FSM_RX.sv'.
===============================================================================
|    Register Name    |   Type    | Width | Bus | MB | AR | AS | SR | SS | ST |
===============================================================================
|  current_state_reg  | Flip-flop |   3   |  Y  | N  | Y  | N  | N  | N  | N  |
===============================================================================
Presto compilation completed successfully.
Information: Building the design 'edge_bit_counter'. (HDL-193)

Inferred memory devices in process
	in routine edge_bit_counter line 5 in file
		'/home/IC/Labs/FINAL_SYSTEM/RTL/UART/UART_RX/edge_bit_counter.v'.
===============================================================================
|    Register Name    |   Type    | Width | Bus | MB | AR | AS | SR | SS | ST |
===============================================================================
|   edge_count_reg    | Flip-flop |   5   |  Y  | N  | Y  | N  | N  | N  | N  |
|    bit_count_reg    | Flip-flop |   4   |  Y  | N  | Y  | N  | N  | N  | N  |
===============================================================================
Presto compilation completed successfully.
Information: Building the design 'data_sampling'. (HDL-193)

Inferred memory devices in process
	in routine data_sampling line 6 in file
		'/home/IC/Labs/FINAL_SYSTEM/RTL/UART/UART_RX/data_sampling.v'.
===============================================================================
|    Register Name    |   Type    | Width | Bus | MB | AR | AS | SR | SS | ST |
===============================================================================
|     sampled_reg     | Flip-flop |   3   |  Y  | N  | Y  | N  | N  | N  | N  |
===============================================================================
Presto compilation completed successfully.
Information: Building the design 'deserializer'. (HDL-193)

Inferred memory devices in process
	in routine deserializer line 6 in file
		'/home/IC/Labs/FINAL_SYSTEM/RTL/UART/UART_RX/deserializer.v'.
===============================================================================
|    Register Name    |   Type    | Width | Bus | MB | AR | AS | SR | SS | ST |
===============================================================================
|       bit_reg       | Flip-flop |   3   |  Y  | N  | Y  | N  | N  | N  | N  |
|     P_DATA_reg      | Flip-flop |   8   |  Y  | N  | Y  | N  | N  | N  | N  |
===============================================================================
Presto compilation completed successfully.
Information: Building the design 'parity_check'. (HDL-193)

Inferred memory devices in process
	in routine parity_check line 5 in file
		'/home/IC/Labs/FINAL_SYSTEM/RTL/UART/UART_RX/parity_check.v'.
===============================================================================
|    Register Name    |   Type    | Width | Bus | MB | AR | AS | SR | SS | ST |
===============================================================================
|    par_error_reg    | Flip-flop |   1   |  N  | N  | Y  | N  | N  | N  | N  |
===============================================================================
Presto compilation completed successfully.
Information: Building the design 'FSM'. (HDL-193)

Statistics for case statements in always block at line 21 in file
	'/home/IC/Labs/FINAL_SYSTEM/RTL/UART/UART_TX/FSM.sv'
===============================================
|           Line           |  full/ parallel  |
===============================================
|            23            |    auto/auto     |
===============================================

Inferred memory devices in process
	in routine FSM line 13 in file
		'/home/IC/Labs/FINAL_SYSTEM/RTL/UART/UART_TX/FSM.sv'.
===============================================================================
|    Register Name    |   Type    | Width | Bus | MB | AR | AS | SR | SS | ST |
===============================================================================
|  current_state_reg  | Flip-flop |   3   |  Y  | N  | Y  | N  | N  | N  | N  |
===============================================================================
Presto compilation completed successfully.
Information: Building the design 'Serializer'. (HDL-193)

Inferred memory devices in process
	in routine Serializer line 5 in file
		'/home/IC/Labs/FINAL_SYSTEM/RTL/UART/UART_TX/Serializer.v'.
===============================================================================
|    Register Name    |   Type    | Width | Bus | MB | AR | AS | SR | SS | ST |
===============================================================================
|    Ser_data_reg     | Flip-flop |   1   |  N  | N  | N  | N  | N  | N  | N  |
|    internal_reg     | Flip-flop |   8   |  Y  | N  | Y  | N  | N  | N  | N  |
|    Ser_done_reg     | Flip-flop |   1   |  N  | N  | Y  | N  | N  | N  | N  |
|     counter_reg     | Flip-flop |   3   |  Y  | N  | Y  | N  | N  | N  | N  |
===============================================================================
Statistics for MUX_OPs
===========================================================
| block name/line  | Inputs | Outputs | # sel inputs | MB |
===========================================================
|  Serializer/20   |   8    |    1    |      3       | N  |
===========================================================
Presto compilation completed successfully.
Information: Building the design 'parity_checker'. (HDL-193)

Inferred memory devices in process
	in routine parity_checker line 3 in file
		'/home/IC/Labs/FINAL_SYSTEM/RTL/UART/UART_TX/parity_checker.v'.
===============================================================================
|    Register Name    |   Type    | Width | Bus | MB | AR | AS | SR | SS | ST |
===============================================================================
|     parity_reg      | Flip-flop |   1   |  N  | N  | Y  | N  | N  | N  | N  |
===============================================================================
Presto compilation completed successfully.
Information: Building the design 'MUX'. (HDL-193)

Statistics for case statements in always block at line 3 in file
	'/home/IC/Labs/FINAL_SYSTEM/RTL/UART/UART_TX/MUX.v'
===============================================
|           Line           |  full/ parallel  |
===============================================
|            5             |    auto/auto     |
===============================================

Inferred memory devices in process
	in routine MUX line 13 in file
		'/home/IC/Labs/FINAL_SYSTEM/RTL/UART/UART_TX/MUX.v'.
===============================================================================
|    Register Name    |   Type    | Width | Bus | MB | AR | AS | SR | SS | ST |
===============================================================================
|     TX_OUT_reg      | Flip-flop |   1   |  N  | N  | N  | Y  | N  | N  | N  |
===============================================================================
Presto compilation completed successfully.
1
###################### Defining toplevel ###################################
current_design $top_module
Current design is 'SYS_TOP_dft'.
{SYS_TOP_dft}
#################### Liniking All The Design Parts #########################
puts "###############################################"
###############################################
puts "######## Liniking All The Design Parts ########"
######## Liniking All The Design Parts ########
puts "###############################################"
###############################################
link 

  Linking design 'SYS_TOP_dft'
  Using the following designs and libraries:
  --------------------------------------------------------------------------
  * (30 designs)              /home/IC/Labs/FINAL_SYSTEM/DFT/SYS_TOP_dft.db, etc
  scmetro_tsmc_cl013g_rvt_ss_1p08v_125c (library) /home/IC/tsmc_fb_cl013g_sc/aci/sc-m/synopsys/scmetro_tsmc_cl013g_rvt_ss_1p08v_125c.db
  scmetro_tsmc_cl013g_rvt_tt_1p2v_25c (library) /home/IC/tsmc_fb_cl013g_sc/aci/sc-m/synopsys/scmetro_tsmc_cl013g_rvt_tt_1p2v_25c.db
  scmetro_tsmc_cl013g_rvt_ff_1p32v_m40c (library) /home/IC/tsmc_fb_cl013g_sc/aci/sc-m/synopsys/scmetro_tsmc_cl013g_rvt_ff_1p32v_m40c.db

1
#################### Liniking All The Design Parts #########################
puts "###############################################"
###############################################
puts "######## checking design consistency ##########"
######## checking design consistency ##########
puts "###############################################"
###############################################
check_design >> reports/check_design.rpt
#################### Define Design Constraints #########################
puts "###############################################"
###############################################
puts "############ Design Constraints #### ##########"
############ Design Constraints #### ##########
puts "###############################################"
###############################################
source -echo ./cons.tcl
####################################################################################
# Constraints
# ----------------------------------------------------------------------------
#
# 0. Design Compiler variables
#
# 1. Master Clock Definitions
#
# 2. Generated Clock Definitions
#
# 3. Clock Uncertainties
#
# 4. Clock Latencies 
#
# 5. Clock Relationships
#
# 6. #set input/output delay on ports
#
# 7. Driving cells
#
# 8. Output load
####################################################################################
#########################################################
#### Section 0 : DC Variables ####
#########################################################
#################################################################################### 
# Prevent assign statements in the generated netlist (must be applied before compile command)
set_fix_multiple_port_nets -all -buffer_constants -feedthroughs
####################################################################################
#########################################################
#### Section 1 : Clock Definition ####
#########################################################
#################################################################################### 
# 1. Master Clock Definitions 
# 2. Generated Clock Definitions
# 3. Clock Latencies
# 4. Clock Uncertainties
# 4. Clock Transitions
####################################################################################
#################################################################################### 
# 1. Master Clock Definitions 
#################################################################################### 
set CLK_SETUP_SKEW 0.2
set CLK_HOLD_SKEW 0.1
set CLK_RISE 0.1
set CLK_FALL 0.1
set REF_CLK_PER 20
set UART_CLK_PER 271.26736
create_clock -name UART_DOMAIN -period $UART_CLK_PER -waveform "0 [expr $UART_CLK_PER/2]" [get_ports UART_CLK]
set_clock_uncertainty -setup $CLK_SETUP_SKEW [get_clocks UART_DOMAIN]
set_clock_uncertainty -hold $CLK_HOLD_SKEW  [get_clocks UART_DOMAIN]
set_clock_transition -rise $CLK_RISE  [get_clocks UART_DOMAIN]
set_clock_transition -fall $CLK_FALL  [get_clocks UART_DOMAIN]
create_clock -name REF_DOMAIN -period $REF_CLK_PER -waveform "0 [expr $REF_CLK_PER/2]" [get_ports REF_CLK]
set_clock_uncertainty -setup $CLK_SETUP_SKEW [get_clocks REF_DOMAIN]
set_clock_uncertainty -hold $CLK_HOLD_SKEW  [get_clocks REF_DOMAIN]
set_clock_transition -rise $CLK_RISE  [get_clocks REF_DOMAIN]
set_clock_transition -fall $CLK_FALL  [get_clocks REF_DOMAIN]
set_dont_touch_network [get_clocks {UART_DOMAIN REF_DOMAIN}]
set CLK_NAME_1 scan_clock
set CLK_PER_1 20
set CLK_SETUP_SKEW_1 0.2
set CLK_HOLD_SKEW_1 0.1
set CLK_LAT 0
set CLK_RISE_1 0.1
set CLK_FALL_1 0.1
create_clock -name $CLK_NAME_1 -period $CLK_PER_1 -waveform "0 [expr $CLK_PER_1/2]" [get_ports scan_clk]
set_clock_uncertainty -setup $CLK_SETUP_SKEW_1 [get_clocks $CLK_NAME_1]
set_clock_uncertainty -hold $CLK_HOLD_SKEW_1  [get_clocks $CLK_NAME_1]
set_clock_transition -rise $CLK_RISE_1  [get_clocks $CLK_NAME_1]
set_clock_transition -fall $CLK_FALL_1  [get_clocks $CLK_NAME_1]
set_clock_latency $CLK_LAT [get_clocks $CLK_NAME_1]
set_dont_touch_network [get_clocks $CLK_NAME_1]
#################################################################################### 
# 2. Generated Clock Definitions
#################################################################################### 
create_generated_clock -master_clock UART_DOMAIN  -source [get_ports UART_CLK] -name "TX_CLK"      -divide_by 32 [get_port TX_CLK_DIV/o_div_clk]
create_generated_clock -master_clock UART_DOMAIN  -source [get_ports UART_CLK] -name "RX_CLK"      -divide_by 1 [get_port RX_CLK_DIV/o_div_clk]
create_generated_clock -master_clock REF_DOMAIN   -source [get_ports REF_CLK]  -name "Gated_Clock" -divide_by 1 [get_port ALU_GATING_CLK/GATED_CLK]
#################################################################################### 
# 3. Clock Latencies
#################################################################################### 
#################################################################################### 
# 4. Clock Uncertainties
#################################################################################### 
set_clock_uncertainty -setup $CLK_SETUP_SKEW [get_clocks TX_CLK]
set_clock_uncertainty -hold $CLK_HOLD_SKEW   [get_clocks TX_CLK]
set_clock_uncertainty -setup $CLK_SETUP_SKEW [get_clocks RX_CLK]
set_clock_uncertainty -hold $CLK_HOLD_SKEW   [get_clocks RX_CLK]
set_clock_uncertainty -setup $CLK_SETUP_SKEW [get_clocks Gated_Clock]
set_clock_uncertainty -hold $CLK_HOLD_SKEW   [get_clocks Gated_Clock]
#################################################################################### 
# 4. Clock Transitions 
#################################################################################### 
set_clock_transition -rise $CLK_RISE  [get_clocks TX_CLK]
set_clock_transition -fall $CLK_FALL  [get_clocks TX_CLK]
set_clock_transition -rise $CLK_RISE  [get_clocks RX_CLK]
set_clock_transition -fall $CLK_FALL  [get_clocks RX_CLK]
set_clock_transition -rise $CLK_RISE  [get_clocks Gated_Clock]
set_clock_transition -fall $CLK_FALL  [get_clocks Gated_Clock]
####################################################################################
#########################################################
#### Section 2 : Clocks Relationship ####
#########################################################
####################################################################################
set_clock_groups -asynchronous -group [get_clocks "UART_DOMAIN TX_CLK RX_CLK"] -group [get_clocks "REF_DOMAIN Gated_Clock"]
set_clock_groups -asynchronous -group [get_clocks "$CLK_NAME_1"] -group [get_clocks "REF_DOMAIN Gated_Clock"]
set_clock_groups -asynchronous -group [get_clocks "UART_DOMAIN TX_CLK RX_CLK"] -group [get_clocks "$CLK_NAME_1"]
####################################################################################
#########################################################
#### Section 3 : #set input/output delay on ports ####
#########################################################
####################################################################################
set in_delay  [expr 0.2*$UART_CLK_PER]
set out_delay [expr 0.2*$UART_CLK_PER]
#Constrain Input Paths
set_input_delay $in_delay -clock RX_CLK [get_ports UART_RX_IN]
#Constrain Output Paths
set_output_delay $out_delay -clock TX_CLK      [get_ports UART_TX_O]
set_output_delay $out_delay -clock TX_CLK      [get_ports parity_error]
set_output_delay $out_delay -clock TX_CLK      [get_ports framing_error]
set in_delay_1  [expr 0.2*$CLK_PER_1]
set out_delay_1 [expr 0.2*$CLK_PER_1]
#Constrain Scan Input Paths
set_input_delay $in_delay_1 -clock $CLK_NAME_1 [get_port SI]
set_input_delay $in_delay_1 -clock $CLK_NAME_1 [get_port SE]
set_input_delay $in_delay_1 -clock $CLK_NAME_1 [get_port test_mode]
#Constrain Scan Output Paths
set_output_delay $out_delay_1 -clock $CLK_NAME_1 [get_port SO]
####################################################################################
#########################################################
#### Section 4 : Driving cells ####
#########################################################
####################################################################################
set_driving_cell -library scmetro_tsmc_cl013g_rvt_ss_1p08v_125c -lib_cell BUFX2M -pin Y [get_port UART_RX_IN]
Warning: Design rule attributes from the driving cell will be
	set on the port. (UID-401)
set_driving_cell -library scmetro_tsmc_cl013g_rvt_ss_1p08v_125c -lib_cell BUFX2M -pin Y [get_port REF_CLK]
Warning: Design rule attributes from the driving cell will be
	set on the port. (UID-401)
set_driving_cell -library scmetro_tsmc_cl013g_rvt_ss_1p08v_125c -lib_cell BUFX2M -pin Y [get_port UART_CLK]
Warning: Design rule attributes from the driving cell will be
	set on the port. (UID-401)
set_driving_cell -library scmetro_tsmc_cl013g_rvt_ss_1p08v_125c -lib_cell BUFX2M -pin Y [get_port RST_N]
Warning: Design rule attributes from the driving cell will be
	set on the port. (UID-401)
####################################################################################
#########################################################
#### Section 5 : Output load ####
#########################################################
####################################################################################
set_load 0.5 [get_ports UART_TX_O]
set_load 0.5 [get_ports parity_error]
set_load 0.5 [get_ports framing_error]
####################################################################################
#########################################################
#### Section 6 : Operating Condition ####
#########################################################
####################################################################################
# Define the Worst Library for Max(#setup) analysis
# Define the Best Library for Min(hold) analysis
set_operating_conditions -min_library "scmetro_tsmc_cl013g_rvt_ff_1p32v_m40c"  -min "scmetro_tsmc_cl013g_rvt_ff_1p32v_m40c"  -max_library "scmetro_tsmc_cl013g_rvt_ss_1p08v_125c"  -max "scmetro_tsmc_cl013g_rvt_ss_1p08v_125c"
Using operating conditions 'scmetro_tsmc_cl013g_rvt_ss_1p08v_125c' found in library 'scmetro_tsmc_cl013g_rvt_ss_1p08v_125c'.
Using operating conditions 'scmetro_tsmc_cl013g_rvt_ff_1p32v_m40c' found in library 'scmetro_tsmc_cl013g_rvt_ff_1p32v_m40c'.
####################################################################################
#########################################################
#### Section 7 : wireload Model ####
#########################################################
####################################################################################
####################################################################################
#########################################################
#### Section 8 : set_case_analysis ####
#########################################################
####################################################################################
####################################################################################
#################### Archirecture Scan Chains #########################
puts "###############################################"
###############################################
puts "############ Configure scan chains ############"
############ Configure scan chains ############
puts "###############################################"
###############################################
set_scan_configuration -clock_mixing no_mix -style multiplexed_flip_flop -replace true -max_length 100
Accepted scan configuration for modes: all_dft
1
###################### Mapping and optimization ########################
puts "###############################################"
###############################################
puts "########## Mapping & Optimization #############"
########## Mapping & Optimization #############
puts "###############################################"
###############################################
compile -scan
Information: Choosing a test methodology will restrict the optimization of sequential cells. (UIO-12)
Information: Evaluating DesignWare library utilization. (UISN-27)

============================================================================
| DesignWare Building Block Library  |         Version         | Available |
============================================================================
| Basic DW Building Blocks           | K-2015.06-DWBB_201506.0 |     *     |
| Licensed DW Building Blocks        |                         |           |
============================================================================


Information: There are 31 potential problems in your design. Please run 'check_design' for more information. (LINT-99)


Warning: Operating condition scmetro_tsmc_cl013g_rvt_ss_1p08v_125c set on design SYS_TOP_dft has different process,
voltage and temperatures parameters than the parameters at which target library 
scmetro_tsmc_cl013g_rvt_tt_1p2v_25c is characterized. Delays may be inaccurate as a result. (OPT-998)

  Beginning Pass 1 Mapping
  ------------------------
  Processing 'CLK_GATING'
  Processing 'ALU_16_bit_OPERAND_WIDTH8_OPCODE_WIDTH4_RESULT_WIDTH16'
  Processing 'RAM'
  Processing 'SYS_CTRL'
  Processing 'MUX'
  Processing 'parity_checker'
  Processing 'Serializer'
  Processing 'FSM'
  Processing 'UART_TX'
  Processing 'parity_check'
  Processing 'deserializer'
  Processing 'data_sampling'
  Processing 'edge_bit_counter'
  Processing 'FSM_RX'
  Processing 'stop_check'
  Processing 'start_check'
  Processing 'UART_RX'
  Processing 'UART_TOP'
  Processing 'ClkDiv_0'
  Processing 'CLKDIV_MUX'
  Processing 'PULSE_GEN'
  Processing 'fifo_memory_data_width8'
  Processing 'data_sync_fifo_0'
  Processing 'fifo_rptr_empty'
  Processing 'fifo_wptr_full'
  Processing 'fifo_top_width8'
  Processing 'Data_Sync_NUM_STAGES2_BUS_WIDTH8'
  Processing 'RST_Sync_NUM_STAGES2_0'
  Processing 'mux2X1_0'
  Processing 'mux2X1_1'
  Processing 'SYS_TOP_dft'

  Updating timing information
Information: Updating design information... (UID-85)
Information: There are 315 clock pins driven by multiple clocks, and some of them are driven by up-to 2 clocks. (TIM-099)

  Beginning Implementation Selection
  ----------------------------------
  Processing 'ALU_16_bit_OPERAND_WIDTH8_OPCODE_WIDTH4_RESULT_WIDTH16_DW_div_uns_0'
  Processing 'ALU_16_bit_OPERAND_WIDTH8_OPCODE_WIDTH4_RESULT_WIDTH16_DW01_sub_0'
  Processing 'ALU_16_bit_OPERAND_WIDTH8_OPCODE_WIDTH4_RESULT_WIDTH16_DW01_add_0'
  Processing 'ALU_16_bit_OPERAND_WIDTH8_OPCODE_WIDTH4_RESULT_WIDTH16_DW01_cmp6_0'
  Processing 'data_sampling_DW01_cmp6_0'
  Processing 'data_sampling_DW01_add_0'
  Processing 'data_sampling_DW01_cmp6_1'
  Processing 'data_sampling_DW01_add_1'
  Processing 'data_sampling_DW01_cmp6_2'
  Processing 'data_sampling_DW01_inc_0'
  Processing 'data_sampling_DW01_cmp6_3'
  Processing 'data_sampling_DW01_cmp6_4'
  Processing 'data_sampling_DW01_dec_0'
  Processing 'edge_bit_counter_DW01_inc_0'
  Processing 'edge_bit_counter_DW01_cmp2_0'
  Processing 'edge_bit_counter_DW01_dec_0'
  Processing 'FSM_RX_DW01_cmp6_0'
  Processing 'FSM_RX_DW01_dec_0'
  Processing 'FSM_RX_DW01_cmp6_1'
  Processing 'FSM_RX_DW01_add_0'
  Processing 'FSM_RX_DW01_cmp6_2'
  Processing 'FSM_RX_DW01_add_1'
  Processing 'FSM_RX_DW01_cmp6_3'
  Processing 'FSM_RX_DW01_add_2'
  Processing 'FSM_RX_DW01_cmp2_0'
  Processing 'FSM_RX_DW01_inc_0'
  Processing 'FSM_RX_DW01_cmp2_1'
  Processing 'FSM_RX_DW01_dec_1'
  Processing 'ClkDiv_1_DW01_inc_0'
  Processing 'ClkDiv_1_DW01_cmp6_0'
  Processing 'ClkDiv_1_DW01_cmp6_1'
  Processing 'ClkDiv_1_DW01_dec_0'
  Processing 'ClkDiv_0_DW01_inc_0'
  Processing 'ClkDiv_0_DW01_cmp6_0'
  Processing 'ClkDiv_0_DW01_cmp6_1'
  Processing 'ClkDiv_0_DW01_dec_0'
  Processing 'ALU_16_bit_OPERAND_WIDTH8_OPCODE_WIDTH4_RESULT_WIDTH16_DW02_mult_0'
  Processing 'ALU_16_bit_OPERAND_WIDTH8_OPCODE_WIDTH4_RESULT_WIDTH16_DW01_add_1'
Information: There are 315 clock pins driven by multiple clocks, and some of them are driven by up-to 2 clocks. (TIM-099)

  Beginning Mapping Optimizations  (Medium effort)
  -------------------------------
  Mapping Optimization (Phase 1)

                                  TOTAL                                      
   ELAPSED            WORST NEG   SETUP    DESIGN                            
    TIME      AREA      SLACK     COST    RULE COST         ENDPOINT         
  --------- --------- --------- --------- --------- -------------------------
    0:00:05   49616.7      0.00       0.0       4.1                          
    0:00:05   49616.7      0.00       0.0       4.1                          
    0:00:05   49616.7      0.00       0.0       4.1                          
    0:00:06   49616.7      0.00       0.0       4.1                          
    0:00:06   49616.7      0.00       0.0       4.1                          
    0:00:06   25694.4      0.00       0.0       0.0                          
    0:00:06   25641.5      0.00       0.0       0.0                          
    0:00:07   25641.5      0.00       0.0       0.0                          
    0:00:07   25641.5      0.00       0.0       0.0                          
    0:00:07   25641.5      0.00       0.0       0.0                          
    0:00:07   25641.5      0.00       0.0       0.0                          
    0:00:07   25641.5      0.00       0.0       0.0                          
    0:00:07   25641.5      0.00       0.0       0.0                          
    0:00:07   25641.5      0.00       0.0       0.0                          



  Beginning Delay Optimization Phase
  ----------------------------------

                                  TOTAL                                      
   ELAPSED            WORST NEG   SETUP    DESIGN                            
    TIME      AREA      SLACK     COST    RULE COST         ENDPOINT         
  --------- --------- --------- --------- --------- -------------------------
    0:00:07   25641.5      0.00       0.0       0.0                          
    0:00:07   25641.5      0.00       0.0       0.0                          
    0:00:07   25602.6      0.00       0.0      10.5                          
    0:00:08   25602.6      0.00       0.0      10.5                          


  Beginning Design Rule Fixing  (max_transition)  (max_capacitance)
  ----------------------------

                                  TOTAL                                      
   ELAPSED            WORST NEG   SETUP    DESIGN                            
    TIME      AREA      SLACK     COST    RULE COST         ENDPOINT         
  --------- --------- --------- --------- --------- -------------------------
    0:00:08   25602.6      0.00       0.0      10.5                          
    0:00:08   25632.1      0.00       0.0       0.0                          


  Beginning Area-Recovery Phase  (cleanup)
  -----------------------------

                                  TOTAL                                      
   ELAPSED            WORST NEG   SETUP    DESIGN                            
    TIME      AREA      SLACK     COST    RULE COST         ENDPOINT         
  --------- --------- --------- --------- --------- -------------------------
    0:00:08   25632.1      0.00       0.0       0.0                          
    0:00:08   25632.1      0.00       0.0       0.0                          
    0:00:08   25508.5      0.00       0.0       0.0                          
    0:00:08   25473.2      0.00       0.0       0.0                          
    0:00:08   25455.6      0.00       0.0       0.0                          
    0:00:08   25440.3      0.00       0.0       0.0                          
    0:00:08   25436.7      0.00       0.0       0.0                          
    0:00:08   25436.7      0.00       0.0       0.0                          
    0:00:08   25436.7      0.00       0.0       0.0                          
    0:00:08   25436.7      0.00       0.0       0.0                          
    0:00:08   25436.7      0.00       0.0       0.0                          
    0:00:08   25436.7      0.00       0.0       0.0                          
    0:00:08   25436.7      0.00       0.0       0.0                          
    0:00:08   25436.7      0.00       0.0       0.0                          
    0:00:08   25454.4      0.00       0.0       0.0                          
Loading db file '/home/IC/tsmc_fb_cl013g_sc/aci/sc-m/synopsys/scmetro_tsmc_cl013g_rvt_ss_1p08v_125c.db'
Loading db file '/home/IC/tsmc_fb_cl013g_sc/aci/sc-m/synopsys/scmetro_tsmc_cl013g_rvt_tt_1p2v_25c.db'
Loading db file '/home/IC/tsmc_fb_cl013g_sc/aci/sc-m/synopsys/scmetro_tsmc_cl013g_rvt_ff_1p32v_m40c.db'


Note: Symbol # after min delay cost means estimated hold TNS across all active scenarios 


  Optimization Complete
  ---------------------
1
################################################################### 
# Setting Test Timing Variables
################################################################### 
# Preclock Measure Protocol (default protocol)
set test_default_period 100
100
set test_default_delay 0
0
set test_default_bidir_delay 0
0
set test_default_strobe 20
20
set test_default_strobe_width 0
0
########################## Define DFT Signals ##########################
set_dft_signal -port [get_ports scan_clk]  -type ScanClock   -view existing_dft -timing {30 60}
Accepted dft signal specification for modes: all_dft
1
set_dft_signal -port [get_ports scan_rst]  -type Reset       -view existing_dft -active_state 0
Accepted dft signal specification for modes: all_dft
1
set_dft_signal -port [get_ports test_mode] -type Constant    -view existing_dft -active_state 1
Accepted dft signal specification for modes: all_dft
1
set_dft_signal -port [get_ports test_mode] -type TestMode    -view spec         -active_state 1
Accepted dft signal specification for modes: all_dft
1
set_dft_signal -port [get_ports SE]        -type ScanEnable  -view spec         -active_state 1 -usage scan
Accepted dft signal specification for modes: all_dft
1
set_dft_signal -port [get_ports SI]        -type ScanDataIn  -view spec 
Accepted dft signal specification for modes: all_dft
1
set_dft_signal -port [get_ports SO]        -type ScanDataOut -view spec 
Accepted dft signal specification for modes: all_dft
1
############################# Create Test Protocol #####################
create_test_protocol
In mode: all_dft...

Information: Starting test protocol creation. (TEST-219)
  ...reading user specified clock signals...
Information: Identified system/test clock port scan_clk (30.0,60.0). (TEST-265)
  ...reading user specified asynchronous signals...
Information: Identified active low asynchronous control port scan_rst. (TEST-266)
1
###################### Pre-DFT Design Rule Checking ####################
dft_drc -verbose
In mode: all_dft...
  Pre-DFT DRC enabled
Information: There are 315 clock pins driven by multiple clocks, and some of them are driven by up-to 2 clocks. (TIM-099)

Information: Starting test design rule checking. (TEST-222)
  Loading test protocol
  ...basic checks...
  ...basic sequential cell checks...
  	...checking for scan equivalents...
  ...checking vector rules...
  ...checking pre-dft rules...

-----------------------------------------------------------------
Begin Pre-DFT violations...

 Warning: Clock scan_rst connects to data input (D) of DFF CTRL_UNIT/current_reg[0]. (D10-1)
 Warning: Clock scan_rst connects to data input (D) of DFF CTRL_UNIT/current_reg[3]. (D10-2)
 Warning: Clock scan_rst connects to data input (D) of DFF CTRL_UNIT/current_reg[2]. (D10-3)
 Warning: Clock scan_rst connects to data input (D) of DFF CTRL_UNIT/current_reg[1]. (D10-4)
 Warning: Clock scan_rst connects to data input (D) of DFF REG_FILE/Reg_File_reg[3][0]. (D10-5)
 Warning: Clock scan_rst connects to data input (D) of DFF REG_FILE/Reg_File_reg[13][7]. (D10-6)
 Warning: Clock scan_rst connects to data input (D) of DFF REG_FILE/Reg_File_reg[13][6]. (D10-7)
 Warning: Clock scan_rst connects to data input (D) of DFF REG_FILE/Reg_File_reg[13][5]. (D10-8)
 Warning: Clock scan_rst connects to data input (D) of DFF REG_FILE/Reg_File_reg[13][4]. (D10-9)
 Warning: Clock scan_rst connects to data input (D) of DFF REG_FILE/Reg_File_reg[13][3]. (D10-10)
 Warning: Clock scan_rst connects to data input (D) of DFF REG_FILE/Reg_File_reg[13][2]. (D10-11)
 Warning: Clock scan_rst connects to data input (D) of DFF REG_FILE/Reg_File_reg[13][1]. (D10-12)
 Warning: Clock scan_rst connects to data input (D) of DFF REG_FILE/Reg_File_reg[13][0]. (D10-13)
 Warning: Clock scan_rst connects to data input (D) of DFF REG_FILE/Reg_File_reg[9][7]. (D10-14)
 Warning: Clock scan_rst connects to data input (D) of DFF REG_FILE/Reg_File_reg[9][6]. (D10-15)
 Warning: Clock scan_rst connects to data input (D) of DFF REG_FILE/Reg_File_reg[9][5]. (D10-16)
 Warning: Clock scan_rst connects to data input (D) of DFF REG_FILE/Reg_File_reg[9][4]. (D10-17)
 Warning: Clock scan_rst connects to data input (D) of DFF REG_FILE/Reg_File_reg[9][3]. (D10-18)
 Warning: Clock scan_rst connects to data input (D) of DFF REG_FILE/Reg_File_reg[9][2]. (D10-19)
 Warning: Clock scan_rst connects to data input (D) of DFF REG_FILE/Reg_File_reg[9][1]. (D10-20)
 Warning: Clock scan_rst connects to data input (D) of DFF REG_FILE/Reg_File_reg[9][0]. (D10-21)
 Warning: Clock scan_rst connects to data input (D) of DFF REG_FILE/Reg_File_reg[5][7]. (D10-22)
 Warning: Clock scan_rst connects to data input (D) of DFF REG_FILE/Reg_File_reg[5][6]. (D10-23)
 Warning: Clock scan_rst connects to data input (D) of DFF REG_FILE/Reg_File_reg[5][5]. (D10-24)
 Warning: Clock scan_rst connects to data input (D) of DFF REG_FILE/Reg_File_reg[5][4]. (D10-25)
 Warning: Clock scan_rst connects to data input (D) of DFF REG_FILE/Reg_File_reg[5][3]. (D10-26)
 Warning: Clock scan_rst connects to data input (D) of DFF REG_FILE/Reg_File_reg[5][2]. (D10-27)
 Warning: Clock scan_rst connects to data input (D) of DFF REG_FILE/Reg_File_reg[5][1]. (D10-28)
 Warning: Clock scan_rst connects to data input (D) of DFF REG_FILE/Reg_File_reg[5][0]. (D10-29)
 Warning: Clock scan_rst connects to data input (D) of DFF REG_FILE/Reg_File_reg[15][7]. (D10-30)
 Warning: Clock scan_rst connects to data input (D) of DFF REG_FILE/Reg_File_reg[15][6]. (D10-31)
 Warning: Clock scan_rst connects to data input (D) of DFF REG_FILE/Reg_File_reg[15][5]. (D10-32)
 Warning: Clock scan_rst connects to data input (D) of DFF REG_FILE/Reg_File_reg[15][4]. (D10-33)
 Warning: Clock scan_rst connects to data input (D) of DFF REG_FILE/Reg_File_reg[15][3]. (D10-34)
 Warning: Clock scan_rst connects to data input (D) of DFF REG_FILE/Reg_File_reg[15][2]. (D10-35)
 Warning: Clock scan_rst connects to data input (D) of DFF REG_FILE/Reg_File_reg[15][1]. (D10-36)
 Warning: Clock scan_rst connects to data input (D) of DFF REG_FILE/Reg_File_reg[15][0]. (D10-37)
 Warning: Clock scan_rst connects to data input (D) of DFF REG_FILE/Reg_File_reg[11][7]. (D10-38)
 Warning: Clock scan_rst connects to data input (D) of DFF REG_FILE/Reg_File_reg[11][6]. (D10-39)
 Warning: Clock scan_rst connects to data input (D) of DFF REG_FILE/Reg_File_reg[11][5]. (D10-40)
 Warning: Clock scan_rst connects to data input (D) of DFF REG_FILE/Reg_File_reg[11][4]. (D10-41)
 Warning: Clock scan_rst connects to data input (D) of DFF REG_FILE/Reg_File_reg[11][3]. (D10-42)
 Warning: Clock scan_rst connects to data input (D) of DFF REG_FILE/Reg_File_reg[11][2]. (D10-43)
 Warning: Clock scan_rst connects to data input (D) of DFF REG_FILE/Reg_File_reg[11][1]. (D10-44)
 Warning: Clock scan_rst connects to data input (D) of DFF REG_FILE/Reg_File_reg[11][0]. (D10-45)
 Warning: Clock scan_rst connects to data input (D) of DFF REG_FILE/Reg_File_reg[7][7]. (D10-46)
 Warning: Clock scan_rst connects to data input (D) of DFF REG_FILE/Reg_File_reg[7][6]. (D10-47)
 Warning: Clock scan_rst connects to data input (D) of DFF REG_FILE/Reg_File_reg[7][5]. (D10-48)
 Warning: Clock scan_rst connects to data input (D) of DFF REG_FILE/Reg_File_reg[7][4]. (D10-49)
 Warning: Clock scan_rst connects to data input (D) of DFF REG_FILE/Reg_File_reg[7][3]. (D10-50)
 Warning: Clock scan_rst connects to data input (D) of DFF REG_FILE/Reg_File_reg[7][2]. (D10-51)
 Warning: Clock scan_rst connects to data input (D) of DFF REG_FILE/Reg_File_reg[7][1]. (D10-52)
 Warning: Clock scan_rst connects to data input (D) of DFF REG_FILE/Reg_File_reg[7][0]. (D10-53)
 Warning: Clock scan_rst connects to data input (D) of DFF REG_FILE/Reg_File_reg[14][7]. (D10-54)
 Warning: Clock scan_rst connects to data input (D) of DFF REG_FILE/Reg_File_reg[14][6]. (D10-55)
 Warning: Clock scan_rst connects to data input (D) of DFF REG_FILE/Reg_File_reg[14][5]. (D10-56)
 Warning: Clock scan_rst connects to data input (D) of DFF REG_FILE/Reg_File_reg[14][4]. (D10-57)
 Warning: Clock scan_rst connects to data input (D) of DFF REG_FILE/Reg_File_reg[14][3]. (D10-58)
 Warning: Clock scan_rst connects to data input (D) of DFF REG_FILE/Reg_File_reg[14][2]. (D10-59)
 Warning: Clock scan_rst connects to data input (D) of DFF REG_FILE/Reg_File_reg[14][1]. (D10-60)
 Warning: Clock scan_rst connects to data input (D) of DFF REG_FILE/Reg_File_reg[14][0]. (D10-61)
 Warning: Clock scan_rst connects to data input (D) of DFF REG_FILE/Reg_File_reg[10][7]. (D10-62)
 Warning: Clock scan_rst connects to data input (D) of DFF REG_FILE/Reg_File_reg[10][6]. (D10-63)
 Warning: Clock scan_rst connects to data input (D) of DFF REG_FILE/Reg_File_reg[10][5]. (D10-64)
 Warning: Clock scan_rst connects to data input (D) of DFF REG_FILE/Reg_File_reg[10][4]. (D10-65)
 Warning: Clock scan_rst connects to data input (D) of DFF REG_FILE/Reg_File_reg[10][3]. (D10-66)
 Warning: Clock scan_rst connects to data input (D) of DFF REG_FILE/Reg_File_reg[10][2]. (D10-67)
 Warning: Clock scan_rst connects to data input (D) of DFF REG_FILE/Reg_File_reg[10][1]. (D10-68)
 Warning: Clock scan_rst connects to data input (D) of DFF REG_FILE/Reg_File_reg[10][0]. (D10-69)
 Warning: Clock scan_rst connects to data input (D) of DFF REG_FILE/Reg_File_reg[6][7]. (D10-70)
 Warning: Clock scan_rst connects to data input (D) of DFF REG_FILE/Reg_File_reg[6][6]. (D10-71)
 Warning: Clock scan_rst connects to data input (D) of DFF REG_FILE/Reg_File_reg[6][5]. (D10-72)
 Warning: Clock scan_rst connects to data input (D) of DFF REG_FILE/Reg_File_reg[6][4]. (D10-73)
 Warning: Clock scan_rst connects to data input (D) of DFF REG_FILE/Reg_File_reg[6][3]. (D10-74)
 Warning: Clock scan_rst connects to data input (D) of DFF REG_FILE/Reg_File_reg[6][2]. (D10-75)
 Warning: Clock scan_rst connects to data input (D) of DFF REG_FILE/Reg_File_reg[6][1]. (D10-76)
 Warning: Clock scan_rst connects to data input (D) of DFF REG_FILE/Reg_File_reg[6][0]. (D10-77)
 Warning: Clock scan_rst connects to data input (D) of DFF REG_FILE/Reg_File_reg[12][7]. (D10-78)
 Warning: Clock scan_rst connects to data input (D) of DFF REG_FILE/Reg_File_reg[12][6]. (D10-79)
 Warning: Clock scan_rst connects to data input (D) of DFF REG_FILE/Reg_File_reg[12][5]. (D10-80)
 Warning: Clock scan_rst connects to data input (D) of DFF REG_FILE/Reg_File_reg[12][4]. (D10-81)
 Warning: Clock scan_rst connects to data input (D) of DFF REG_FILE/Reg_File_reg[12][3]. (D10-82)
 Warning: Clock scan_rst connects to data input (D) of DFF REG_FILE/Reg_File_reg[12][2]. (D10-83)
 Warning: Clock scan_rst connects to data input (D) of DFF REG_FILE/Reg_File_reg[12][1]. (D10-84)
 Warning: Clock scan_rst connects to data input (D) of DFF REG_FILE/Reg_File_reg[12][0]. (D10-85)
 Warning: Clock scan_rst connects to data input (D) of DFF REG_FILE/Reg_File_reg[8][7]. (D10-86)
 Warning: Clock scan_rst connects to data input (D) of DFF REG_FILE/Reg_File_reg[8][6]. (D10-87)
 Warning: Clock scan_rst connects to data input (D) of DFF REG_FILE/Reg_File_reg[8][5]. (D10-88)
 Warning: Clock scan_rst connects to data input (D) of DFF REG_FILE/Reg_File_reg[8][4]. (D10-89)
 Warning: Clock scan_rst connects to data input (D) of DFF REG_FILE/Reg_File_reg[8][3]. (D10-90)
 Warning: Clock scan_rst connects to data input (D) of DFF REG_FILE/Reg_File_reg[8][2]. (D10-91)
 Warning: Clock scan_rst connects to data input (D) of DFF REG_FILE/Reg_File_reg[8][1]. (D10-92)
 Warning: Clock scan_rst connects to data input (D) of DFF REG_FILE/Reg_File_reg[8][0]. (D10-93)
 Warning: Clock scan_rst connects to data input (D) of DFF REG_FILE/Reg_File_reg[4][7]. (D10-94)
 Warning: Clock scan_rst connects to data input (D) of DFF REG_FILE/Reg_File_reg[4][6]. (D10-95)
 Warning: Clock scan_rst connects to data input (D) of DFF REG_FILE/Reg_File_reg[4][5]. (D10-96)
 Warning: Clock scan_rst connects to data input (D) of DFF REG_FILE/Reg_File_reg[4][4]. (D10-97)
 Warning: Clock scan_rst connects to data input (D) of DFF REG_FILE/Reg_File_reg[4][3]. (D10-98)
 Warning: Clock scan_rst connects to data input (D) of DFF REG_FILE/Reg_File_reg[4][2]. (D10-99)
 Warning: Clock scan_rst connects to data input (D) of DFF REG_FILE/Reg_File_reg[4][1]. (D10-100)
 Warning: Clock scan_rst connects to data input (D) of DFF REG_FILE/Reg_File_reg[4][0]. (D10-101)
 Warning: Clock scan_rst connects to data input (D) of DFF REG_FILE/RdData_reg[7]. (D10-102)
 Warning: Clock scan_rst connects to data input (D) of DFF REG_FILE/RdData_reg[6]. (D10-103)
 Warning: Clock scan_rst connects to data input (D) of DFF REG_FILE/RdData_reg[5]. (D10-104)
 Warning: Clock scan_rst connects to data input (D) of DFF REG_FILE/RdData_reg[4]. (D10-105)
 Warning: Clock scan_rst connects to data input (D) of DFF REG_FILE/RdData_reg[3]. (D10-106)
 Warning: Clock scan_rst connects to data input (D) of DFF REG_FILE/RdData_reg[2]. (D10-107)
 Warning: Clock scan_rst connects to data input (D) of DFF REG_FILE/RdData_reg[1]. (D10-108)
 Warning: Clock scan_rst connects to data input (D) of DFF REG_FILE/RdData_reg[0]. (D10-109)
 Warning: Clock scan_rst connects to data input (D) of DFF REG_FILE/Reg_File_reg[2][1]. (D10-110)
 Warning: Clock scan_rst connects to data input (D) of DFF REG_FILE/Reg_File_reg[2][0]. (D10-111)
 Warning: Clock scan_rst connects to data input (D) of DFF REG_FILE/Reg_File_reg[3][6]. (D10-112)
 Warning: Clock scan_rst connects to data input (D) of DFF REG_FILE/Reg_File_reg[3][7]. (D10-113)
 Warning: Clock scan_rst connects to data input (D) of DFF REG_FILE/RdData_Valid_reg. (D10-114)
 Warning: Clock scan_rst connects to data input (D) of DFF REG_FILE/Reg_File_reg[3][5]. (D10-115)
 Warning: Clock scan_rst connects to data input (D) of DFF REG_FILE/Reg_File_reg[3][4]. (D10-116)
 Warning: Clock scan_rst connects to data input (D) of DFF REG_FILE/Reg_File_reg[3][2]. (D10-117)
 Warning: Clock scan_rst connects to data input (D) of DFF REG_FILE/Reg_File_reg[3][3]. (D10-118)
 Warning: Clock scan_rst connects to data input (D) of DFF REG_FILE/Reg_File_reg[3][1]. (D10-119)
 Warning: Clock scan_rst connects to data input (D) of DFF REG_FILE/Reg_File_reg[2][5]. (D10-120)
 Warning: Clock scan_rst connects to data input (D) of DFF REG_FILE/Reg_File_reg[2][2]. (D10-121)
 Warning: Clock scan_rst connects to data input (D) of DFF REG_FILE/Reg_File_reg[0][1]. (D10-122)
 Warning: Clock scan_rst connects to data input (D) of DFF REG_FILE/Reg_File_reg[0][0]. (D10-123)
 Warning: Clock scan_rst connects to data input (D) of DFF REG_FILE/Reg_File_reg[2][6]. (D10-124)
 Warning: Clock scan_rst connects to data input (D) of DFF REG_FILE/Reg_File_reg[2][4]. (D10-125)
 Warning: Clock scan_rst connects to data input (D) of DFF REG_FILE/Reg_File_reg[2][3]. (D10-126)
 Warning: Clock scan_rst connects to data input (D) of DFF REG_FILE/Reg_File_reg[0][2]. (D10-127)
 Warning: Clock scan_rst connects to data input (D) of DFF REG_FILE/Reg_File_reg[0][3]. (D10-128)
 Warning: Clock scan_rst connects to data input (D) of DFF REG_FILE/Reg_File_reg[0][4]. (D10-129)
 Warning: Clock scan_rst connects to data input (D) of DFF REG_FILE/Reg_File_reg[0][5]. (D10-130)
 Warning: Clock scan_rst connects to data input (D) of DFF REG_FILE/Reg_File_reg[0][6]. (D10-131)
 Warning: Clock scan_rst connects to data input (D) of DFF REG_FILE/Reg_File_reg[0][7]. (D10-132)
 Warning: Clock scan_rst connects to data input (D) of DFF REG_FILE/Reg_File_reg[1][5]. (D10-133)
 Warning: Clock scan_rst connects to data input (D) of DFF REG_FILE/Reg_File_reg[1][4]. (D10-134)
 Warning: Clock scan_rst connects to data input (D) of DFF REG_FILE/Reg_File_reg[1][7]. (D10-135)
 Warning: Clock scan_rst connects to data input (D) of DFF REG_FILE/Reg_File_reg[1][1]. (D10-136)
 Warning: Clock scan_rst connects to data input (D) of DFF REG_FILE/Reg_File_reg[1][3]. (D10-137)
 Warning: Clock scan_rst connects to data input (D) of DFF REG_FILE/Reg_File_reg[1][2]. (D10-138)
 Warning: Clock scan_rst connects to data input (D) of DFF REG_FILE/Reg_File_reg[1][6]. (D10-139)
 Warning: Clock scan_rst connects to data input (D) of DFF REG_FILE/Reg_File_reg[1][0]. (D10-140)
 Warning: Clock scan_rst connects to data input (D) of DFF REG_FILE/Reg_File_reg[2][7]. (D10-141)
 Warning: Clock scan_rst connects to data input (D) of DFF FIFO/Write_Full/internal_reg[3]. (D10-142)
 Warning: Clock scan_rst connects to data input (D) of DFF FIFO/Write_Full/internal_reg[2]. (D10-143)
 Warning: Clock scan_rst connects to data input (D) of DFF FIFO/Write_Full/internal_reg[0]. (D10-144)
 Warning: Clock scan_rst connects to data input (D) of DFF FIFO/Write_Full/internal_reg[1]. (D10-145)
 Warning: Clock scan_rst connects to data input (D) of DFF FIFO/Read_Empty/internal_reg[3]. (D10-146)
 Warning: Clock scan_rst connects to data input (D) of DFF FIFO/Read_Empty/internal_reg[2]. (D10-147)
 Warning: Clock scan_rst connects to data input (D) of DFF FIFO/Read_Empty/internal_reg[1]. (D10-148)
 Warning: Clock scan_rst connects to data input (D) of DFF FIFO/Read_Empty/internal_reg[0]. (D10-149)
 Warning: Clock scan_rst connects to data input (D) of DFF FIFO/Memory/Memory_reg[5][7]. (D10-150)
 Warning: Clock scan_rst connects to data input (D) of DFF FIFO/Memory/Memory_reg[5][6]. (D10-151)
 Warning: Clock scan_rst connects to data input (D) of DFF FIFO/Memory/Memory_reg[5][5]. (D10-152)
 Warning: Clock scan_rst connects to data input (D) of DFF FIFO/Memory/Memory_reg[5][4]. (D10-153)
 Warning: Clock scan_rst connects to data input (D) of DFF FIFO/Memory/Memory_reg[5][3]. (D10-154)
 Warning: Clock scan_rst connects to data input (D) of DFF FIFO/Memory/Memory_reg[5][2]. (D10-155)
 Warning: Clock scan_rst connects to data input (D) of DFF FIFO/Memory/Memory_reg[5][1]. (D10-156)
 Warning: Clock scan_rst connects to data input (D) of DFF FIFO/Memory/Memory_reg[5][0]. (D10-157)
 Warning: Clock scan_rst connects to data input (D) of DFF FIFO/Memory/Memory_reg[1][7]. (D10-158)
 Warning: Clock scan_rst connects to data input (D) of DFF FIFO/Memory/Memory_reg[1][6]. (D10-159)
 Warning: Clock scan_rst connects to data input (D) of DFF FIFO/Memory/Memory_reg[1][5]. (D10-160)
 Warning: Clock scan_rst connects to data input (D) of DFF FIFO/Memory/Memory_reg[1][4]. (D10-161)
 Warning: Clock scan_rst connects to data input (D) of DFF FIFO/Memory/Memory_reg[1][3]. (D10-162)
 Warning: Clock scan_rst connects to data input (D) of DFF FIFO/Memory/Memory_reg[1][2]. (D10-163)
 Warning: Clock scan_rst connects to data input (D) of DFF FIFO/Memory/Memory_reg[1][1]. (D10-164)
 Warning: Clock scan_rst connects to data input (D) of DFF FIFO/Memory/Memory_reg[1][0]. (D10-165)
 Warning: Clock scan_rst connects to data input (D) of DFF FIFO/Memory/Memory_reg[7][7]. (D10-166)
 Warning: Clock scan_rst connects to data input (D) of DFF FIFO/Memory/Memory_reg[7][6]. (D10-167)
 Warning: Clock scan_rst connects to data input (D) of DFF FIFO/Memory/Memory_reg[7][5]. (D10-168)
 Warning: Clock scan_rst connects to data input (D) of DFF FIFO/Memory/Memory_reg[7][4]. (D10-169)
 Warning: Clock scan_rst connects to data input (D) of DFF FIFO/Memory/Memory_reg[7][3]. (D10-170)
 Warning: Clock scan_rst connects to data input (D) of DFF FIFO/Memory/Memory_reg[7][2]. (D10-171)
 Warning: Clock scan_rst connects to data input (D) of DFF FIFO/Memory/Memory_reg[7][1]. (D10-172)
 Warning: Clock scan_rst connects to data input (D) of DFF FIFO/Memory/Memory_reg[7][0]. (D10-173)
 Warning: Clock scan_rst connects to data input (D) of DFF FIFO/Memory/Memory_reg[3][7]. (D10-174)
 Warning: Clock scan_rst connects to data input (D) of DFF FIFO/Memory/Memory_reg[3][6]. (D10-175)
 Warning: Clock scan_rst connects to data input (D) of DFF FIFO/Memory/Memory_reg[3][5]. (D10-176)
 Warning: Clock scan_rst connects to data input (D) of DFF FIFO/Memory/Memory_reg[3][4]. (D10-177)
 Warning: Clock scan_rst connects to data input (D) of DFF FIFO/Memory/Memory_reg[3][3]. (D10-178)
 Warning: Clock scan_rst connects to data input (D) of DFF FIFO/Memory/Memory_reg[3][2]. (D10-179)
 Warning: Clock scan_rst connects to data input (D) of DFF FIFO/Memory/Memory_reg[3][1]. (D10-180)
 Warning: Clock scan_rst connects to data input (D) of DFF FIFO/Memory/Memory_reg[3][0]. (D10-181)
 Warning: Clock scan_rst connects to data input (D) of DFF FIFO/Memory/Memory_reg[6][7]. (D10-182)
 Warning: Clock scan_rst connects to data input (D) of DFF FIFO/Memory/Memory_reg[6][6]. (D10-183)
 Warning: Clock scan_rst connects to data input (D) of DFF FIFO/Memory/Memory_reg[6][5]. (D10-184)
 Warning: Clock scan_rst connects to data input (D) of DFF FIFO/Memory/Memory_reg[6][4]. (D10-185)
 Warning: Clock scan_rst connects to data input (D) of DFF FIFO/Memory/Memory_reg[6][3]. (D10-186)
 Warning: Clock scan_rst connects to data input (D) of DFF FIFO/Memory/Memory_reg[6][2]. (D10-187)
 Warning: Clock scan_rst connects to data input (D) of DFF FIFO/Memory/Memory_reg[6][1]. (D10-188)
 Warning: Clock scan_rst connects to data input (D) of DFF FIFO/Memory/Memory_reg[6][0]. (D10-189)
 Warning: Clock scan_rst connects to data input (D) of DFF FIFO/Memory/Memory_reg[2][7]. (D10-190)
 Warning: Clock scan_rst connects to data input (D) of DFF FIFO/Memory/Memory_reg[2][6]. (D10-191)
 Warning: Clock scan_rst connects to data input (D) of DFF FIFO/Memory/Memory_reg[2][5]. (D10-192)
 Warning: Clock scan_rst connects to data input (D) of DFF FIFO/Memory/Memory_reg[2][4]. (D10-193)
 Warning: Clock scan_rst connects to data input (D) of DFF FIFO/Memory/Memory_reg[2][3]. (D10-194)
 Warning: Clock scan_rst connects to data input (D) of DFF FIFO/Memory/Memory_reg[2][2]. (D10-195)
 Warning: Clock scan_rst connects to data input (D) of DFF FIFO/Memory/Memory_reg[2][1]. (D10-196)
 Warning: Clock scan_rst connects to data input (D) of DFF FIFO/Memory/Memory_reg[2][0]. (D10-197)
 Warning: Clock scan_rst connects to data input (D) of DFF FIFO/Memory/Memory_reg[4][7]. (D10-198)
 Warning: Clock scan_rst connects to data input (D) of DFF FIFO/Memory/Memory_reg[4][6]. (D10-199)
 Warning: Clock scan_rst connects to data input (D) of DFF FIFO/Memory/Memory_reg[4][5]. (D10-200)
 Warning: Clock scan_rst connects to data input (D) of DFF FIFO/Memory/Memory_reg[4][4]. (D10-201)
 Warning: Clock scan_rst connects to data input (D) of DFF FIFO/Memory/Memory_reg[4][3]. (D10-202)
 Warning: Clock scan_rst connects to data input (D) of DFF FIFO/Memory/Memory_reg[4][2]. (D10-203)
 Warning: Clock scan_rst connects to data input (D) of DFF FIFO/Memory/Memory_reg[4][1]. (D10-204)
 Warning: Clock scan_rst connects to data input (D) of DFF FIFO/Memory/Memory_reg[4][0]. (D10-205)
 Warning: Clock scan_rst connects to data input (D) of DFF FIFO/Memory/Memory_reg[0][7]. (D10-206)
 Warning: Clock scan_rst connects to data input (D) of DFF FIFO/Memory/Memory_reg[0][6]. (D10-207)
 Warning: Clock scan_rst connects to data input (D) of DFF FIFO/Memory/Memory_reg[0][5]. (D10-208)
 Warning: Clock scan_rst connects to data input (D) of DFF FIFO/Memory/Memory_reg[0][4]. (D10-209)
 Warning: Clock scan_rst connects to data input (D) of DFF FIFO/Memory/Memory_reg[0][3]. (D10-210)
 Warning: Clock scan_rst connects to data input (D) of DFF FIFO/Memory/Memory_reg[0][2]. (D10-211)
 Warning: Clock scan_rst connects to data input (D) of DFF FIFO/Memory/Memory_reg[0][1]. (D10-212)
 Warning: Clock scan_rst connects to data input (D) of DFF FIFO/Memory/Memory_reg[0][0]. (D10-213)
 Warning: Clock scan_rst connects to data input (D) of DFF UART/RX/Sr/start_glitch_reg. (D10-214)
 Warning: Clock scan_rst connects to data input (D) of DFF UART/RX/Sp/stop_error_reg. (D10-215)
 Warning: Clock scan_rst connects to data input (D) of DFF UART/RX/DZ/P_DATA_reg[1]. (D10-216)
 Warning: Clock scan_rst connects to data input (D) of DFF UART/RX/DZ/P_DATA_reg[4]. (D10-217)
 Warning: Clock scan_rst connects to data input (D) of DFF UART/RX/DZ/P_DATA_reg[0]. (D10-218)
 Warning: Clock scan_rst connects to data input (D) of DFF UART/RX/DZ/P_DATA_reg[3]. (D10-219)
 Warning: Clock scan_rst connects to data input (D) of DFF UART/RX/DZ/P_DATA_reg[6]. (D10-220)
 Warning: Clock scan_rst connects to data input (D) of DFF UART/RX/DZ/P_DATA_reg[2]. (D10-221)
 Warning: Clock scan_rst connects to data input (D) of DFF UART/RX/DZ/P_DATA_reg[7]. (D10-222)
 Warning: Clock scan_rst connects to data input (D) of DFF UART/RX/DZ/P_DATA_reg[5]. (D10-223)
 Warning: Clock scan_rst connects to data input (D) of DFF UART/RX/P/par_error_reg. (D10-224)
 Warning: Clock scan_rst connects to data input (D) of DFF UART/TX/F1/current_state_reg[0]. (D10-225)
 Warning: Clock scan_rst connects to data input () of DFF UART/TX/S1/Ser_data_reg. (D10-226)

Pre-DFT violations completed...
-----------------------------------------------------------------

-----------------------------------------------------------------
Begin Other violations...

Warning: Cell ALU_GATING_CLK/U0_TLATNCAX4M has constant 1 value. (TEST-505)

Other violations completed...
-----------------------------------------------------------------

-----------------------------------------------------------------
  DRC Report

  Total violations: 227

-----------------------------------------------------------------

226 PRE-DFT VIOLATIONS
   226 Clock feeding data input violations (D10)

1 OTHER VIOLATION
     1 Cell is constant 1 violation (TEST-505)


Warning: Violations occurred during test design rule checking. (TEST-124)

-----------------------------------------------------------------
  Sequential Cell Report

  1 out of 334 sequential cells have violations

-----------------------------------------------------------------

SEQUENTIAL CELLS WITH VIOLATIONS
      *   1 cell has constant 1 value
         ALU_GATING_CLK/U0_TLATNCAX4M
SEQUENTIAL CELLS WITHOUT VIOLATIONS
      * 333 cells are valid scan cells
         D1/SYNC_RST_reg
         D1/chain_reg[0]
         DATA_SYNC/final_reg
         DATA_SYNC/enable_pulse_reg
         DATA_SYNC/chain_reg[1]
         DATA_SYNC/sync_bus_reg[3]
         DATA_SYNC/sync_bus_reg[0]
         DATA_SYNC/sync_bus_reg[1]
         DATA_SYNC/sync_bus_reg[2]
         DATA_SYNC/sync_bus_reg[7]
         DATA_SYNC/sync_bus_reg[4]
         DATA_SYNC/sync_bus_reg[5]
         DATA_SYNC/sync_bus_reg[6]
         DATA_SYNC/chain_reg[0]
         PULSE_GENERATOR/rcv_flop_reg
         PULSE_GENERATOR/pls_flop_reg
         TX_CLK_DIV/count_reg[6]
         TX_CLK_DIV/count_reg[0]
         TX_CLK_DIV/count_reg[5]
         TX_CLK_DIV/count_reg[4]
         TX_CLK_DIV/count_reg[3]
         TX_CLK_DIV/count_reg[2]
         TX_CLK_DIV/count_reg[1]
         TX_CLK_DIV/odd_edge_tog_reg
         TX_CLK_DIV/div_clk_reg
         CTRL_UNIT/Address_REG_FILE_reg[2]
         CTRL_UNIT/Address_REG_FILE_reg[3]
         CTRL_UNIT/Address_REG_FILE_reg[1]
         CTRL_UNIT/Address_REG_FILE_reg[0]
         CTRL_UNIT/current_reg[0]
         CTRL_UNIT/current_reg[3]
         CTRL_UNIT/current_reg[2]
         CTRL_UNIT/current_reg[1]
         REG_FILE/Reg_File_reg[3][0]
         REG_FILE/Reg_File_reg[13][7]
         REG_FILE/Reg_File_reg[13][6]
         REG_FILE/Reg_File_reg[13][5]
         REG_FILE/Reg_File_reg[13][4]
         REG_FILE/Reg_File_reg[13][3]
         REG_FILE/Reg_File_reg[13][2]
         REG_FILE/Reg_File_reg[13][1]
         REG_FILE/Reg_File_reg[13][0]
         REG_FILE/Reg_File_reg[9][7]
         REG_FILE/Reg_File_reg[9][6]
         REG_FILE/Reg_File_reg[9][5]
         REG_FILE/Reg_File_reg[9][4]
         REG_FILE/Reg_File_reg[9][3]
         REG_FILE/Reg_File_reg[9][2]
         REG_FILE/Reg_File_reg[9][1]
         REG_FILE/Reg_File_reg[9][0]
         REG_FILE/Reg_File_reg[5][7]
         REG_FILE/Reg_File_reg[5][6]
         REG_FILE/Reg_File_reg[5][5]
         REG_FILE/Reg_File_reg[5][4]
         REG_FILE/Reg_File_reg[5][3]
         REG_FILE/Reg_File_reg[5][2]
         REG_FILE/Reg_File_reg[5][1]
         REG_FILE/Reg_File_reg[5][0]
         REG_FILE/Reg_File_reg[15][7]
         REG_FILE/Reg_File_reg[15][6]
         REG_FILE/Reg_File_reg[15][5]
         REG_FILE/Reg_File_reg[15][4]
         REG_FILE/Reg_File_reg[15][3]
         REG_FILE/Reg_File_reg[15][2]
         REG_FILE/Reg_File_reg[15][1]
         REG_FILE/Reg_File_reg[15][0]
         REG_FILE/Reg_File_reg[11][7]
         REG_FILE/Reg_File_reg[11][6]
         REG_FILE/Reg_File_reg[11][5]
         REG_FILE/Reg_File_reg[11][4]
         REG_FILE/Reg_File_reg[11][3]
         REG_FILE/Reg_File_reg[11][2]
         REG_FILE/Reg_File_reg[11][1]
         REG_FILE/Reg_File_reg[11][0]
         REG_FILE/Reg_File_reg[7][7]
         REG_FILE/Reg_File_reg[7][6]
         REG_FILE/Reg_File_reg[7][5]
         REG_FILE/Reg_File_reg[7][4]
         REG_FILE/Reg_File_reg[7][3]
         REG_FILE/Reg_File_reg[7][2]
         REG_FILE/Reg_File_reg[7][1]
         REG_FILE/Reg_File_reg[7][0]
         REG_FILE/Reg_File_reg[14][7]
         REG_FILE/Reg_File_reg[14][6]
         REG_FILE/Reg_File_reg[14][5]
         REG_FILE/Reg_File_reg[14][4]
         REG_FILE/Reg_File_reg[14][3]
         REG_FILE/Reg_File_reg[14][2]
         REG_FILE/Reg_File_reg[14][1]
         REG_FILE/Reg_File_reg[14][0]
         REG_FILE/Reg_File_reg[10][7]
         REG_FILE/Reg_File_reg[10][6]
         REG_FILE/Reg_File_reg[10][5]
         REG_FILE/Reg_File_reg[10][4]
         REG_FILE/Reg_File_reg[10][3]
         REG_FILE/Reg_File_reg[10][2]
         REG_FILE/Reg_File_reg[10][1]
         REG_FILE/Reg_File_reg[10][0]
         REG_FILE/Reg_File_reg[6][7]
         REG_FILE/Reg_File_reg[6][6]
         REG_FILE/Reg_File_reg[6][5]
         REG_FILE/Reg_File_reg[6][4]
         REG_FILE/Reg_File_reg[6][3]
         REG_FILE/Reg_File_reg[6][2]
         REG_FILE/Reg_File_reg[6][1]
         REG_FILE/Reg_File_reg[6][0]
         REG_FILE/Reg_File_reg[12][7]
         REG_FILE/Reg_File_reg[12][6]
         REG_FILE/Reg_File_reg[12][5]
         REG_FILE/Reg_File_reg[12][4]
         REG_FILE/Reg_File_reg[12][3]
         REG_FILE/Reg_File_reg[12][2]
         REG_FILE/Reg_File_reg[12][1]
         REG_FILE/Reg_File_reg[12][0]
         REG_FILE/Reg_File_reg[8][7]
         REG_FILE/Reg_File_reg[8][6]
         REG_FILE/Reg_File_reg[8][5]
         REG_FILE/Reg_File_reg[8][4]
         REG_FILE/Reg_File_reg[8][3]
         REG_FILE/Reg_File_reg[8][2]
         REG_FILE/Reg_File_reg[8][1]
         REG_FILE/Reg_File_reg[8][0]
         REG_FILE/Reg_File_reg[4][7]
         REG_FILE/Reg_File_reg[4][6]
         REG_FILE/Reg_File_reg[4][5]
         REG_FILE/Reg_File_reg[4][4]
         REG_FILE/Reg_File_reg[4][3]
         REG_FILE/Reg_File_reg[4][2]
         REG_FILE/Reg_File_reg[4][1]
         REG_FILE/Reg_File_reg[4][0]
         REG_FILE/RdData_reg[7]
         REG_FILE/RdData_reg[6]
         REG_FILE/RdData_reg[5]
         REG_FILE/RdData_reg[4]
         REG_FILE/RdData_reg[3]
         REG_FILE/RdData_reg[2]
         REG_FILE/RdData_reg[1]
         REG_FILE/RdData_reg[0]
         REG_FILE/Reg_File_reg[2][1]
         REG_FILE/Reg_File_reg[2][0]
         REG_FILE/Reg_File_reg[3][6]
         REG_FILE/Reg_File_reg[3][7]
         REG_FILE/RdData_Valid_reg
         REG_FILE/Reg_File_reg[3][5]
         REG_FILE/Reg_File_reg[3][4]
         REG_FILE/Reg_File_reg[3][2]
         REG_FILE/Reg_File_reg[3][3]
         REG_FILE/Reg_File_reg[3][1]
         REG_FILE/Reg_File_reg[2][5]
         REG_FILE/Reg_File_reg[2][2]
         REG_FILE/Reg_File_reg[0][1]
         REG_FILE/Reg_File_reg[0][0]
         REG_FILE/Reg_File_reg[2][6]
         REG_FILE/Reg_File_reg[2][4]
         REG_FILE/Reg_File_reg[2][3]
         REG_FILE/Reg_File_reg[0][2]
         REG_FILE/Reg_File_reg[0][3]
         REG_FILE/Reg_File_reg[0][4]
         REG_FILE/Reg_File_reg[0][5]
         REG_FILE/Reg_File_reg[0][6]
         REG_FILE/Reg_File_reg[0][7]
         REG_FILE/Reg_File_reg[1][5]
         REG_FILE/Reg_File_reg[1][4]
         REG_FILE/Reg_File_reg[1][7]
         REG_FILE/Reg_File_reg[1][1]
         REG_FILE/Reg_File_reg[1][3]
         REG_FILE/Reg_File_reg[1][2]
         REG_FILE/Reg_File_reg[1][6]
         REG_FILE/Reg_File_reg[1][0]
         REG_FILE/Reg_File_reg[2][7]
         ALU/ALU_OUT_reg[7]
         ALU/ALU_OUT_reg[6]
         ALU/ALU_OUT_reg[5]
         ALU/ALU_OUT_reg[4]
         ALU/ALU_OUT_reg[3]
         ALU/ALU_OUT_reg[2]
         ALU/ALU_OUT_reg[1]
         ALU/ALU_OUT_reg[0]
         ALU/ALU_OUT_reg[15]
         ALU/ALU_OUT_reg[14]
         ALU/ALU_OUT_reg[13]
         ALU/ALU_OUT_reg[12]
         ALU/ALU_OUT_reg[11]
         ALU/ALU_OUT_reg[10]
         ALU/ALU_OUT_reg[9]
         ALU/ALU_OUT_reg[8]
         ALU/OUT_VALID_reg
         FIFO/Write_Full/internal_reg[3]
         FIFO/Write_Full/internal_reg[2]
         FIFO/Write_Full/internal_reg[0]
         FIFO/Write_Full/internal_reg[1]
         FIFO/Data_Sync_Write_Block/out_reg[1]
         FIFO/Data_Sync_Write_Block/out_reg[0]
         FIFO/Data_Sync_Write_Block/stage_one_reg[3]
         FIFO/Data_Sync_Write_Block/stage_one_reg[2]
         FIFO/Data_Sync_Write_Block/stage_one_reg[1]
         FIFO/Data_Sync_Write_Block/stage_one_reg[0]
         FIFO/Data_Sync_Write_Block/out_reg[3]
         FIFO/Data_Sync_Write_Block/out_reg[2]
         FIFO/Read_Empty/internal_reg[3]
         FIFO/Read_Empty/internal_reg[2]
         FIFO/Read_Empty/internal_reg[1]
         FIFO/Read_Empty/internal_reg[0]
         FIFO/Memory/Memory_reg[5][7]
         FIFO/Memory/Memory_reg[5][6]
         FIFO/Memory/Memory_reg[5][5]
         FIFO/Memory/Memory_reg[5][4]
         FIFO/Memory/Memory_reg[5][3]
         FIFO/Memory/Memory_reg[5][2]
         FIFO/Memory/Memory_reg[5][1]
         FIFO/Memory/Memory_reg[5][0]
         FIFO/Memory/Memory_reg[1][7]
         FIFO/Memory/Memory_reg[1][6]
         FIFO/Memory/Memory_reg[1][5]
         FIFO/Memory/Memory_reg[1][4]
         FIFO/Memory/Memory_reg[1][3]
         FIFO/Memory/Memory_reg[1][2]
         FIFO/Memory/Memory_reg[1][1]
         FIFO/Memory/Memory_reg[1][0]
         FIFO/Memory/Memory_reg[7][7]
         FIFO/Memory/Memory_reg[7][6]
         FIFO/Memory/Memory_reg[7][5]
         FIFO/Memory/Memory_reg[7][4]
         FIFO/Memory/Memory_reg[7][3]
         FIFO/Memory/Memory_reg[7][2]
         FIFO/Memory/Memory_reg[7][1]
         FIFO/Memory/Memory_reg[7][0]
         FIFO/Memory/Memory_reg[3][7]
         FIFO/Memory/Memory_reg[3][6]
         FIFO/Memory/Memory_reg[3][5]
         FIFO/Memory/Memory_reg[3][4]
         FIFO/Memory/Memory_reg[3][3]
         FIFO/Memory/Memory_reg[3][2]
         FIFO/Memory/Memory_reg[3][1]
         FIFO/Memory/Memory_reg[3][0]
         FIFO/Memory/Memory_reg[6][7]
         FIFO/Memory/Memory_reg[6][6]
         FIFO/Memory/Memory_reg[6][5]
         FIFO/Memory/Memory_reg[6][4]
         FIFO/Memory/Memory_reg[6][3]
         FIFO/Memory/Memory_reg[6][2]
         FIFO/Memory/Memory_reg[6][1]
         FIFO/Memory/Memory_reg[6][0]
         FIFO/Memory/Memory_reg[2][7]
         FIFO/Memory/Memory_reg[2][6]
         FIFO/Memory/Memory_reg[2][5]
         FIFO/Memory/Memory_reg[2][4]
         FIFO/Memory/Memory_reg[2][3]
         FIFO/Memory/Memory_reg[2][2]
         FIFO/Memory/Memory_reg[2][1]
         FIFO/Memory/Memory_reg[2][0]
         FIFO/Memory/Memory_reg[4][7]
         FIFO/Memory/Memory_reg[4][6]
         FIFO/Memory/Memory_reg[4][5]
         FIFO/Memory/Memory_reg[4][4]
         FIFO/Memory/Memory_reg[4][3]
         FIFO/Memory/Memory_reg[4][2]
         FIFO/Memory/Memory_reg[4][1]
         FIFO/Memory/Memory_reg[4][0]
         FIFO/Memory/Memory_reg[0][7]
         FIFO/Memory/Memory_reg[0][6]
         FIFO/Memory/Memory_reg[0][5]
         FIFO/Memory/Memory_reg[0][4]
         FIFO/Memory/Memory_reg[0][3]
         FIFO/Memory/Memory_reg[0][2]
         FIFO/Memory/Memory_reg[0][1]
         FIFO/Memory/Memory_reg[0][0]
         UART/RX/Sr/start_glitch_reg
         UART/RX/Sp/stop_error_reg
         UART/RX/F/current_state_reg[1]
         UART/RX/F/current_state_reg[0]
         UART/RX/F/current_state_reg[2]
         UART/RX/EBC/bit_count_reg[0]
         UART/RX/EBC/bit_count_reg[1]
         UART/RX/EBC/bit_count_reg[2]
         UART/RX/EBC/bit_count_reg[3]
         UART/RX/EBC/edge_count_reg[0]
         UART/RX/EBC/edge_count_reg[1]
         UART/RX/EBC/edge_count_reg[3]
         UART/RX/EBC/edge_count_reg[2]
         UART/RX/EBC/edge_count_reg[4]
         UART/RX/DS/sampled_reg[2]
         UART/RX/DS/sampled_reg[1]
         UART/RX/DS/sampled_reg[0]
         UART/RX/DZ/P_DATA_reg[1]
         UART/RX/DZ/P_DATA_reg[4]
         UART/RX/DZ/P_DATA_reg[0]
         UART/RX/DZ/P_DATA_reg[3]
         UART/RX/DZ/P_DATA_reg[6]
         UART/RX/DZ/P_DATA_reg[2]
         UART/RX/DZ/bit_reg[2]
         UART/RX/DZ/P_DATA_reg[7]
         UART/RX/DZ/bit_reg[0]
         UART/RX/DZ/bit_reg[1]
         UART/RX/DZ/P_DATA_reg[5]
         UART/RX/P/par_error_reg
         UART/TX/F1/current_state_reg[2]
         UART/TX/F1/current_state_reg[0]
         UART/TX/F1/current_state_reg[1]
         UART/TX/S1/internal_reg[5]
         UART/TX/S1/internal_reg[1]
         UART/TX/S1/internal_reg[0]
         UART/TX/S1/internal_reg[7]
         UART/TX/S1/internal_reg[3]
         UART/TX/S1/internal_reg[6]
         UART/TX/S1/internal_reg[2]
         UART/TX/S1/internal_reg[4]
         UART/TX/S1/counter_reg[2]
         UART/TX/S1/Ser_done_reg
         UART/TX/S1/counter_reg[1]
         UART/TX/S1/counter_reg[0]
         UART/TX/S1/Ser_data_reg
         UART/TX/P1/parity_reg
         UART/TX/M1/TX_OUT_reg
         D2/chain_reg[0]
         D2/SYNC_RST_reg
         RX_CLK_DIV/div_clk_reg
         RX_CLK_DIV/count_reg[6]
         RX_CLK_DIV/count_reg[0]
         RX_CLK_DIV/count_reg[5]
         RX_CLK_DIV/count_reg[4]
         RX_CLK_DIV/count_reg[3]
         RX_CLK_DIV/count_reg[2]
         RX_CLK_DIV/count_reg[1]
         RX_CLK_DIV/odd_edge_tog_reg
         FIFO/Data_Sync_Read_Block/out_reg[1]
         FIFO/Data_Sync_Read_Block/out_reg[0]
         FIFO/Data_Sync_Read_Block/stage_one_reg[3]
         FIFO/Data_Sync_Read_Block/stage_one_reg[2]
         FIFO/Data_Sync_Read_Block/stage_one_reg[1]
         FIFO/Data_Sync_Read_Block/stage_one_reg[0]
         FIFO/Data_Sync_Read_Block/out_reg[3]
         FIFO/Data_Sync_Read_Block/out_reg[2]

Information: Test design rule checking completed. (TEST-123)
1
############################# Preview DFT ##############################
preview_dft -show scan_summary
  Information: Using test design rule information from previous dft_drc run.
  Architecting Scan Chains

****************************************
Preview_dft report
For    : 'Insert_dft' command
Design : SYS_TOP_dft
Version: K-2015.06
Date   : Wed Oct 23 22:05:24 2024
****************************************

Number of chains: 4
Scan methodology: full_scan
Scan style: multiplexed_flip_flop
Clock domain: no_mix

Chain      Scan Ports (si --> so)        # of Cells   Inst/Chain               Clock (port, time, edge)
-----      ----------------------        ----------   ----------               ------------------------
S 1        SI -->  SO                            84   ALU/ALU_OUT_reg[0]       (scan_clk, 30.0, rising) 
S 2        test_si2 -->  test_so2                83   FIFO/Memory/Memory_reg[3][3]
                            (scan_clk, 30.0, rising) 
S 3        test_si3 -->  test_so3                83   REG_FILE/Reg_File_reg[3][3]
                            (scan_clk, 30.0, rising) 
S 4        test_si4 -->  framing_error           83   REG_FILE/Reg_File_reg[13][6]
                            (scan_clk, 30.0, rising) 
1
############################# Insert DFT ###############################
insert_dft
Loading db file '/home/IC/tsmc_fb_cl013g_sc/aci/sc-m/synopsys/scmetro_tsmc_cl013g_rvt_ss_1p08v_125c.db'
Loading db file '/home/IC/tsmc_fb_cl013g_sc/aci/sc-m/synopsys/scmetro_tsmc_cl013g_rvt_tt_1p2v_25c.db'
Loading db file '/home/IC/tsmc_fb_cl013g_sc/aci/sc-m/synopsys/scmetro_tsmc_cl013g_rvt_ff_1p32v_m40c.db'
  Information: Using test design rule information from previous dft_drc run.
  Architecting Scan Chains
  Routing Scan Chains
  Routing Global Signals
  Mapping New Logic
Resetting current test mode
Information: There are 317 clock pins driven by multiple clocks, and some of them are driven by up-to 2 clocks. (TIM-099)
  Beginning Mapping Optimizations
  -------------------------------

                                  TOTAL                                      
   ELAPSED            WORST NEG   SETUP    DESIGN                            
    TIME      AREA      SLACK     COST    RULE COST         ENDPOINT         
  --------- --------- --------- --------- --------- -------------------------

1
######################## Optimize Logic post DFT #######################
compile -scan -incremental
Information: Choosing a test methodology will restrict the optimization of sequential cells. (UIO-12)

Information: There are 56 potential problems in your design. Please run 'check_design' for more information. (LINT-99)


Warning: Operating condition scmetro_tsmc_cl013g_rvt_ss_1p08v_125c set on design SYS_TOP_dft has different process,
voltage and temperatures parameters than the parameters at which target library 
scmetro_tsmc_cl013g_rvt_tt_1p2v_25c is characterized. Delays may be inaccurate as a result. (OPT-998)

  Beginning Pass 1 Mapping  (Incremental)
  ------------------------

  Updating timing information
Information: Updating design information... (UID-85)
Information: There are 317 clock pins driven by multiple clocks, and some of them are driven by up-to 2 clocks. (TIM-099)

  Beginning Mapping Optimizations  (Medium effort)  (Incremental)
  -------------------------------

  Beginning Incremental Implementation Selection
  ----------------------------------------------
  Selecting implementations
  Selecting implementations
  Selecting implementations

  Beginning Delay Optimization Phase
  ----------------------------------

                                  TOTAL                                      
   ELAPSED            WORST NEG   SETUP    DESIGN                            
    TIME      AREA      SLACK     COST    RULE COST         ENDPOINT         
  --------- --------- --------- --------- --------- -------------------------
    0:00:02   25436.7      0.00       0.0       0.0                          
    0:00:02   25436.7      0.00       0.0       0.0                          
    0:00:04   25402.6      0.00       0.0      15.3                          
    0:00:04   25402.6      0.00       0.0      15.3                          


  Beginning Design Rule Fixing  (max_transition)  (max_capacitance)
  ----------------------------

                                  TOTAL                                      
   ELAPSED            WORST NEG   SETUP    DESIGN                            
    TIME      AREA      SLACK     COST    RULE COST         ENDPOINT         
  --------- --------- --------- --------- --------- -------------------------
    0:00:04   25402.6      0.00       0.0      15.3                          
    0:00:04   25449.7      0.00       0.0       0.0                          
Loading db file '/home/IC/tsmc_fb_cl013g_sc/aci/sc-m/synopsys/scmetro_tsmc_cl013g_rvt_ss_1p08v_125c.db'
Loading db file '/home/IC/tsmc_fb_cl013g_sc/aci/sc-m/synopsys/scmetro_tsmc_cl013g_rvt_tt_1p2v_25c.db'
Loading db file '/home/IC/tsmc_fb_cl013g_sc/aci/sc-m/synopsys/scmetro_tsmc_cl013g_rvt_ff_1p32v_m40c.db'


Note: Symbol # after min delay cost means estimated hold TNS across all active scenarios 


  Optimization Complete
  ---------------------
1
###################### Design Rule Checking post DFT ###################
dft_drc -verbose -coverage_estimate > reports/coverage.rpt
##################### Close Formality Setup file ###########################
set_svf -off
1
#############################################################################
# Write out files
#############################################################################
write_file -format verilog -hierarchy -output netlists/$top_module.ddc
Writing verilog file '/home/IC/Labs/FINAL_SYSTEM/DFT/netlists/SYS_TOP_dft.ddc'.
Warning: Verilog 'assign' or 'tran' statements are written out. (VO-4)
Warning: Verilog writer has added 4 nets to module SYS_TOP_dft using SYNOPSYS_UNCONNECTED_ as prefix.  Please use the change_names command to make the correct changes before invoking the verilog writer.  (VO-11)
1
write_file -format verilog -hierarchy -output netlists/$top_module.v
Writing verilog file '/home/IC/Labs/FINAL_SYSTEM/DFT/netlists/SYS_TOP_dft.v'.
Warning: Verilog 'assign' or 'tran' statements are written out. (VO-4)
Warning: Verilog writer has added 4 nets to module SYS_TOP_dft using SYNOPSYS_UNCONNECTED_ as prefix.  Please use the change_names command to make the correct changes before invoking the verilog writer.  (VO-11)
1
write_sdf  sdf/$top_module.sdf
Information: Annotated 'cell' delays are assumed to include load delay. (UID-282)
Information: Writing timing information to file '/home/IC/Labs/FINAL_SYSTEM/DFT/sdf/SYS_TOP_dft.sdf'. (WT-3)
Information: Updating design information... (UID-85)
Information: There are 317 clock pins driven by multiple clocks, and some of them are driven by up-to 2 clocks. (TIM-099)
1
write_sdc  -nosplit sdc/$top_module.sdc
1
####################### reporting ##########################################
report_area -hierarchy > reports/area.rpt
report_power -hierarchy > reports/power.rpt
report_timing -delay_type min -max_paths 20 > reports/hold.rpt
report_timing -delay_type max -max_paths 20 > reports/setup.rpt
report_clock -attributes > reports/clocks.rpt
report_constraint -all_violators -nosplit > reports/constraints.rpt
################# starting graphical user interface #######################
#gui_start
#exit
dc_shell> 
Memory usage for main task 322 Mbytes.
Memory usage for this session 322 Mbytes.
CPU usage for this session 18 seconds ( 0.01 hours ).

Thank you...
