 
****************************************
Report : timing
        -path full
        -delay min
        -max_paths 100
Design : SYS_TOP
Version: K-2015.06
Date   : Wed Oct 23 21:52:23 2024
****************************************

Operating Conditions: scmetro_tsmc_cl013g_rvt_ff_1p32v_m40c   Library: scmetro_tsmc_cl013g_rvt_ff_1p32v_m40c
Wire Load Model Mode: top

  Startpoint: REG_FILE/Reg_File_reg[1][7]
              (rising edge-triggered flip-flop clocked by REF_DOMAIN)
  Endpoint: ALU/ALU_OUT_reg[7]
            (rising edge-triggered flip-flop clocked by Gated_Clock)
  Path Group: Gated_Clock
  Path Type: min

  Point                                                   Incr       Path
  --------------------------------------------------------------------------
  clock REF_DOMAIN (rise edge)                            0.00       0.00
  clock network delay (ideal)                             0.00       0.00
  REG_FILE/Reg_File_reg[1][7]/CK (DFFRQX2M)               0.00       0.00 r
  REG_FILE/Reg_File_reg[1][7]/Q (DFFRQX2M)                0.58       0.58 f
  REG_FILE/REG1[7] (RAM)                                  0.00       0.58 f
  ALU/B[7] (ALU_16_bit_OPERAND_WIDTH8_OPCODE_WIDTH4_RESULT_WIDTH16)
                                                          0.00       0.58 f
  ALU/U127/Y (AOI222X1M)                                  0.17       0.76 r
  ALU/U125/Y (AOI31X2M)                                   0.11       0.87 f
  ALU/ALU_OUT_reg[7]/D (DFFRQX2M)                         0.00       0.87 f
  data arrival time                                                  0.87

  clock Gated_Clock (rise edge)                           0.00       0.00
  clock network delay (ideal)                             0.00       0.00
  clock uncertainty                                       0.10       0.10
  ALU/ALU_OUT_reg[7]/CK (DFFRQX2M)                        0.00       0.10 r
  library hold time                                      -0.01       0.09
  data required time                                                 0.09
  --------------------------------------------------------------------------
  data required time                                                 0.09
  data arrival time                                                 -0.87
  --------------------------------------------------------------------------
  slack (MET)                                                        0.78


  Startpoint: REG_FILE/Reg_File_reg[1][0]
              (rising edge-triggered flip-flop clocked by REF_DOMAIN)
  Endpoint: ALU/ALU_OUT_reg[0]
            (rising edge-triggered flip-flop clocked by Gated_Clock)
  Path Group: Gated_Clock
  Path Type: min

  Point                                                   Incr       Path
  --------------------------------------------------------------------------
  clock REF_DOMAIN (rise edge)                            0.00       0.00
  clock network delay (ideal)                             0.00       0.00
  REG_FILE/Reg_File_reg[1][0]/CK (DFFRQX2M)               0.00       0.00 r
  REG_FILE/Reg_File_reg[1][0]/Q (DFFRQX2M)                0.58       0.58 f
  REG_FILE/REG1[0] (RAM)                                  0.00       0.58 f
  ALU/B[0] (ALU_16_bit_OPERAND_WIDTH8_OPCODE_WIDTH4_RESULT_WIDTH16)
                                                          0.00       0.58 f
  ALU/sub_10/B[0] (ALU_16_bit_OPERAND_WIDTH8_OPCODE_WIDTH4_RESULT_WIDTH16_DW01_sub_0)
                                                          0.00       0.58 f
  ALU/sub_10/U2/Y (INVX2M)                                0.08       0.66 r
  ALU/sub_10/U1/Y (XNOR2X2M)                              0.05       0.71 f
  ALU/sub_10/DIFF[0] (ALU_16_bit_OPERAND_WIDTH8_OPCODE_WIDTH4_RESULT_WIDTH16_DW01_sub_0)
                                                          0.00       0.71 f
  ALU/U42/Y (AOI22X1M)                                    0.10       0.81 r
  ALU/U41/Y (AOI31X2M)                                    0.09       0.90 f
  ALU/ALU_OUT_reg[0]/D (DFFRQX2M)                         0.00       0.90 f
  data arrival time                                                  0.90

  clock Gated_Clock (rise edge)                           0.00       0.00
  clock network delay (ideal)                             0.00       0.00
  clock uncertainty                                       0.10       0.10
  ALU/ALU_OUT_reg[0]/CK (DFFRQX2M)                        0.00       0.10 r
  library hold time                                      -0.01       0.09
  data required time                                                 0.09
  --------------------------------------------------------------------------
  data required time                                                 0.09
  data arrival time                                                 -0.90
  --------------------------------------------------------------------------
  slack (MET)                                                        0.81


  Startpoint: REG_FILE/Reg_File_reg[1][1]
              (rising edge-triggered flip-flop clocked by REF_DOMAIN)
  Endpoint: ALU/ALU_OUT_reg[1]
            (rising edge-triggered flip-flop clocked by Gated_Clock)
  Path Group: Gated_Clock
  Path Type: min

  Point                                                   Incr       Path
  --------------------------------------------------------------------------
  clock REF_DOMAIN (rise edge)                            0.00       0.00
  clock network delay (ideal)                             0.00       0.00
  REG_FILE/Reg_File_reg[1][1]/CK (DFFRQX2M)               0.00       0.00 r
  REG_FILE/Reg_File_reg[1][1]/Q (DFFRQX2M)                0.52       0.52 r
  REG_FILE/REG1[1] (RAM)                                  0.00       0.52 r
  ALU/B[1] (ALU_16_bit_OPERAND_WIDTH8_OPCODE_WIDTH4_RESULT_WIDTH16)
                                                          0.00       0.52 r
  ALU/U133/Y (OAI22X1M)                                   0.13       0.65 f
  ALU/U51/Y (AOI211X2M)                                   0.17       0.82 r
  ALU/U48/Y (AOI31X2M)                                    0.11       0.93 f
  ALU/ALU_OUT_reg[1]/D (DFFRQX2M)                         0.00       0.93 f
  data arrival time                                                  0.93

  clock Gated_Clock (rise edge)                           0.00       0.00
  clock network delay (ideal)                             0.00       0.00
  clock uncertainty                                       0.10       0.10
  ALU/ALU_OUT_reg[1]/CK (DFFRQX2M)                        0.00       0.10 r
  library hold time                                      -0.01       0.09
  data required time                                                 0.09
  --------------------------------------------------------------------------
  data required time                                                 0.09
  data arrival time                                                 -0.93
  --------------------------------------------------------------------------
  slack (MET)                                                        0.84


  Startpoint: DATA_SYNC/sync_bus_reg[4]
              (rising edge-triggered flip-flop clocked by REF_DOMAIN)
  Endpoint: ALU/OUT_VALID_reg
            (rising edge-triggered flip-flop clocked by Gated_Clock)
  Path Group: Gated_Clock
  Path Type: min

  Point                                                   Incr       Path
  --------------------------------------------------------------------------
  clock REF_DOMAIN (rise edge)                            0.00       0.00
  clock network delay (ideal)                             0.00       0.00
  DATA_SYNC/sync_bus_reg[4]/CK (DFFRQX2M)                 0.00       0.00 r
  DATA_SYNC/sync_bus_reg[4]/Q (DFFRQX2M)                  0.42       0.42 r
  DATA_SYNC/sync_bus[4] (Data_Sync_NUM_STAGES2_BUS_WIDTH8)
                                                          0.00       0.42 r
  CTRL_UNIT/RX_P_DATA[4] (SYS_CTRL)                       0.00       0.42 r
  CTRL_UNIT/U87/Y (INVX2M)                                0.08       0.50 f
  CTRL_UNIT/U6/Y (NOR2X2M)                                0.34       0.83 r
  CTRL_UNIT/ALU_FUN[0] (SYS_CTRL)                         0.00       0.83 r
  ALU/ALU_FUN[0] (ALU_16_bit_OPERAND_WIDTH8_OPCODE_WIDTH4_RESULT_WIDTH16)
                                                          0.00       0.83 r
  ALU/U37/Y (AOI21X2M)                                    0.12       0.95 f
  ALU/OUT_VALID_reg/D (DFFRQX2M)                          0.00       0.95 f
  data arrival time                                                  0.95

  clock Gated_Clock (rise edge)                           0.00       0.00
  clock network delay (ideal)                             0.00       0.00
  clock uncertainty                                       0.10       0.10
  ALU/OUT_VALID_reg/CK (DFFRQX2M)                         0.00       0.10 r
  library hold time                                      -0.01       0.09
  data required time                                                 0.09
  --------------------------------------------------------------------------
  data required time                                                 0.09
  data arrival time                                                 -0.95
  --------------------------------------------------------------------------
  slack (MET)                                                        0.86


  Startpoint: REG_FILE/Reg_File_reg[0][7]
              (rising edge-triggered flip-flop clocked by REF_DOMAIN)
  Endpoint: ALU/ALU_OUT_reg[8]
            (rising edge-triggered flip-flop clocked by Gated_Clock)
  Path Group: Gated_Clock
  Path Type: min

  Point                                                   Incr       Path
  --------------------------------------------------------------------------
  clock REF_DOMAIN (rise edge)                            0.00       0.00
  clock network delay (ideal)                             0.00       0.00
  REG_FILE/Reg_File_reg[0][7]/CK (DFFRQX2M)               0.00       0.00 r
  REG_FILE/Reg_File_reg[0][7]/Q (DFFRQX2M)                0.50       0.50 f
  REG_FILE/REG0[7] (RAM)                                  0.00       0.50 f
  ALU/A[7] (ALU_16_bit_OPERAND_WIDTH8_OPCODE_WIDTH4_RESULT_WIDTH16)
                                                          0.00       0.50 f
  ALU/U118/Y (BUFX2M)                                     0.22       0.72 f
  ALU/U93/Y (AOI22X1M)                                    0.13       0.85 r
  ALU/U91/Y (AOI31X2M)                                    0.10       0.95 f
  ALU/ALU_OUT_reg[8]/D (DFFRQX2M)                         0.00       0.95 f
  data arrival time                                                  0.95

  clock Gated_Clock (rise edge)                           0.00       0.00
  clock network delay (ideal)                             0.00       0.00
  clock uncertainty                                       0.10       0.10
  ALU/ALU_OUT_reg[8]/CK (DFFRQX2M)                        0.00       0.10 r
  library hold time                                      -0.01       0.09
  data required time                                                 0.09
  --------------------------------------------------------------------------
  data required time                                                 0.09
  data arrival time                                                 -0.95
  --------------------------------------------------------------------------
  slack (MET)                                                        0.86


  Startpoint: CTRL_UNIT/current_reg[1]
              (rising edge-triggered flip-flop clocked by REF_DOMAIN)
  Endpoint: ALU/ALU_OUT_reg[15]
            (rising edge-triggered flip-flop clocked by Gated_Clock)
  Path Group: Gated_Clock
  Path Type: min

  Point                                                   Incr       Path
  --------------------------------------------------------------------------
  clock REF_DOMAIN (rise edge)                            0.00       0.00
  clock network delay (ideal)                             0.00       0.00
  CTRL_UNIT/current_reg[1]/CK (DFFRQX2M)                  0.00       0.00 r
  CTRL_UNIT/current_reg[1]/Q (DFFRQX2M)                   0.52       0.52 f
  CTRL_UNIT/U68/Y (NAND3X2M)                              0.13       0.65 r
  CTRL_UNIT/U46/Y (NAND2X2M)                              0.11       0.77 f
  CTRL_UNIT/EN_ALU (SYS_CTRL)                             0.00       0.77 f
  ALU/ALU_Enable (ALU_16_bit_OPERAND_WIDTH8_OPCODE_WIDTH4_RESULT_WIDTH16)
                                                          0.00       0.77 f
  ALU/U32/Y (NAND2BX2M)                                   0.17       0.94 r
  ALU/U9/Y (OAI2BB1X2M)                                   0.07       1.01 f
  ALU/ALU_OUT_reg[15]/D (DFFRQX2M)                        0.00       1.01 f
  data arrival time                                                  1.01

  clock Gated_Clock (rise edge)                           0.00       0.00
  clock network delay (ideal)                             0.00       0.00
  clock uncertainty                                       0.10       0.10
  ALU/ALU_OUT_reg[15]/CK (DFFRQX2M)                       0.00       0.10 r
  library hold time                                      -0.01       0.09
  data required time                                                 0.09
  --------------------------------------------------------------------------
  data required time                                                 0.09
  data arrival time                                                 -1.01
  --------------------------------------------------------------------------
  slack (MET)                                                        0.92


  Startpoint: CTRL_UNIT/current_reg[1]
              (rising edge-triggered flip-flop clocked by REF_DOMAIN)
  Endpoint: ALU/ALU_OUT_reg[14]
            (rising edge-triggered flip-flop clocked by Gated_Clock)
  Path Group: Gated_Clock
  Path Type: min

  Point                                                   Incr       Path
  --------------------------------------------------------------------------
  clock REF_DOMAIN (rise edge)                            0.00       0.00
  clock network delay (ideal)                             0.00       0.00
  CTRL_UNIT/current_reg[1]/CK (DFFRQX2M)                  0.00       0.00 r
  CTRL_UNIT/current_reg[1]/Q (DFFRQX2M)                   0.52       0.52 f
  CTRL_UNIT/U68/Y (NAND3X2M)                              0.13       0.65 r
  CTRL_UNIT/U46/Y (NAND2X2M)                              0.11       0.77 f
  CTRL_UNIT/EN_ALU (SYS_CTRL)                             0.00       0.77 f
  ALU/ALU_Enable (ALU_16_bit_OPERAND_WIDTH8_OPCODE_WIDTH4_RESULT_WIDTH16)
                                                          0.00       0.77 f
  ALU/U32/Y (NAND2BX2M)                                   0.17       0.94 r
  ALU/U8/Y (OAI2BB1X2M)                                   0.07       1.01 f
  ALU/ALU_OUT_reg[14]/D (DFFRQX2M)                        0.00       1.01 f
  data arrival time                                                  1.01

  clock Gated_Clock (rise edge)                           0.00       0.00
  clock network delay (ideal)                             0.00       0.00
  clock uncertainty                                       0.10       0.10
  ALU/ALU_OUT_reg[14]/CK (DFFRQX2M)                       0.00       0.10 r
  library hold time                                      -0.01       0.09
  data required time                                                 0.09
  --------------------------------------------------------------------------
  data required time                                                 0.09
  data arrival time                                                 -1.01
  --------------------------------------------------------------------------
  slack (MET)                                                        0.92


  Startpoint: CTRL_UNIT/current_reg[1]
              (rising edge-triggered flip-flop clocked by REF_DOMAIN)
  Endpoint: ALU/ALU_OUT_reg[13]
            (rising edge-triggered flip-flop clocked by Gated_Clock)
  Path Group: Gated_Clock
  Path Type: min

  Point                                                   Incr       Path
  --------------------------------------------------------------------------
  clock REF_DOMAIN (rise edge)                            0.00       0.00
  clock network delay (ideal)                             0.00       0.00
  CTRL_UNIT/current_reg[1]/CK (DFFRQX2M)                  0.00       0.00 r
  CTRL_UNIT/current_reg[1]/Q (DFFRQX2M)                   0.52       0.52 f
  CTRL_UNIT/U68/Y (NAND3X2M)                              0.13       0.65 r
  CTRL_UNIT/U46/Y (NAND2X2M)                              0.11       0.77 f
  CTRL_UNIT/EN_ALU (SYS_CTRL)                             0.00       0.77 f
  ALU/ALU_Enable (ALU_16_bit_OPERAND_WIDTH8_OPCODE_WIDTH4_RESULT_WIDTH16)
                                                          0.00       0.77 f
  ALU/U32/Y (NAND2BX2M)                                   0.17       0.94 r
  ALU/U11/Y (OAI2BB1X2M)                                  0.07       1.01 f
  ALU/ALU_OUT_reg[13]/D (DFFRQX2M)                        0.00       1.01 f
  data arrival time                                                  1.01

  clock Gated_Clock (rise edge)                           0.00       0.00
  clock network delay (ideal)                             0.00       0.00
  clock uncertainty                                       0.10       0.10
  ALU/ALU_OUT_reg[13]/CK (DFFRQX2M)                       0.00       0.10 r
  library hold time                                      -0.01       0.09
  data required time                                                 0.09
  --------------------------------------------------------------------------
  data required time                                                 0.09
  data arrival time                                                 -1.01
  --------------------------------------------------------------------------
  slack (MET)                                                        0.92


  Startpoint: CTRL_UNIT/current_reg[1]
              (rising edge-triggered flip-flop clocked by REF_DOMAIN)
  Endpoint: ALU/ALU_OUT_reg[12]
            (rising edge-triggered flip-flop clocked by Gated_Clock)
  Path Group: Gated_Clock
  Path Type: min

  Point                                                   Incr       Path
  --------------------------------------------------------------------------
  clock REF_DOMAIN (rise edge)                            0.00       0.00
  clock network delay (ideal)                             0.00       0.00
  CTRL_UNIT/current_reg[1]/CK (DFFRQX2M)                  0.00       0.00 r
  CTRL_UNIT/current_reg[1]/Q (DFFRQX2M)                   0.52       0.52 f
  CTRL_UNIT/U68/Y (NAND3X2M)                              0.13       0.65 r
  CTRL_UNIT/U46/Y (NAND2X2M)                              0.11       0.77 f
  CTRL_UNIT/EN_ALU (SYS_CTRL)                             0.00       0.77 f
  ALU/ALU_Enable (ALU_16_bit_OPERAND_WIDTH8_OPCODE_WIDTH4_RESULT_WIDTH16)
                                                          0.00       0.77 f
  ALU/U32/Y (NAND2BX2M)                                   0.17       0.94 r
  ALU/U10/Y (OAI2BB1X2M)                                  0.07       1.01 f
  ALU/ALU_OUT_reg[12]/D (DFFRQX2M)                        0.00       1.01 f
  data arrival time                                                  1.01

  clock Gated_Clock (rise edge)                           0.00       0.00
  clock network delay (ideal)                             0.00       0.00
  clock uncertainty                                       0.10       0.10
  ALU/ALU_OUT_reg[12]/CK (DFFRQX2M)                       0.00       0.10 r
  library hold time                                      -0.01       0.09
  data required time                                                 0.09
  --------------------------------------------------------------------------
  data required time                                                 0.09
  data arrival time                                                 -1.01
  --------------------------------------------------------------------------
  slack (MET)                                                        0.92


  Startpoint: CTRL_UNIT/current_reg[1]
              (rising edge-triggered flip-flop clocked by REF_DOMAIN)
  Endpoint: ALU/ALU_OUT_reg[11]
            (rising edge-triggered flip-flop clocked by Gated_Clock)
  Path Group: Gated_Clock
  Path Type: min

  Point                                                   Incr       Path
  --------------------------------------------------------------------------
  clock REF_DOMAIN (rise edge)                            0.00       0.00
  clock network delay (ideal)                             0.00       0.00
  CTRL_UNIT/current_reg[1]/CK (DFFRQX2M)                  0.00       0.00 r
  CTRL_UNIT/current_reg[1]/Q (DFFRQX2M)                   0.52       0.52 f
  CTRL_UNIT/U68/Y (NAND3X2M)                              0.13       0.65 r
  CTRL_UNIT/U46/Y (NAND2X2M)                              0.11       0.77 f
  CTRL_UNIT/EN_ALU (SYS_CTRL)                             0.00       0.77 f
  ALU/ALU_Enable (ALU_16_bit_OPERAND_WIDTH8_OPCODE_WIDTH4_RESULT_WIDTH16)
                                                          0.00       0.77 f
  ALU/U32/Y (NAND2BX2M)                                   0.17       0.94 r
  ALU/U14/Y (OAI2BB1X2M)                                  0.07       1.01 f
  ALU/ALU_OUT_reg[11]/D (DFFRQX2M)                        0.00       1.01 f
  data arrival time                                                  1.01

  clock Gated_Clock (rise edge)                           0.00       0.00
  clock network delay (ideal)                             0.00       0.00
  clock uncertainty                                       0.10       0.10
  ALU/ALU_OUT_reg[11]/CK (DFFRQX2M)                       0.00       0.10 r
  library hold time                                      -0.01       0.09
  data required time                                                 0.09
  --------------------------------------------------------------------------
  data required time                                                 0.09
  data arrival time                                                 -1.01
  --------------------------------------------------------------------------
  slack (MET)                                                        0.92


  Startpoint: CTRL_UNIT/current_reg[1]
              (rising edge-triggered flip-flop clocked by REF_DOMAIN)
  Endpoint: ALU/ALU_OUT_reg[10]
            (rising edge-triggered flip-flop clocked by Gated_Clock)
  Path Group: Gated_Clock
  Path Type: min

  Point                                                   Incr       Path
  --------------------------------------------------------------------------
  clock REF_DOMAIN (rise edge)                            0.00       0.00
  clock network delay (ideal)                             0.00       0.00
  CTRL_UNIT/current_reg[1]/CK (DFFRQX2M)                  0.00       0.00 r
  CTRL_UNIT/current_reg[1]/Q (DFFRQX2M)                   0.52       0.52 f
  CTRL_UNIT/U68/Y (NAND3X2M)                              0.13       0.65 r
  CTRL_UNIT/U46/Y (NAND2X2M)                              0.11       0.77 f
  CTRL_UNIT/EN_ALU (SYS_CTRL)                             0.00       0.77 f
  ALU/ALU_Enable (ALU_16_bit_OPERAND_WIDTH8_OPCODE_WIDTH4_RESULT_WIDTH16)
                                                          0.00       0.77 f
  ALU/U32/Y (NAND2BX2M)                                   0.17       0.94 r
  ALU/U13/Y (OAI2BB1X2M)                                  0.07       1.01 f
  ALU/ALU_OUT_reg[10]/D (DFFRQX2M)                        0.00       1.01 f
  data arrival time                                                  1.01

  clock Gated_Clock (rise edge)                           0.00       0.00
  clock network delay (ideal)                             0.00       0.00
  clock uncertainty                                       0.10       0.10
  ALU/ALU_OUT_reg[10]/CK (DFFRQX2M)                       0.00       0.10 r
  library hold time                                      -0.01       0.09
  data required time                                                 0.09
  --------------------------------------------------------------------------
  data required time                                                 0.09
  data arrival time                                                 -1.01
  --------------------------------------------------------------------------
  slack (MET)                                                        0.92


  Startpoint: CTRL_UNIT/current_reg[1]
              (rising edge-triggered flip-flop clocked by REF_DOMAIN)
  Endpoint: ALU/ALU_OUT_reg[9]
            (rising edge-triggered flip-flop clocked by Gated_Clock)
  Path Group: Gated_Clock
  Path Type: min

  Point                                                   Incr       Path
  --------------------------------------------------------------------------
  clock REF_DOMAIN (rise edge)                            0.00       0.00
  clock network delay (ideal)                             0.00       0.00
  CTRL_UNIT/current_reg[1]/CK (DFFRQX2M)                  0.00       0.00 r
  CTRL_UNIT/current_reg[1]/Q (DFFRQX2M)                   0.52       0.52 f
  CTRL_UNIT/U68/Y (NAND3X2M)                              0.13       0.65 r
  CTRL_UNIT/U46/Y (NAND2X2M)                              0.11       0.77 f
  CTRL_UNIT/EN_ALU (SYS_CTRL)                             0.00       0.77 f
  ALU/ALU_Enable (ALU_16_bit_OPERAND_WIDTH8_OPCODE_WIDTH4_RESULT_WIDTH16)
                                                          0.00       0.77 f
  ALU/U32/Y (NAND2BX2M)                                   0.17       0.94 r
  ALU/U12/Y (OAI2BB1X2M)                                  0.07       1.01 f
  ALU/ALU_OUT_reg[9]/D (DFFRQX2M)                         0.00       1.01 f
  data arrival time                                                  1.01

  clock Gated_Clock (rise edge)                           0.00       0.00
  clock network delay (ideal)                             0.00       0.00
  clock uncertainty                                       0.10       0.10
  ALU/ALU_OUT_reg[9]/CK (DFFRQX2M)                        0.00       0.10 r
  library hold time                                      -0.01       0.09
  data required time                                                 0.09
  --------------------------------------------------------------------------
  data required time                                                 0.09
  data arrival time                                                 -1.01
  --------------------------------------------------------------------------
  slack (MET)                                                        0.92


  Startpoint: CTRL_UNIT/current_reg[1]
              (rising edge-triggered flip-flop clocked by REF_DOMAIN)
  Endpoint: ALU/ALU_OUT_reg[6]
            (rising edge-triggered flip-flop clocked by Gated_Clock)
  Path Group: Gated_Clock
  Path Type: min

  Point                                                   Incr       Path
  --------------------------------------------------------------------------
  clock REF_DOMAIN (rise edge)                            0.00       0.00
  clock network delay (ideal)                             0.00       0.00
  CTRL_UNIT/current_reg[1]/CK (DFFRQX2M)                  0.00       0.00 r
  CTRL_UNIT/current_reg[1]/Q (DFFRQX2M)                   0.52       0.52 f
  CTRL_UNIT/U68/Y (NAND3X2M)                              0.13       0.65 r
  CTRL_UNIT/U46/Y (NAND2X2M)                              0.11       0.77 f
  CTRL_UNIT/EN_ALU (SYS_CTRL)                             0.00       0.77 f
  ALU/ALU_Enable (ALU_16_bit_OPERAND_WIDTH8_OPCODE_WIDTH4_RESULT_WIDTH16)
                                                          0.00       0.77 f
  ALU/U40/Y (INVX2M)                                      0.23       1.00 r
  ALU/U83/Y (AOI31X2M)                                    0.06       1.06 f
  ALU/ALU_OUT_reg[6]/D (DFFRQX2M)                         0.00       1.06 f
  data arrival time                                                  1.06

  clock Gated_Clock (rise edge)                           0.00       0.00
  clock network delay (ideal)                             0.00       0.00
  clock uncertainty                                       0.10       0.10
  ALU/ALU_OUT_reg[6]/CK (DFFRQX2M)                        0.00       0.10 r
  library hold time                                      -0.01       0.09
  data required time                                                 0.09
  --------------------------------------------------------------------------
  data required time                                                 0.09
  data arrival time                                                 -1.06
  --------------------------------------------------------------------------
  slack (MET)                                                        0.97


  Startpoint: CTRL_UNIT/current_reg[1]
              (rising edge-triggered flip-flop clocked by REF_DOMAIN)
  Endpoint: ALU/ALU_OUT_reg[5]
            (rising edge-triggered flip-flop clocked by Gated_Clock)
  Path Group: Gated_Clock
  Path Type: min

  Point                                                   Incr       Path
  --------------------------------------------------------------------------
  clock REF_DOMAIN (rise edge)                            0.00       0.00
  clock network delay (ideal)                             0.00       0.00
  CTRL_UNIT/current_reg[1]/CK (DFFRQX2M)                  0.00       0.00 r
  CTRL_UNIT/current_reg[1]/Q (DFFRQX2M)                   0.52       0.52 f
  CTRL_UNIT/U68/Y (NAND3X2M)                              0.13       0.65 r
  CTRL_UNIT/U46/Y (NAND2X2M)                              0.11       0.77 f
  CTRL_UNIT/EN_ALU (SYS_CTRL)                             0.00       0.77 f
  ALU/ALU_Enable (ALU_16_bit_OPERAND_WIDTH8_OPCODE_WIDTH4_RESULT_WIDTH16)
                                                          0.00       0.77 f
  ALU/U40/Y (INVX2M)                                      0.23       1.00 r
  ALU/U79/Y (AOI31X2M)                                    0.06       1.06 f
  ALU/ALU_OUT_reg[5]/D (DFFRQX2M)                         0.00       1.06 f
  data arrival time                                                  1.06

  clock Gated_Clock (rise edge)                           0.00       0.00
  clock network delay (ideal)                             0.00       0.00
  clock uncertainty                                       0.10       0.10
  ALU/ALU_OUT_reg[5]/CK (DFFRQX2M)                        0.00       0.10 r
  library hold time                                      -0.01       0.09
  data required time                                                 0.09
  --------------------------------------------------------------------------
  data required time                                                 0.09
  data arrival time                                                 -1.06
  --------------------------------------------------------------------------
  slack (MET)                                                        0.97


  Startpoint: CTRL_UNIT/current_reg[1]
              (rising edge-triggered flip-flop clocked by REF_DOMAIN)
  Endpoint: ALU/ALU_OUT_reg[4]
            (rising edge-triggered flip-flop clocked by Gated_Clock)
  Path Group: Gated_Clock
  Path Type: min

  Point                                                   Incr       Path
  --------------------------------------------------------------------------
  clock REF_DOMAIN (rise edge)                            0.00       0.00
  clock network delay (ideal)                             0.00       0.00
  CTRL_UNIT/current_reg[1]/CK (DFFRQX2M)                  0.00       0.00 r
  CTRL_UNIT/current_reg[1]/Q (DFFRQX2M)                   0.52       0.52 f
  CTRL_UNIT/U68/Y (NAND3X2M)                              0.13       0.65 r
  CTRL_UNIT/U46/Y (NAND2X2M)                              0.11       0.77 f
  CTRL_UNIT/EN_ALU (SYS_CTRL)                             0.00       0.77 f
  ALU/ALU_Enable (ALU_16_bit_OPERAND_WIDTH8_OPCODE_WIDTH4_RESULT_WIDTH16)
                                                          0.00       0.77 f
  ALU/U40/Y (INVX2M)                                      0.23       1.00 r
  ALU/U75/Y (AOI31X2M)                                    0.06       1.06 f
  ALU/ALU_OUT_reg[4]/D (DFFRQX2M)                         0.00       1.06 f
  data arrival time                                                  1.06

  clock Gated_Clock (rise edge)                           0.00       0.00
  clock network delay (ideal)                             0.00       0.00
  clock uncertainty                                       0.10       0.10
  ALU/ALU_OUT_reg[4]/CK (DFFRQX2M)                        0.00       0.10 r
  library hold time                                      -0.01       0.09
  data required time                                                 0.09
  --------------------------------------------------------------------------
  data required time                                                 0.09
  data arrival time                                                 -1.06
  --------------------------------------------------------------------------
  slack (MET)                                                        0.97


  Startpoint: CTRL_UNIT/current_reg[1]
              (rising edge-triggered flip-flop clocked by REF_DOMAIN)
  Endpoint: ALU/ALU_OUT_reg[3]
            (rising edge-triggered flip-flop clocked by Gated_Clock)
  Path Group: Gated_Clock
  Path Type: min

  Point                                                   Incr       Path
  --------------------------------------------------------------------------
  clock REF_DOMAIN (rise edge)                            0.00       0.00
  clock network delay (ideal)                             0.00       0.00
  CTRL_UNIT/current_reg[1]/CK (DFFRQX2M)                  0.00       0.00 r
  CTRL_UNIT/current_reg[1]/Q (DFFRQX2M)                   0.52       0.52 f
  CTRL_UNIT/U68/Y (NAND3X2M)                              0.13       0.65 r
  CTRL_UNIT/U46/Y (NAND2X2M)                              0.11       0.77 f
  CTRL_UNIT/EN_ALU (SYS_CTRL)                             0.00       0.77 f
  ALU/ALU_Enable (ALU_16_bit_OPERAND_WIDTH8_OPCODE_WIDTH4_RESULT_WIDTH16)
                                                          0.00       0.77 f
  ALU/U40/Y (INVX2M)                                      0.23       1.00 r
  ALU/U63/Y (AOI31X2M)                                    0.06       1.06 f
  ALU/ALU_OUT_reg[3]/D (DFFRQX2M)                         0.00       1.06 f
  data arrival time                                                  1.06

  clock Gated_Clock (rise edge)                           0.00       0.00
  clock network delay (ideal)                             0.00       0.00
  clock uncertainty                                       0.10       0.10
  ALU/ALU_OUT_reg[3]/CK (DFFRQX2M)                        0.00       0.10 r
  library hold time                                      -0.01       0.09
  data required time                                                 0.09
  --------------------------------------------------------------------------
  data required time                                                 0.09
  data arrival time                                                 -1.06
  --------------------------------------------------------------------------
  slack (MET)                                                        0.97


  Startpoint: CTRL_UNIT/current_reg[1]
              (rising edge-triggered flip-flop clocked by REF_DOMAIN)
  Endpoint: ALU/ALU_OUT_reg[2]
            (rising edge-triggered flip-flop clocked by Gated_Clock)
  Path Group: Gated_Clock
  Path Type: min

  Point                                                   Incr       Path
  --------------------------------------------------------------------------
  clock REF_DOMAIN (rise edge)                            0.00       0.00
  clock network delay (ideal)                             0.00       0.00
  CTRL_UNIT/current_reg[1]/CK (DFFRQX2M)                  0.00       0.00 r
  CTRL_UNIT/current_reg[1]/Q (DFFRQX2M)                   0.52       0.52 f
  CTRL_UNIT/U68/Y (NAND3X2M)                              0.13       0.65 r
  CTRL_UNIT/U46/Y (NAND2X2M)                              0.11       0.77 f
  CTRL_UNIT/EN_ALU (SYS_CTRL)                             0.00       0.77 f
  ALU/ALU_Enable (ALU_16_bit_OPERAND_WIDTH8_OPCODE_WIDTH4_RESULT_WIDTH16)
                                                          0.00       0.77 f
  ALU/U40/Y (INVX2M)                                      0.23       1.00 r
  ALU/U55/Y (AOI31X2M)                                    0.06       1.06 f
  ALU/ALU_OUT_reg[2]/D (DFFRQX2M)                         0.00       1.06 f
  data arrival time                                                  1.06

  clock Gated_Clock (rise edge)                           0.00       0.00
  clock network delay (ideal)                             0.00       0.00
  clock uncertainty                                       0.10       0.10
  ALU/ALU_OUT_reg[2]/CK (DFFRQX2M)                        0.00       0.10 r
  library hold time                                      -0.01       0.09
  data required time                                                 0.09
  --------------------------------------------------------------------------
  data required time                                                 0.09
  data arrival time                                                 -1.06
  --------------------------------------------------------------------------
  slack (MET)                                                        0.97


  Startpoint: D1/chain_reg[0]/CK
              (internal path startpoint clocked by REF_DOMAIN)
  Endpoint: D1/SYNC_RST_reg
            (rising edge-triggered flip-flop clocked by REF_DOMAIN)
  Path Group: REF_DOMAIN
  Path Type: min

  Point                                    Incr       Path
  -----------------------------------------------------------
  clock REF_DOMAIN (rise edge)             0.00       0.00
  clock network delay (ideal)              0.00       0.00
  input external delay                     0.00       0.00 r
  D1/chain_reg[0]/CK (DFFRQX2M)            0.00       0.00 r
  D1/chain_reg[0]/Q (DFFRQX2M)             0.47       0.47 f
  D1/SYNC_RST_reg/D (DFFRQX2M)             0.00       0.47 f
  data arrival time                                   0.47

  clock REF_DOMAIN (rise edge)             0.00       0.00
  clock network delay (ideal)              0.00       0.00
  clock uncertainty                        0.10       0.10
  D1/SYNC_RST_reg/CK (DFFRQX2M)            0.00       0.10 r
  library hold time                       -0.01       0.09
  data required time                                  0.09
  -----------------------------------------------------------
  data required time                                  0.09
  data arrival time                                  -0.47
  -----------------------------------------------------------
  slack (MET)                                         0.38


  Startpoint: FIFO/Data_Sync_Write_Block/stage_one_reg[2]
              (rising edge-triggered flip-flop clocked by REF_DOMAIN)
  Endpoint: FIFO/Data_Sync_Write_Block/out_reg[2]
            (rising edge-triggered flip-flop clocked by REF_DOMAIN)
  Path Group: REF_DOMAIN
  Path Type: min

  Point                                                   Incr       Path
  --------------------------------------------------------------------------
  clock REF_DOMAIN (rise edge)                            0.00       0.00
  clock network delay (ideal)                             0.00       0.00
  FIFO/Data_Sync_Write_Block/stage_one_reg[2]/CK (DFFRQX2M)
                                                          0.00       0.00 r
  FIFO/Data_Sync_Write_Block/stage_one_reg[2]/Q (DFFRQX2M)
                                                          0.47       0.47 f
  FIFO/Data_Sync_Write_Block/out_reg[2]/D (DFFRQX2M)      0.00       0.47 f
  data arrival time                                                  0.47

  clock REF_DOMAIN (rise edge)                            0.00       0.00
  clock network delay (ideal)                             0.00       0.00
  clock uncertainty                                       0.10       0.10
  FIFO/Data_Sync_Write_Block/out_reg[2]/CK (DFFRQX2M)     0.00       0.10 r
  library hold time                                      -0.01       0.09
  data required time                                                 0.09
  --------------------------------------------------------------------------
  data required time                                                 0.09
  data arrival time                                                 -0.47
  --------------------------------------------------------------------------
  slack (MET)                                                        0.38


  Startpoint: FIFO/Data_Sync_Write_Block/stage_one_reg[1]
              (rising edge-triggered flip-flop clocked by REF_DOMAIN)
  Endpoint: FIFO/Data_Sync_Write_Block/out_reg[1]
            (rising edge-triggered flip-flop clocked by REF_DOMAIN)
  Path Group: REF_DOMAIN
  Path Type: min

  Point                                                   Incr       Path
  --------------------------------------------------------------------------
  clock REF_DOMAIN (rise edge)                            0.00       0.00
  clock network delay (ideal)                             0.00       0.00
  FIFO/Data_Sync_Write_Block/stage_one_reg[1]/CK (DFFRQX2M)
                                                          0.00       0.00 r
  FIFO/Data_Sync_Write_Block/stage_one_reg[1]/Q (DFFRQX2M)
                                                          0.47       0.47 f
  FIFO/Data_Sync_Write_Block/out_reg[1]/D (DFFRQX2M)      0.00       0.47 f
  data arrival time                                                  0.47

  clock REF_DOMAIN (rise edge)                            0.00       0.00
  clock network delay (ideal)                             0.00       0.00
  clock uncertainty                                       0.10       0.10
  FIFO/Data_Sync_Write_Block/out_reg[1]/CK (DFFRQX2M)     0.00       0.10 r
  library hold time                                      -0.01       0.09
  data required time                                                 0.09
  --------------------------------------------------------------------------
  data required time                                                 0.09
  data arrival time                                                 -0.47
  --------------------------------------------------------------------------
  slack (MET)                                                        0.38


  Startpoint: FIFO/Data_Sync_Write_Block/stage_one_reg[0]
              (rising edge-triggered flip-flop clocked by REF_DOMAIN)
  Endpoint: FIFO/Data_Sync_Write_Block/out_reg[0]
            (rising edge-triggered flip-flop clocked by REF_DOMAIN)
  Path Group: REF_DOMAIN
  Path Type: min

  Point                                                   Incr       Path
  --------------------------------------------------------------------------
  clock REF_DOMAIN (rise edge)                            0.00       0.00
  clock network delay (ideal)                             0.00       0.00
  FIFO/Data_Sync_Write_Block/stage_one_reg[0]/CK (DFFRQX2M)
                                                          0.00       0.00 r
  FIFO/Data_Sync_Write_Block/stage_one_reg[0]/Q (DFFRQX2M)
                                                          0.47       0.47 f
  FIFO/Data_Sync_Write_Block/out_reg[0]/D (DFFRQX2M)      0.00       0.47 f
  data arrival time                                                  0.47

  clock REF_DOMAIN (rise edge)                            0.00       0.00
  clock network delay (ideal)                             0.00       0.00
  clock uncertainty                                       0.10       0.10
  FIFO/Data_Sync_Write_Block/out_reg[0]/CK (DFFRQX2M)     0.00       0.10 r
  library hold time                                      -0.01       0.09
  data required time                                                 0.09
  --------------------------------------------------------------------------
  data required time                                                 0.09
  data arrival time                                                 -0.47
  --------------------------------------------------------------------------
  slack (MET)                                                        0.38


  Startpoint: FIFO/Data_Sync_Write_Block/stage_one_reg[3]
              (rising edge-triggered flip-flop clocked by REF_DOMAIN)
  Endpoint: FIFO/Data_Sync_Write_Block/out_reg[3]
            (rising edge-triggered flip-flop clocked by REF_DOMAIN)
  Path Group: REF_DOMAIN
  Path Type: min

  Point                                                   Incr       Path
  --------------------------------------------------------------------------
  clock REF_DOMAIN (rise edge)                            0.00       0.00
  clock network delay (ideal)                             0.00       0.00
  FIFO/Data_Sync_Write_Block/stage_one_reg[3]/CK (DFFRQX2M)
                                                          0.00       0.00 r
  FIFO/Data_Sync_Write_Block/stage_one_reg[3]/Q (DFFRQX2M)
                                                          0.47       0.47 f
  FIFO/Data_Sync_Write_Block/out_reg[3]/D (DFFRQX2M)      0.00       0.47 f
  data arrival time                                                  0.47

  clock REF_DOMAIN (rise edge)                            0.00       0.00
  clock network delay (ideal)                             0.00       0.00
  clock uncertainty                                       0.10       0.10
  FIFO/Data_Sync_Write_Block/out_reg[3]/CK (DFFRQX2M)     0.00       0.10 r
  library hold time                                      -0.01       0.09
  data required time                                                 0.09
  --------------------------------------------------------------------------
  data required time                                                 0.09
  data arrival time                                                 -0.47
  --------------------------------------------------------------------------
  slack (MET)                                                        0.38


  Startpoint: DATA_SYNC/chain_reg[0]
              (rising edge-triggered flip-flop clocked by REF_DOMAIN)
  Endpoint: DATA_SYNC/chain_reg[1]
            (rising edge-triggered flip-flop clocked by REF_DOMAIN)
  Path Group: REF_DOMAIN
  Path Type: min

  Point                                                   Incr       Path
  --------------------------------------------------------------------------
  clock REF_DOMAIN (rise edge)                            0.00       0.00
  clock network delay (ideal)                             0.00       0.00
  DATA_SYNC/chain_reg[0]/CK (DFFRQX2M)                    0.00       0.00 r
  DATA_SYNC/chain_reg[0]/Q (DFFRQX2M)                     0.47       0.47 f
  DATA_SYNC/chain_reg[1]/D (DFFRQX2M)                     0.00       0.47 f
  data arrival time                                                  0.47

  clock REF_DOMAIN (rise edge)                            0.00       0.00
  clock network delay (ideal)                             0.00       0.00
  clock uncertainty                                       0.10       0.10
  DATA_SYNC/chain_reg[1]/CK (DFFRQX2M)                    0.00       0.10 r
  library hold time                                      -0.01       0.09
  data required time                                                 0.09
  --------------------------------------------------------------------------
  data required time                                                 0.09
  data arrival time                                                 -0.47
  --------------------------------------------------------------------------
  slack (MET)                                                        0.38


  Startpoint: DATA_SYNC/chain_reg[1]
              (rising edge-triggered flip-flop clocked by REF_DOMAIN)
  Endpoint: DATA_SYNC/final_reg
            (rising edge-triggered flip-flop clocked by REF_DOMAIN)
  Path Group: REF_DOMAIN
  Path Type: min

  Point                                                   Incr       Path
  --------------------------------------------------------------------------
  clock REF_DOMAIN (rise edge)                            0.00       0.00
  clock network delay (ideal)                             0.00       0.00
  DATA_SYNC/chain_reg[1]/CK (DFFRQX2M)                    0.00       0.00 r
  DATA_SYNC/chain_reg[1]/Q (DFFRQX2M)                     0.49       0.49 f
  DATA_SYNC/final_reg/D (DFFRQX2M)                        0.00       0.49 f
  data arrival time                                                  0.49

  clock REF_DOMAIN (rise edge)                            0.00       0.00
  clock network delay (ideal)                             0.00       0.00
  clock uncertainty                                       0.10       0.10
  DATA_SYNC/final_reg/CK (DFFRQX2M)                       0.00       0.10 r
  library hold time                                      -0.01       0.09
  data required time                                                 0.09
  --------------------------------------------------------------------------
  data required time                                                 0.09
  data arrival time                                                 -0.49
  --------------------------------------------------------------------------
  slack (MET)                                                        0.40


  Startpoint: FIFO/Write_Full/internal_reg[3]
              (rising edge-triggered flip-flop clocked by REF_DOMAIN)
  Endpoint: FIFO/Write_Full/internal_reg[3]
            (rising edge-triggered flip-flop clocked by REF_DOMAIN)
  Path Group: REF_DOMAIN
  Path Type: min

  Point                                                   Incr       Path
  --------------------------------------------------------------------------
  clock REF_DOMAIN (rise edge)                            0.00       0.00
  clock network delay (ideal)                             0.00       0.00
  FIFO/Write_Full/internal_reg[3]/CK (DFFRQX2M)           0.00       0.00 r
  FIFO/Write_Full/internal_reg[3]/Q (DFFRQX2M)            0.42       0.42 r
  FIFO/Write_Full/U18/Y (INVX2M)                          0.06       0.48 f
  FIFO/Write_Full/U6/Y (XNOR2X2M)                         0.11       0.59 f
  FIFO/Write_Full/internal_reg[3]/D (DFFRQX2M)            0.00       0.59 f
  data arrival time                                                  0.59

  clock REF_DOMAIN (rise edge)                            0.00       0.00
  clock network delay (ideal)                             0.00       0.00
  clock uncertainty                                       0.10       0.10
  FIFO/Write_Full/internal_reg[3]/CK (DFFRQX2M)           0.00       0.10 r
  library hold time                                      -0.01       0.09
  data required time                                                 0.09
  --------------------------------------------------------------------------
  data required time                                                 0.09
  data arrival time                                                 -0.59
  --------------------------------------------------------------------------
  slack (MET)                                                        0.50


  Startpoint: CTRL_UNIT/Address_REG_FILE_reg[0]
              (rising edge-triggered flip-flop clocked by REF_DOMAIN)
  Endpoint: CTRL_UNIT/Address_REG_FILE_reg[0]
            (rising edge-triggered flip-flop clocked by REF_DOMAIN)
  Path Group: REF_DOMAIN
  Path Type: min

  Point                                                   Incr       Path
  --------------------------------------------------------------------------
  clock REF_DOMAIN (rise edge)                            0.00       0.00
  clock network delay (ideal)                             0.00       0.00
  CTRL_UNIT/Address_REG_FILE_reg[0]/CK (DFFRQX2M)         0.00       0.00 r
  CTRL_UNIT/Address_REG_FILE_reg[0]/Q (DFFRQX2M)          0.49       0.49 f
  CTRL_UNIT/U58/Y (NAND2X2M)                              0.07       0.56 r
  CTRL_UNIT/U57/Y (OAI211X2M)                             0.07       0.63 f
  CTRL_UNIT/Address_REG_FILE_reg[0]/D (DFFRQX2M)          0.00       0.63 f
  data arrival time                                                  0.63

  clock REF_DOMAIN (rise edge)                            0.00       0.00
  clock network delay (ideal)                             0.00       0.00
  clock uncertainty                                       0.10       0.10
  CTRL_UNIT/Address_REG_FILE_reg[0]/CK (DFFRQX2M)         0.00       0.10 r
  library hold time                                      -0.01       0.09
  data required time                                                 0.09
  --------------------------------------------------------------------------
  data required time                                                 0.09
  data arrival time                                                 -0.63
  --------------------------------------------------------------------------
  slack (MET)                                                        0.54


  Startpoint: REG_FILE/Reg_File_reg[3][0]
              (rising edge-triggered flip-flop clocked by REF_DOMAIN)
  Endpoint: REG_FILE/Reg_File_reg[3][0]
            (rising edge-triggered flip-flop clocked by REF_DOMAIN)
  Path Group: REF_DOMAIN
  Path Type: min

  Point                                                   Incr       Path
  --------------------------------------------------------------------------
  clock REF_DOMAIN (rise edge)                            0.00       0.00
  clock network delay (ideal)                             0.00       0.00
  REG_FILE/Reg_File_reg[3][0]/CK (DFFSQX2M)               0.00       0.00 r
  REG_FILE/Reg_File_reg[3][0]/Q (DFFSQX2M)                0.46       0.46 r
  REG_FILE/U67/Y (OAI2BB2X1M)                             0.15       0.61 r
  REG_FILE/Reg_File_reg[3][0]/D (DFFSQX2M)                0.00       0.61 r
  data arrival time                                                  0.61

  clock REF_DOMAIN (rise edge)                            0.00       0.00
  clock network delay (ideal)                             0.00       0.00
  clock uncertainty                                       0.10       0.10
  REG_FILE/Reg_File_reg[3][0]/CK (DFFSQX2M)               0.00       0.10 r
  library hold time                                      -0.04       0.06
  data required time                                                 0.06
  --------------------------------------------------------------------------
  data required time                                                 0.06
  data arrival time                                                 -0.61
  --------------------------------------------------------------------------
  slack (MET)                                                        0.56


  Startpoint: DATA_SYNC/final_reg
              (rising edge-triggered flip-flop clocked by REF_DOMAIN)
  Endpoint: DATA_SYNC/enable_pulse_reg
            (rising edge-triggered flip-flop clocked by REF_DOMAIN)
  Path Group: REF_DOMAIN
  Path Type: min

  Point                                                   Incr       Path
  --------------------------------------------------------------------------
  clock REF_DOMAIN (rise edge)                            0.00       0.00
  clock network delay (ideal)                             0.00       0.00
  DATA_SYNC/final_reg/CK (DFFRQX2M)                       0.00       0.00 r
  DATA_SYNC/final_reg/Q (DFFRQX2M)                        0.38       0.38 r
  DATA_SYNC/U4/Y (NAND2BX2M)                              0.17       0.55 r
  DATA_SYNC/U3/Y (INVX2M)                                 0.10       0.64 f
  DATA_SYNC/enable_pulse_reg/D (DFFRQX2M)                 0.00       0.64 f
  data arrival time                                                  0.64

  clock REF_DOMAIN (rise edge)                            0.00       0.00
  clock network delay (ideal)                             0.00       0.00
  clock uncertainty                                       0.10       0.10
  DATA_SYNC/enable_pulse_reg/CK (DFFRQX2M)                0.00       0.10 r
  library hold time                                      -0.01       0.09
  data required time                                                 0.09
  --------------------------------------------------------------------------
  data required time                                                 0.09
  data arrival time                                                 -0.64
  --------------------------------------------------------------------------
  slack (MET)                                                        0.56


  Startpoint: FIFO/Write_Full/internal_reg[2]
              (rising edge-triggered flip-flop clocked by REF_DOMAIN)
  Endpoint: FIFO/Write_Full/internal_reg[2]
            (rising edge-triggered flip-flop clocked by REF_DOMAIN)
  Path Group: REF_DOMAIN
  Path Type: min

  Point                                                   Incr       Path
  --------------------------------------------------------------------------
  clock REF_DOMAIN (rise edge)                            0.00       0.00
  clock network delay (ideal)                             0.00       0.00
  FIFO/Write_Full/internal_reg[2]/CK (DFFRQX2M)           0.00       0.00 r
  FIFO/Write_Full/internal_reg[2]/Q (DFFRQX2M)            0.43       0.43 r
  FIFO/Write_Full/U16/Y (INVX2M)                          0.08       0.51 f
  FIFO/Write_Full/U8/Y (CLKXOR2X2M)                       0.15       0.66 f
  FIFO/Write_Full/internal_reg[2]/D (DFFRQX2M)            0.00       0.66 f
  data arrival time                                                  0.66

  clock REF_DOMAIN (rise edge)                            0.00       0.00
  clock network delay (ideal)                             0.00       0.00
  clock uncertainty                                       0.10       0.10
  FIFO/Write_Full/internal_reg[2]/CK (DFFRQX2M)           0.00       0.10 r
  library hold time                                      -0.01       0.09
  data required time                                                 0.09
  --------------------------------------------------------------------------
  data required time                                                 0.09
  data arrival time                                                 -0.66
  --------------------------------------------------------------------------
  slack (MET)                                                        0.57


  Startpoint: DATA_SYNC/sync_bus_reg[1]
              (rising edge-triggered flip-flop clocked by REF_DOMAIN)
  Endpoint: CTRL_UNIT/current_reg[0]
            (rising edge-triggered flip-flop clocked by REF_DOMAIN)
  Path Group: REF_DOMAIN
  Path Type: min

  Point                                                   Incr       Path
  --------------------------------------------------------------------------
  clock REF_DOMAIN (rise edge)                            0.00       0.00
  clock network delay (ideal)                             0.00       0.00
  DATA_SYNC/sync_bus_reg[1]/CK (DFFRQX2M)                 0.00       0.00 r
  DATA_SYNC/sync_bus_reg[1]/Q (DFFRQX2M)                  0.52       0.52 f
  DATA_SYNC/sync_bus[1] (Data_Sync_NUM_STAGES2_BUS_WIDTH8)
                                                          0.00       0.52 f
  CTRL_UNIT/RX_P_DATA[1] (SYS_CTRL)                       0.00       0.52 f
  CTRL_UNIT/U99/Y (NAND4X2M)                              0.10       0.61 r
  CTRL_UNIT/U59/Y (OAI2B11X2M)                            0.07       0.68 f
  CTRL_UNIT/current_reg[0]/D (DFFRQX2M)                   0.00       0.68 f
  data arrival time                                                  0.68

  clock REF_DOMAIN (rise edge)                            0.00       0.00
  clock network delay (ideal)                             0.00       0.00
  clock uncertainty                                       0.10       0.10
  CTRL_UNIT/current_reg[0]/CK (DFFRQX2M)                  0.00       0.10 r
  library hold time                                      -0.01       0.09
  data required time                                                 0.09
  --------------------------------------------------------------------------
  data required time                                                 0.09
  data arrival time                                                 -0.68
  --------------------------------------------------------------------------
  slack (MET)                                                        0.59


  Startpoint: REG_FILE/RdData_reg[7]
              (rising edge-triggered flip-flop clocked by REF_DOMAIN)
  Endpoint: REG_FILE/RdData_reg[7]
            (rising edge-triggered flip-flop clocked by REF_DOMAIN)
  Path Group: REF_DOMAIN
  Path Type: min

  Point                                                   Incr       Path
  --------------------------------------------------------------------------
  clock REF_DOMAIN (rise edge)                            0.00       0.00
  clock network delay (ideal)                             0.00       0.00
  REG_FILE/RdData_reg[7]/CK (DFFRQX2M)                    0.00       0.00 r
  REG_FILE/RdData_reg[7]/Q (DFFRQX2M)                     0.39       0.39 r
  REG_FILE/U231/Y (AO22X1M)                               0.14       0.53 r
  REG_FILE/RdData_reg[7]/D (DFFRQX2M)                     0.00       0.53 r
  data arrival time                                                  0.53

  clock REF_DOMAIN (rise edge)                            0.00       0.00
  clock network delay (ideal)                             0.00       0.00
  clock uncertainty                                       0.10       0.10
  REG_FILE/RdData_reg[7]/CK (DFFRQX2M)                    0.00       0.10 r
  library hold time                                      -0.16      -0.06
  data required time                                                -0.06
  --------------------------------------------------------------------------
  data required time                                                -0.06
  data arrival time                                                 -0.53
  --------------------------------------------------------------------------
  slack (MET)                                                        0.59


  Startpoint: REG_FILE/RdData_reg[6]
              (rising edge-triggered flip-flop clocked by REF_DOMAIN)
  Endpoint: REG_FILE/RdData_reg[6]
            (rising edge-triggered flip-flop clocked by REF_DOMAIN)
  Path Group: REF_DOMAIN
  Path Type: min

  Point                                                   Incr       Path
  --------------------------------------------------------------------------
  clock REF_DOMAIN (rise edge)                            0.00       0.00
  clock network delay (ideal)                             0.00       0.00
  REG_FILE/RdData_reg[6]/CK (DFFRQX2M)                    0.00       0.00 r
  REG_FILE/RdData_reg[6]/Q (DFFRQX2M)                     0.39       0.39 r
  REG_FILE/U227/Y (AO22X1M)                               0.14       0.53 r
  REG_FILE/RdData_reg[6]/D (DFFRQX2M)                     0.00       0.53 r
  data arrival time                                                  0.53

  clock REF_DOMAIN (rise edge)                            0.00       0.00
  clock network delay (ideal)                             0.00       0.00
  clock uncertainty                                       0.10       0.10
  REG_FILE/RdData_reg[6]/CK (DFFRQX2M)                    0.00       0.10 r
  library hold time                                      -0.16      -0.06
  data required time                                                -0.06
  --------------------------------------------------------------------------
  data required time                                                -0.06
  data arrival time                                                 -0.53
  --------------------------------------------------------------------------
  slack (MET)                                                        0.59


  Startpoint: REG_FILE/RdData_reg[5]
              (rising edge-triggered flip-flop clocked by REF_DOMAIN)
  Endpoint: REG_FILE/RdData_reg[5]
            (rising edge-triggered flip-flop clocked by REF_DOMAIN)
  Path Group: REF_DOMAIN
  Path Type: min

  Point                                                   Incr       Path
  --------------------------------------------------------------------------
  clock REF_DOMAIN (rise edge)                            0.00       0.00
  clock network delay (ideal)                             0.00       0.00
  REG_FILE/RdData_reg[5]/CK (DFFRQX2M)                    0.00       0.00 r
  REG_FILE/RdData_reg[5]/Q (DFFRQX2M)                     0.39       0.39 r
  REG_FILE/U223/Y (AO22X1M)                               0.14       0.53 r
  REG_FILE/RdData_reg[5]/D (DFFRQX2M)                     0.00       0.53 r
  data arrival time                                                  0.53

  clock REF_DOMAIN (rise edge)                            0.00       0.00
  clock network delay (ideal)                             0.00       0.00
  clock uncertainty                                       0.10       0.10
  REG_FILE/RdData_reg[5]/CK (DFFRQX2M)                    0.00       0.10 r
  library hold time                                      -0.16      -0.06
  data required time                                                -0.06
  --------------------------------------------------------------------------
  data required time                                                -0.06
  data arrival time                                                 -0.53
  --------------------------------------------------------------------------
  slack (MET)                                                        0.59


  Startpoint: REG_FILE/RdData_reg[4]
              (rising edge-triggered flip-flop clocked by REF_DOMAIN)
  Endpoint: REG_FILE/RdData_reg[4]
            (rising edge-triggered flip-flop clocked by REF_DOMAIN)
  Path Group: REF_DOMAIN
  Path Type: min

  Point                                                   Incr       Path
  --------------------------------------------------------------------------
  clock REF_DOMAIN (rise edge)                            0.00       0.00
  clock network delay (ideal)                             0.00       0.00
  REG_FILE/RdData_reg[4]/CK (DFFRQX2M)                    0.00       0.00 r
  REG_FILE/RdData_reg[4]/Q (DFFRQX2M)                     0.39       0.39 r
  REG_FILE/U219/Y (AO22X1M)                               0.14       0.53 r
  REG_FILE/RdData_reg[4]/D (DFFRQX2M)                     0.00       0.53 r
  data arrival time                                                  0.53

  clock REF_DOMAIN (rise edge)                            0.00       0.00
  clock network delay (ideal)                             0.00       0.00
  clock uncertainty                                       0.10       0.10
  REG_FILE/RdData_reg[4]/CK (DFFRQX2M)                    0.00       0.10 r
  library hold time                                      -0.16      -0.06
  data required time                                                -0.06
  --------------------------------------------------------------------------
  data required time                                                -0.06
  data arrival time                                                 -0.53
  --------------------------------------------------------------------------
  slack (MET)                                                        0.59


  Startpoint: REG_FILE/RdData_reg[3]
              (rising edge-triggered flip-flop clocked by REF_DOMAIN)
  Endpoint: REG_FILE/RdData_reg[3]
            (rising edge-triggered flip-flop clocked by REF_DOMAIN)
  Path Group: REF_DOMAIN
  Path Type: min

  Point                                                   Incr       Path
  --------------------------------------------------------------------------
  clock REF_DOMAIN (rise edge)                            0.00       0.00
  clock network delay (ideal)                             0.00       0.00
  REG_FILE/RdData_reg[3]/CK (DFFRQX2M)                    0.00       0.00 r
  REG_FILE/RdData_reg[3]/Q (DFFRQX2M)                     0.39       0.39 r
  REG_FILE/U215/Y (AO22X1M)                               0.14       0.53 r
  REG_FILE/RdData_reg[3]/D (DFFRQX2M)                     0.00       0.53 r
  data arrival time                                                  0.53

  clock REF_DOMAIN (rise edge)                            0.00       0.00
  clock network delay (ideal)                             0.00       0.00
  clock uncertainty                                       0.10       0.10
  REG_FILE/RdData_reg[3]/CK (DFFRQX2M)                    0.00       0.10 r
  library hold time                                      -0.16      -0.06
  data required time                                                -0.06
  --------------------------------------------------------------------------
  data required time                                                -0.06
  data arrival time                                                 -0.53
  --------------------------------------------------------------------------
  slack (MET)                                                        0.59


  Startpoint: REG_FILE/RdData_reg[2]
              (rising edge-triggered flip-flop clocked by REF_DOMAIN)
  Endpoint: REG_FILE/RdData_reg[2]
            (rising edge-triggered flip-flop clocked by REF_DOMAIN)
  Path Group: REF_DOMAIN
  Path Type: min

  Point                                                   Incr       Path
  --------------------------------------------------------------------------
  clock REF_DOMAIN (rise edge)                            0.00       0.00
  clock network delay (ideal)                             0.00       0.00
  REG_FILE/RdData_reg[2]/CK (DFFRQX2M)                    0.00       0.00 r
  REG_FILE/RdData_reg[2]/Q (DFFRQX2M)                     0.39       0.39 r
  REG_FILE/U211/Y (AO22X1M)                               0.14       0.53 r
  REG_FILE/RdData_reg[2]/D (DFFRQX2M)                     0.00       0.53 r
  data arrival time                                                  0.53

  clock REF_DOMAIN (rise edge)                            0.00       0.00
  clock network delay (ideal)                             0.00       0.00
  clock uncertainty                                       0.10       0.10
  REG_FILE/RdData_reg[2]/CK (DFFRQX2M)                    0.00       0.10 r
  library hold time                                      -0.16      -0.06
  data required time                                                -0.06
  --------------------------------------------------------------------------
  data required time                                                -0.06
  data arrival time                                                 -0.53
  --------------------------------------------------------------------------
  slack (MET)                                                        0.59


  Startpoint: REG_FILE/RdData_reg[1]
              (rising edge-triggered flip-flop clocked by REF_DOMAIN)
  Endpoint: REG_FILE/RdData_reg[1]
            (rising edge-triggered flip-flop clocked by REF_DOMAIN)
  Path Group: REF_DOMAIN
  Path Type: min

  Point                                                   Incr       Path
  --------------------------------------------------------------------------
  clock REF_DOMAIN (rise edge)                            0.00       0.00
  clock network delay (ideal)                             0.00       0.00
  REG_FILE/RdData_reg[1]/CK (DFFRQX2M)                    0.00       0.00 r
  REG_FILE/RdData_reg[1]/Q (DFFRQX2M)                     0.39       0.39 r
  REG_FILE/U207/Y (AO22X1M)                               0.14       0.53 r
  REG_FILE/RdData_reg[1]/D (DFFRQX2M)                     0.00       0.53 r
  data arrival time                                                  0.53

  clock REF_DOMAIN (rise edge)                            0.00       0.00
  clock network delay (ideal)                             0.00       0.00
  clock uncertainty                                       0.10       0.10
  REG_FILE/RdData_reg[1]/CK (DFFRQX2M)                    0.00       0.10 r
  library hold time                                      -0.16      -0.06
  data required time                                                -0.06
  --------------------------------------------------------------------------
  data required time                                                -0.06
  data arrival time                                                 -0.53
  --------------------------------------------------------------------------
  slack (MET)                                                        0.59


  Startpoint: REG_FILE/RdData_reg[0]
              (rising edge-triggered flip-flop clocked by REF_DOMAIN)
  Endpoint: REG_FILE/RdData_reg[0]
            (rising edge-triggered flip-flop clocked by REF_DOMAIN)
  Path Group: REF_DOMAIN
  Path Type: min

  Point                                                   Incr       Path
  --------------------------------------------------------------------------
  clock REF_DOMAIN (rise edge)                            0.00       0.00
  clock network delay (ideal)                             0.00       0.00
  REG_FILE/RdData_reg[0]/CK (DFFRQX2M)                    0.00       0.00 r
  REG_FILE/RdData_reg[0]/Q (DFFRQX2M)                     0.39       0.39 r
  REG_FILE/U203/Y (AO22X1M)                               0.14       0.53 r
  REG_FILE/RdData_reg[0]/D (DFFRQX2M)                     0.00       0.53 r
  data arrival time                                                  0.53

  clock REF_DOMAIN (rise edge)                            0.00       0.00
  clock network delay (ideal)                             0.00       0.00
  clock uncertainty                                       0.10       0.10
  REG_FILE/RdData_reg[0]/CK (DFFRQX2M)                    0.00       0.10 r
  library hold time                                      -0.16      -0.06
  data required time                                                -0.06
  --------------------------------------------------------------------------
  data required time                                                -0.06
  data arrival time                                                 -0.53
  --------------------------------------------------------------------------
  slack (MET)                                                        0.59


  Startpoint: CTRL_UNIT/Address_REG_FILE_reg[1]
              (rising edge-triggered flip-flop clocked by REF_DOMAIN)
  Endpoint: CTRL_UNIT/Address_REG_FILE_reg[1]
            (rising edge-triggered flip-flop clocked by REF_DOMAIN)
  Path Group: REF_DOMAIN
  Path Type: min

  Point                                                   Incr       Path
  --------------------------------------------------------------------------
  clock REF_DOMAIN (rise edge)                            0.00       0.00
  clock network delay (ideal)                             0.00       0.00
  CTRL_UNIT/Address_REG_FILE_reg[1]/CK (DFFRQX2M)         0.00       0.00 r
  CTRL_UNIT/Address_REG_FILE_reg[1]/Q (DFFRQX2M)          0.48       0.48 f
  CTRL_UNIT/U63/Y (OAI2BB2X1M)                            0.20       0.68 f
  CTRL_UNIT/Address_REG_FILE_reg[1]/D (DFFRQX2M)          0.00       0.68 f
  data arrival time                                                  0.68

  clock REF_DOMAIN (rise edge)                            0.00       0.00
  clock network delay (ideal)                             0.00       0.00
  clock uncertainty                                       0.10       0.10
  CTRL_UNIT/Address_REG_FILE_reg[1]/CK (DFFRQX2M)         0.00       0.10 r
  library hold time                                      -0.01       0.09
  data required time                                                 0.09
  --------------------------------------------------------------------------
  data required time                                                 0.09
  data arrival time                                                 -0.68
  --------------------------------------------------------------------------
  slack (MET)                                                        0.59


  Startpoint: FIFO/Memory/Memory_reg[6][7]
              (rising edge-triggered flip-flop clocked by REF_DOMAIN)
  Endpoint: FIFO/Memory/Memory_reg[6][7]
            (rising edge-triggered flip-flop clocked by REF_DOMAIN)
  Path Group: REF_DOMAIN
  Path Type: min

  Point                                                   Incr       Path
  --------------------------------------------------------------------------
  clock REF_DOMAIN (rise edge)                            0.00       0.00
  clock network delay (ideal)                             0.00       0.00
  FIFO/Memory/Memory_reg[6][7]/CK (DFFRQX2M)              0.00       0.00 r
  FIFO/Memory/Memory_reg[6][7]/Q (DFFRQX2M)               0.49       0.49 f
  FIFO/Memory/U74/Y (OAI2BB2X1M)                          0.20       0.69 f
  FIFO/Memory/Memory_reg[6][7]/D (DFFRQX2M)               0.00       0.69 f
  data arrival time                                                  0.69

  clock REF_DOMAIN (rise edge)                            0.00       0.00
  clock network delay (ideal)                             0.00       0.00
  clock uncertainty                                       0.10       0.10
  FIFO/Memory/Memory_reg[6][7]/CK (DFFRQX2M)              0.00       0.10 r
  library hold time                                      -0.01       0.09
  data required time                                                 0.09
  --------------------------------------------------------------------------
  data required time                                                 0.09
  data arrival time                                                 -0.69
  --------------------------------------------------------------------------
  slack (MET)                                                        0.60


  Startpoint: FIFO/Memory/Memory_reg[6][6]
              (rising edge-triggered flip-flop clocked by REF_DOMAIN)
  Endpoint: FIFO/Memory/Memory_reg[6][6]
            (rising edge-triggered flip-flop clocked by REF_DOMAIN)
  Path Group: REF_DOMAIN
  Path Type: min

  Point                                                   Incr       Path
  --------------------------------------------------------------------------
  clock REF_DOMAIN (rise edge)                            0.00       0.00
  clock network delay (ideal)                             0.00       0.00
  FIFO/Memory/Memory_reg[6][6]/CK (DFFRQX2M)              0.00       0.00 r
  FIFO/Memory/Memory_reg[6][6]/Q (DFFRQX2M)               0.49       0.49 f
  FIFO/Memory/U73/Y (OAI2BB2X1M)                          0.20       0.69 f
  FIFO/Memory/Memory_reg[6][6]/D (DFFRQX2M)               0.00       0.69 f
  data arrival time                                                  0.69

  clock REF_DOMAIN (rise edge)                            0.00       0.00
  clock network delay (ideal)                             0.00       0.00
  clock uncertainty                                       0.10       0.10
  FIFO/Memory/Memory_reg[6][6]/CK (DFFRQX2M)              0.00       0.10 r
  library hold time                                      -0.01       0.09
  data required time                                                 0.09
  --------------------------------------------------------------------------
  data required time                                                 0.09
  data arrival time                                                 -0.69
  --------------------------------------------------------------------------
  slack (MET)                                                        0.60


  Startpoint: FIFO/Memory/Memory_reg[6][5]
              (rising edge-triggered flip-flop clocked by REF_DOMAIN)
  Endpoint: FIFO/Memory/Memory_reg[6][5]
            (rising edge-triggered flip-flop clocked by REF_DOMAIN)
  Path Group: REF_DOMAIN
  Path Type: min

  Point                                                   Incr       Path
  --------------------------------------------------------------------------
  clock REF_DOMAIN (rise edge)                            0.00       0.00
  clock network delay (ideal)                             0.00       0.00
  FIFO/Memory/Memory_reg[6][5]/CK (DFFRQX2M)              0.00       0.00 r
  FIFO/Memory/Memory_reg[6][5]/Q (DFFRQX2M)               0.49       0.49 f
  FIFO/Memory/U72/Y (OAI2BB2X1M)                          0.20       0.69 f
  FIFO/Memory/Memory_reg[6][5]/D (DFFRQX2M)               0.00       0.69 f
  data arrival time                                                  0.69

  clock REF_DOMAIN (rise edge)                            0.00       0.00
  clock network delay (ideal)                             0.00       0.00
  clock uncertainty                                       0.10       0.10
  FIFO/Memory/Memory_reg[6][5]/CK (DFFRQX2M)              0.00       0.10 r
  library hold time                                      -0.01       0.09
  data required time                                                 0.09
  --------------------------------------------------------------------------
  data required time                                                 0.09
  data arrival time                                                 -0.69
  --------------------------------------------------------------------------
  slack (MET)                                                        0.60


  Startpoint: FIFO/Memory/Memory_reg[6][4]
              (rising edge-triggered flip-flop clocked by REF_DOMAIN)
  Endpoint: FIFO/Memory/Memory_reg[6][4]
            (rising edge-triggered flip-flop clocked by REF_DOMAIN)
  Path Group: REF_DOMAIN
  Path Type: min

  Point                                                   Incr       Path
  --------------------------------------------------------------------------
  clock REF_DOMAIN (rise edge)                            0.00       0.00
  clock network delay (ideal)                             0.00       0.00
  FIFO/Memory/Memory_reg[6][4]/CK (DFFRQX2M)              0.00       0.00 r
  FIFO/Memory/Memory_reg[6][4]/Q (DFFRQX2M)               0.49       0.49 f
  FIFO/Memory/U71/Y (OAI2BB2X1M)                          0.20       0.69 f
  FIFO/Memory/Memory_reg[6][4]/D (DFFRQX2M)               0.00       0.69 f
  data arrival time                                                  0.69

  clock REF_DOMAIN (rise edge)                            0.00       0.00
  clock network delay (ideal)                             0.00       0.00
  clock uncertainty                                       0.10       0.10
  FIFO/Memory/Memory_reg[6][4]/CK (DFFRQX2M)              0.00       0.10 r
  library hold time                                      -0.01       0.09
  data required time                                                 0.09
  --------------------------------------------------------------------------
  data required time                                                 0.09
  data arrival time                                                 -0.69
  --------------------------------------------------------------------------
  slack (MET)                                                        0.60


  Startpoint: FIFO/Memory/Memory_reg[6][3]
              (rising edge-triggered flip-flop clocked by REF_DOMAIN)
  Endpoint: FIFO/Memory/Memory_reg[6][3]
            (rising edge-triggered flip-flop clocked by REF_DOMAIN)
  Path Group: REF_DOMAIN
  Path Type: min

  Point                                                   Incr       Path
  --------------------------------------------------------------------------
  clock REF_DOMAIN (rise edge)                            0.00       0.00
  clock network delay (ideal)                             0.00       0.00
  FIFO/Memory/Memory_reg[6][3]/CK (DFFRQX2M)              0.00       0.00 r
  FIFO/Memory/Memory_reg[6][3]/Q (DFFRQX2M)               0.49       0.49 f
  FIFO/Memory/U70/Y (OAI2BB2X1M)                          0.20       0.69 f
  FIFO/Memory/Memory_reg[6][3]/D (DFFRQX2M)               0.00       0.69 f
  data arrival time                                                  0.69

  clock REF_DOMAIN (rise edge)                            0.00       0.00
  clock network delay (ideal)                             0.00       0.00
  clock uncertainty                                       0.10       0.10
  FIFO/Memory/Memory_reg[6][3]/CK (DFFRQX2M)              0.00       0.10 r
  library hold time                                      -0.01       0.09
  data required time                                                 0.09
  --------------------------------------------------------------------------
  data required time                                                 0.09
  data arrival time                                                 -0.69
  --------------------------------------------------------------------------
  slack (MET)                                                        0.60


  Startpoint: FIFO/Memory/Memory_reg[6][2]
              (rising edge-triggered flip-flop clocked by REF_DOMAIN)
  Endpoint: FIFO/Memory/Memory_reg[6][2]
            (rising edge-triggered flip-flop clocked by REF_DOMAIN)
  Path Group: REF_DOMAIN
  Path Type: min

  Point                                                   Incr       Path
  --------------------------------------------------------------------------
  clock REF_DOMAIN (rise edge)                            0.00       0.00
  clock network delay (ideal)                             0.00       0.00
  FIFO/Memory/Memory_reg[6][2]/CK (DFFRQX2M)              0.00       0.00 r
  FIFO/Memory/Memory_reg[6][2]/Q (DFFRQX2M)               0.49       0.49 f
  FIFO/Memory/U69/Y (OAI2BB2X1M)                          0.20       0.69 f
  FIFO/Memory/Memory_reg[6][2]/D (DFFRQX2M)               0.00       0.69 f
  data arrival time                                                  0.69

  clock REF_DOMAIN (rise edge)                            0.00       0.00
  clock network delay (ideal)                             0.00       0.00
  clock uncertainty                                       0.10       0.10
  FIFO/Memory/Memory_reg[6][2]/CK (DFFRQX2M)              0.00       0.10 r
  library hold time                                      -0.01       0.09
  data required time                                                 0.09
  --------------------------------------------------------------------------
  data required time                                                 0.09
  data arrival time                                                 -0.69
  --------------------------------------------------------------------------
  slack (MET)                                                        0.60


  Startpoint: FIFO/Memory/Memory_reg[6][1]
              (rising edge-triggered flip-flop clocked by REF_DOMAIN)
  Endpoint: FIFO/Memory/Memory_reg[6][1]
            (rising edge-triggered flip-flop clocked by REF_DOMAIN)
  Path Group: REF_DOMAIN
  Path Type: min

  Point                                                   Incr       Path
  --------------------------------------------------------------------------
  clock REF_DOMAIN (rise edge)                            0.00       0.00
  clock network delay (ideal)                             0.00       0.00
  FIFO/Memory/Memory_reg[6][1]/CK (DFFRQX2M)              0.00       0.00 r
  FIFO/Memory/Memory_reg[6][1]/Q (DFFRQX2M)               0.49       0.49 f
  FIFO/Memory/U68/Y (OAI2BB2X1M)                          0.20       0.69 f
  FIFO/Memory/Memory_reg[6][1]/D (DFFRQX2M)               0.00       0.69 f
  data arrival time                                                  0.69

  clock REF_DOMAIN (rise edge)                            0.00       0.00
  clock network delay (ideal)                             0.00       0.00
  clock uncertainty                                       0.10       0.10
  FIFO/Memory/Memory_reg[6][1]/CK (DFFRQX2M)              0.00       0.10 r
  library hold time                                      -0.01       0.09
  data required time                                                 0.09
  --------------------------------------------------------------------------
  data required time                                                 0.09
  data arrival time                                                 -0.69
  --------------------------------------------------------------------------
  slack (MET)                                                        0.60


  Startpoint: FIFO/Memory/Memory_reg[6][0]
              (rising edge-triggered flip-flop clocked by REF_DOMAIN)
  Endpoint: FIFO/Memory/Memory_reg[6][0]
            (rising edge-triggered flip-flop clocked by REF_DOMAIN)
  Path Group: REF_DOMAIN
  Path Type: min

  Point                                                   Incr       Path
  --------------------------------------------------------------------------
  clock REF_DOMAIN (rise edge)                            0.00       0.00
  clock network delay (ideal)                             0.00       0.00
  FIFO/Memory/Memory_reg[6][0]/CK (DFFRQX2M)              0.00       0.00 r
  FIFO/Memory/Memory_reg[6][0]/Q (DFFRQX2M)               0.49       0.49 f
  FIFO/Memory/U67/Y (OAI2BB2X1M)                          0.20       0.69 f
  FIFO/Memory/Memory_reg[6][0]/D (DFFRQX2M)               0.00       0.69 f
  data arrival time                                                  0.69

  clock REF_DOMAIN (rise edge)                            0.00       0.00
  clock network delay (ideal)                             0.00       0.00
  clock uncertainty                                       0.10       0.10
  FIFO/Memory/Memory_reg[6][0]/CK (DFFRQX2M)              0.00       0.10 r
  library hold time                                      -0.01       0.09
  data required time                                                 0.09
  --------------------------------------------------------------------------
  data required time                                                 0.09
  data arrival time                                                 -0.69
  --------------------------------------------------------------------------
  slack (MET)                                                        0.60


  Startpoint: FIFO/Memory/Memory_reg[2][7]
              (rising edge-triggered flip-flop clocked by REF_DOMAIN)
  Endpoint: FIFO/Memory/Memory_reg[2][7]
            (rising edge-triggered flip-flop clocked by REF_DOMAIN)
  Path Group: REF_DOMAIN
  Path Type: min

  Point                                                   Incr       Path
  --------------------------------------------------------------------------
  clock REF_DOMAIN (rise edge)                            0.00       0.00
  clock network delay (ideal)                             0.00       0.00
  FIFO/Memory/Memory_reg[2][7]/CK (DFFRQX2M)              0.00       0.00 r
  FIFO/Memory/Memory_reg[2][7]/Q (DFFRQX2M)               0.49       0.49 f
  FIFO/Memory/U58/Y (OAI2BB2X1M)                          0.20       0.69 f
  FIFO/Memory/Memory_reg[2][7]/D (DFFRQX2M)               0.00       0.69 f
  data arrival time                                                  0.69

  clock REF_DOMAIN (rise edge)                            0.00       0.00
  clock network delay (ideal)                             0.00       0.00
  clock uncertainty                                       0.10       0.10
  FIFO/Memory/Memory_reg[2][7]/CK (DFFRQX2M)              0.00       0.10 r
  library hold time                                      -0.01       0.09
  data required time                                                 0.09
  --------------------------------------------------------------------------
  data required time                                                 0.09
  data arrival time                                                 -0.69
  --------------------------------------------------------------------------
  slack (MET)                                                        0.60


  Startpoint: FIFO/Memory/Memory_reg[2][6]
              (rising edge-triggered flip-flop clocked by REF_DOMAIN)
  Endpoint: FIFO/Memory/Memory_reg[2][6]
            (rising edge-triggered flip-flop clocked by REF_DOMAIN)
  Path Group: REF_DOMAIN
  Path Type: min

  Point                                                   Incr       Path
  --------------------------------------------------------------------------
  clock REF_DOMAIN (rise edge)                            0.00       0.00
  clock network delay (ideal)                             0.00       0.00
  FIFO/Memory/Memory_reg[2][6]/CK (DFFRQX2M)              0.00       0.00 r
  FIFO/Memory/Memory_reg[2][6]/Q (DFFRQX2M)               0.49       0.49 f
  FIFO/Memory/U57/Y (OAI2BB2X1M)                          0.20       0.69 f
  FIFO/Memory/Memory_reg[2][6]/D (DFFRQX2M)               0.00       0.69 f
  data arrival time                                                  0.69

  clock REF_DOMAIN (rise edge)                            0.00       0.00
  clock network delay (ideal)                             0.00       0.00
  clock uncertainty                                       0.10       0.10
  FIFO/Memory/Memory_reg[2][6]/CK (DFFRQX2M)              0.00       0.10 r
  library hold time                                      -0.01       0.09
  data required time                                                 0.09
  --------------------------------------------------------------------------
  data required time                                                 0.09
  data arrival time                                                 -0.69
  --------------------------------------------------------------------------
  slack (MET)                                                        0.60


  Startpoint: FIFO/Memory/Memory_reg[2][5]
              (rising edge-triggered flip-flop clocked by REF_DOMAIN)
  Endpoint: FIFO/Memory/Memory_reg[2][5]
            (rising edge-triggered flip-flop clocked by REF_DOMAIN)
  Path Group: REF_DOMAIN
  Path Type: min

  Point                                                   Incr       Path
  --------------------------------------------------------------------------
  clock REF_DOMAIN (rise edge)                            0.00       0.00
  clock network delay (ideal)                             0.00       0.00
  FIFO/Memory/Memory_reg[2][5]/CK (DFFRQX2M)              0.00       0.00 r
  FIFO/Memory/Memory_reg[2][5]/Q (DFFRQX2M)               0.49       0.49 f
  FIFO/Memory/U56/Y (OAI2BB2X1M)                          0.20       0.69 f
  FIFO/Memory/Memory_reg[2][5]/D (DFFRQX2M)               0.00       0.69 f
  data arrival time                                                  0.69

  clock REF_DOMAIN (rise edge)                            0.00       0.00
  clock network delay (ideal)                             0.00       0.00
  clock uncertainty                                       0.10       0.10
  FIFO/Memory/Memory_reg[2][5]/CK (DFFRQX2M)              0.00       0.10 r
  library hold time                                      -0.01       0.09
  data required time                                                 0.09
  --------------------------------------------------------------------------
  data required time                                                 0.09
  data arrival time                                                 -0.69
  --------------------------------------------------------------------------
  slack (MET)                                                        0.60


  Startpoint: FIFO/Memory/Memory_reg[2][4]
              (rising edge-triggered flip-flop clocked by REF_DOMAIN)
  Endpoint: FIFO/Memory/Memory_reg[2][4]
            (rising edge-triggered flip-flop clocked by REF_DOMAIN)
  Path Group: REF_DOMAIN
  Path Type: min

  Point                                                   Incr       Path
  --------------------------------------------------------------------------
  clock REF_DOMAIN (rise edge)                            0.00       0.00
  clock network delay (ideal)                             0.00       0.00
  FIFO/Memory/Memory_reg[2][4]/CK (DFFRQX2M)              0.00       0.00 r
  FIFO/Memory/Memory_reg[2][4]/Q (DFFRQX2M)               0.49       0.49 f
  FIFO/Memory/U55/Y (OAI2BB2X1M)                          0.20       0.69 f
  FIFO/Memory/Memory_reg[2][4]/D (DFFRQX2M)               0.00       0.69 f
  data arrival time                                                  0.69

  clock REF_DOMAIN (rise edge)                            0.00       0.00
  clock network delay (ideal)                             0.00       0.00
  clock uncertainty                                       0.10       0.10
  FIFO/Memory/Memory_reg[2][4]/CK (DFFRQX2M)              0.00       0.10 r
  library hold time                                      -0.01       0.09
  data required time                                                 0.09
  --------------------------------------------------------------------------
  data required time                                                 0.09
  data arrival time                                                 -0.69
  --------------------------------------------------------------------------
  slack (MET)                                                        0.60


  Startpoint: FIFO/Memory/Memory_reg[2][3]
              (rising edge-triggered flip-flop clocked by REF_DOMAIN)
  Endpoint: FIFO/Memory/Memory_reg[2][3]
            (rising edge-triggered flip-flop clocked by REF_DOMAIN)
  Path Group: REF_DOMAIN
  Path Type: min

  Point                                                   Incr       Path
  --------------------------------------------------------------------------
  clock REF_DOMAIN (rise edge)                            0.00       0.00
  clock network delay (ideal)                             0.00       0.00
  FIFO/Memory/Memory_reg[2][3]/CK (DFFRQX2M)              0.00       0.00 r
  FIFO/Memory/Memory_reg[2][3]/Q (DFFRQX2M)               0.49       0.49 f
  FIFO/Memory/U54/Y (OAI2BB2X1M)                          0.20       0.69 f
  FIFO/Memory/Memory_reg[2][3]/D (DFFRQX2M)               0.00       0.69 f
  data arrival time                                                  0.69

  clock REF_DOMAIN (rise edge)                            0.00       0.00
  clock network delay (ideal)                             0.00       0.00
  clock uncertainty                                       0.10       0.10
  FIFO/Memory/Memory_reg[2][3]/CK (DFFRQX2M)              0.00       0.10 r
  library hold time                                      -0.01       0.09
  data required time                                                 0.09
  --------------------------------------------------------------------------
  data required time                                                 0.09
  data arrival time                                                 -0.69
  --------------------------------------------------------------------------
  slack (MET)                                                        0.60


  Startpoint: FIFO/Memory/Memory_reg[2][2]
              (rising edge-triggered flip-flop clocked by REF_DOMAIN)
  Endpoint: FIFO/Memory/Memory_reg[2][2]
            (rising edge-triggered flip-flop clocked by REF_DOMAIN)
  Path Group: REF_DOMAIN
  Path Type: min

  Point                                                   Incr       Path
  --------------------------------------------------------------------------
  clock REF_DOMAIN (rise edge)                            0.00       0.00
  clock network delay (ideal)                             0.00       0.00
  FIFO/Memory/Memory_reg[2][2]/CK (DFFRQX2M)              0.00       0.00 r
  FIFO/Memory/Memory_reg[2][2]/Q (DFFRQX2M)               0.49       0.49 f
  FIFO/Memory/U53/Y (OAI2BB2X1M)                          0.20       0.69 f
  FIFO/Memory/Memory_reg[2][2]/D (DFFRQX2M)               0.00       0.69 f
  data arrival time                                                  0.69

  clock REF_DOMAIN (rise edge)                            0.00       0.00
  clock network delay (ideal)                             0.00       0.00
  clock uncertainty                                       0.10       0.10
  FIFO/Memory/Memory_reg[2][2]/CK (DFFRQX2M)              0.00       0.10 r
  library hold time                                      -0.01       0.09
  data required time                                                 0.09
  --------------------------------------------------------------------------
  data required time                                                 0.09
  data arrival time                                                 -0.69
  --------------------------------------------------------------------------
  slack (MET)                                                        0.60


  Startpoint: FIFO/Memory/Memory_reg[2][1]
              (rising edge-triggered flip-flop clocked by REF_DOMAIN)
  Endpoint: FIFO/Memory/Memory_reg[2][1]
            (rising edge-triggered flip-flop clocked by REF_DOMAIN)
  Path Group: REF_DOMAIN
  Path Type: min

  Point                                                   Incr       Path
  --------------------------------------------------------------------------
  clock REF_DOMAIN (rise edge)                            0.00       0.00
  clock network delay (ideal)                             0.00       0.00
  FIFO/Memory/Memory_reg[2][1]/CK (DFFRQX2M)              0.00       0.00 r
  FIFO/Memory/Memory_reg[2][1]/Q (DFFRQX2M)               0.49       0.49 f
  FIFO/Memory/U52/Y (OAI2BB2X1M)                          0.20       0.69 f
  FIFO/Memory/Memory_reg[2][1]/D (DFFRQX2M)               0.00       0.69 f
  data arrival time                                                  0.69

  clock REF_DOMAIN (rise edge)                            0.00       0.00
  clock network delay (ideal)                             0.00       0.00
  clock uncertainty                                       0.10       0.10
  FIFO/Memory/Memory_reg[2][1]/CK (DFFRQX2M)              0.00       0.10 r
  library hold time                                      -0.01       0.09
  data required time                                                 0.09
  --------------------------------------------------------------------------
  data required time                                                 0.09
  data arrival time                                                 -0.69
  --------------------------------------------------------------------------
  slack (MET)                                                        0.60


  Startpoint: FIFO/Memory/Memory_reg[2][0]
              (rising edge-triggered flip-flop clocked by REF_DOMAIN)
  Endpoint: FIFO/Memory/Memory_reg[2][0]
            (rising edge-triggered flip-flop clocked by REF_DOMAIN)
  Path Group: REF_DOMAIN
  Path Type: min

  Point                                                   Incr       Path
  --------------------------------------------------------------------------
  clock REF_DOMAIN (rise edge)                            0.00       0.00
  clock network delay (ideal)                             0.00       0.00
  FIFO/Memory/Memory_reg[2][0]/CK (DFFRQX2M)              0.00       0.00 r
  FIFO/Memory/Memory_reg[2][0]/Q (DFFRQX2M)               0.49       0.49 f
  FIFO/Memory/U51/Y (OAI2BB2X1M)                          0.20       0.69 f
  FIFO/Memory/Memory_reg[2][0]/D (DFFRQX2M)               0.00       0.69 f
  data arrival time                                                  0.69

  clock REF_DOMAIN (rise edge)                            0.00       0.00
  clock network delay (ideal)                             0.00       0.00
  clock uncertainty                                       0.10       0.10
  FIFO/Memory/Memory_reg[2][0]/CK (DFFRQX2M)              0.00       0.10 r
  library hold time                                      -0.01       0.09
  data required time                                                 0.09
  --------------------------------------------------------------------------
  data required time                                                 0.09
  data arrival time                                                 -0.69
  --------------------------------------------------------------------------
  slack (MET)                                                        0.60


  Startpoint: FIFO/Memory/Memory_reg[5][7]
              (rising edge-triggered flip-flop clocked by REF_DOMAIN)
  Endpoint: FIFO/Memory/Memory_reg[5][7]
            (rising edge-triggered flip-flop clocked by REF_DOMAIN)
  Path Group: REF_DOMAIN
  Path Type: min

  Point                                                   Incr       Path
  --------------------------------------------------------------------------
  clock REF_DOMAIN (rise edge)                            0.00       0.00
  clock network delay (ideal)                             0.00       0.00
  FIFO/Memory/Memory_reg[5][7]/CK (DFFRQX2M)              0.00       0.00 r
  FIFO/Memory/Memory_reg[5][7]/Q (DFFRQX2M)               0.49       0.49 f
  FIFO/Memory/U66/Y (OAI2BB2X1M)                          0.20       0.69 f
  FIFO/Memory/Memory_reg[5][7]/D (DFFRQX2M)               0.00       0.69 f
  data arrival time                                                  0.69

  clock REF_DOMAIN (rise edge)                            0.00       0.00
  clock network delay (ideal)                             0.00       0.00
  clock uncertainty                                       0.10       0.10
  FIFO/Memory/Memory_reg[5][7]/CK (DFFRQX2M)              0.00       0.10 r
  library hold time                                      -0.01       0.09
  data required time                                                 0.09
  --------------------------------------------------------------------------
  data required time                                                 0.09
  data arrival time                                                 -0.69
  --------------------------------------------------------------------------
  slack (MET)                                                        0.60


  Startpoint: FIFO/Memory/Memory_reg[5][6]
              (rising edge-triggered flip-flop clocked by REF_DOMAIN)
  Endpoint: FIFO/Memory/Memory_reg[5][6]
            (rising edge-triggered flip-flop clocked by REF_DOMAIN)
  Path Group: REF_DOMAIN
  Path Type: min

  Point                                                   Incr       Path
  --------------------------------------------------------------------------
  clock REF_DOMAIN (rise edge)                            0.00       0.00
  clock network delay (ideal)                             0.00       0.00
  FIFO/Memory/Memory_reg[5][6]/CK (DFFRQX2M)              0.00       0.00 r
  FIFO/Memory/Memory_reg[5][6]/Q (DFFRQX2M)               0.49       0.49 f
  FIFO/Memory/U65/Y (OAI2BB2X1M)                          0.20       0.69 f
  FIFO/Memory/Memory_reg[5][6]/D (DFFRQX2M)               0.00       0.69 f
  data arrival time                                                  0.69

  clock REF_DOMAIN (rise edge)                            0.00       0.00
  clock network delay (ideal)                             0.00       0.00
  clock uncertainty                                       0.10       0.10
  FIFO/Memory/Memory_reg[5][6]/CK (DFFRQX2M)              0.00       0.10 r
  library hold time                                      -0.01       0.09
  data required time                                                 0.09
  --------------------------------------------------------------------------
  data required time                                                 0.09
  data arrival time                                                 -0.69
  --------------------------------------------------------------------------
  slack (MET)                                                        0.60


  Startpoint: FIFO/Memory/Memory_reg[5][5]
              (rising edge-triggered flip-flop clocked by REF_DOMAIN)
  Endpoint: FIFO/Memory/Memory_reg[5][5]
            (rising edge-triggered flip-flop clocked by REF_DOMAIN)
  Path Group: REF_DOMAIN
  Path Type: min

  Point                                                   Incr       Path
  --------------------------------------------------------------------------
  clock REF_DOMAIN (rise edge)                            0.00       0.00
  clock network delay (ideal)                             0.00       0.00
  FIFO/Memory/Memory_reg[5][5]/CK (DFFRQX2M)              0.00       0.00 r
  FIFO/Memory/Memory_reg[5][5]/Q (DFFRQX2M)               0.49       0.49 f
  FIFO/Memory/U64/Y (OAI2BB2X1M)                          0.20       0.69 f
  FIFO/Memory/Memory_reg[5][5]/D (DFFRQX2M)               0.00       0.69 f
  data arrival time                                                  0.69

  clock REF_DOMAIN (rise edge)                            0.00       0.00
  clock network delay (ideal)                             0.00       0.00
  clock uncertainty                                       0.10       0.10
  FIFO/Memory/Memory_reg[5][5]/CK (DFFRQX2M)              0.00       0.10 r
  library hold time                                      -0.01       0.09
  data required time                                                 0.09
  --------------------------------------------------------------------------
  data required time                                                 0.09
  data arrival time                                                 -0.69
  --------------------------------------------------------------------------
  slack (MET)                                                        0.60


  Startpoint: FIFO/Memory/Memory_reg[5][4]
              (rising edge-triggered flip-flop clocked by REF_DOMAIN)
  Endpoint: FIFO/Memory/Memory_reg[5][4]
            (rising edge-triggered flip-flop clocked by REF_DOMAIN)
  Path Group: REF_DOMAIN
  Path Type: min

  Point                                                   Incr       Path
  --------------------------------------------------------------------------
  clock REF_DOMAIN (rise edge)                            0.00       0.00
  clock network delay (ideal)                             0.00       0.00
  FIFO/Memory/Memory_reg[5][4]/CK (DFFRQX2M)              0.00       0.00 r
  FIFO/Memory/Memory_reg[5][4]/Q (DFFRQX2M)               0.49       0.49 f
  FIFO/Memory/U63/Y (OAI2BB2X1M)                          0.20       0.69 f
  FIFO/Memory/Memory_reg[5][4]/D (DFFRQX2M)               0.00       0.69 f
  data arrival time                                                  0.69

  clock REF_DOMAIN (rise edge)                            0.00       0.00
  clock network delay (ideal)                             0.00       0.00
  clock uncertainty                                       0.10       0.10
  FIFO/Memory/Memory_reg[5][4]/CK (DFFRQX2M)              0.00       0.10 r
  library hold time                                      -0.01       0.09
  data required time                                                 0.09
  --------------------------------------------------------------------------
  data required time                                                 0.09
  data arrival time                                                 -0.69
  --------------------------------------------------------------------------
  slack (MET)                                                        0.60


  Startpoint: FIFO/Memory/Memory_reg[5][3]
              (rising edge-triggered flip-flop clocked by REF_DOMAIN)
  Endpoint: FIFO/Memory/Memory_reg[5][3]
            (rising edge-triggered flip-flop clocked by REF_DOMAIN)
  Path Group: REF_DOMAIN
  Path Type: min

  Point                                                   Incr       Path
  --------------------------------------------------------------------------
  clock REF_DOMAIN (rise edge)                            0.00       0.00
  clock network delay (ideal)                             0.00       0.00
  FIFO/Memory/Memory_reg[5][3]/CK (DFFRQX2M)              0.00       0.00 r
  FIFO/Memory/Memory_reg[5][3]/Q (DFFRQX2M)               0.49       0.49 f
  FIFO/Memory/U62/Y (OAI2BB2X1M)                          0.20       0.69 f
  FIFO/Memory/Memory_reg[5][3]/D (DFFRQX2M)               0.00       0.69 f
  data arrival time                                                  0.69

  clock REF_DOMAIN (rise edge)                            0.00       0.00
  clock network delay (ideal)                             0.00       0.00
  clock uncertainty                                       0.10       0.10
  FIFO/Memory/Memory_reg[5][3]/CK (DFFRQX2M)              0.00       0.10 r
  library hold time                                      -0.01       0.09
  data required time                                                 0.09
  --------------------------------------------------------------------------
  data required time                                                 0.09
  data arrival time                                                 -0.69
  --------------------------------------------------------------------------
  slack (MET)                                                        0.60


  Startpoint: FIFO/Memory/Memory_reg[5][2]
              (rising edge-triggered flip-flop clocked by REF_DOMAIN)
  Endpoint: FIFO/Memory/Memory_reg[5][2]
            (rising edge-triggered flip-flop clocked by REF_DOMAIN)
  Path Group: REF_DOMAIN
  Path Type: min

  Point                                                   Incr       Path
  --------------------------------------------------------------------------
  clock REF_DOMAIN (rise edge)                            0.00       0.00
  clock network delay (ideal)                             0.00       0.00
  FIFO/Memory/Memory_reg[5][2]/CK (DFFRQX2M)              0.00       0.00 r
  FIFO/Memory/Memory_reg[5][2]/Q (DFFRQX2M)               0.49       0.49 f
  FIFO/Memory/U61/Y (OAI2BB2X1M)                          0.20       0.69 f
  FIFO/Memory/Memory_reg[5][2]/D (DFFRQX2M)               0.00       0.69 f
  data arrival time                                                  0.69

  clock REF_DOMAIN (rise edge)                            0.00       0.00
  clock network delay (ideal)                             0.00       0.00
  clock uncertainty                                       0.10       0.10
  FIFO/Memory/Memory_reg[5][2]/CK (DFFRQX2M)              0.00       0.10 r
  library hold time                                      -0.01       0.09
  data required time                                                 0.09
  --------------------------------------------------------------------------
  data required time                                                 0.09
  data arrival time                                                 -0.69
  --------------------------------------------------------------------------
  slack (MET)                                                        0.60


  Startpoint: FIFO/Memory/Memory_reg[5][1]
              (rising edge-triggered flip-flop clocked by REF_DOMAIN)
  Endpoint: FIFO/Memory/Memory_reg[5][1]
            (rising edge-triggered flip-flop clocked by REF_DOMAIN)
  Path Group: REF_DOMAIN
  Path Type: min

  Point                                                   Incr       Path
  --------------------------------------------------------------------------
  clock REF_DOMAIN (rise edge)                            0.00       0.00
  clock network delay (ideal)                             0.00       0.00
  FIFO/Memory/Memory_reg[5][1]/CK (DFFRQX2M)              0.00       0.00 r
  FIFO/Memory/Memory_reg[5][1]/Q (DFFRQX2M)               0.49       0.49 f
  FIFO/Memory/U60/Y (OAI2BB2X1M)                          0.20       0.69 f
  FIFO/Memory/Memory_reg[5][1]/D (DFFRQX2M)               0.00       0.69 f
  data arrival time                                                  0.69

  clock REF_DOMAIN (rise edge)                            0.00       0.00
  clock network delay (ideal)                             0.00       0.00
  clock uncertainty                                       0.10       0.10
  FIFO/Memory/Memory_reg[5][1]/CK (DFFRQX2M)              0.00       0.10 r
  library hold time                                      -0.01       0.09
  data required time                                                 0.09
  --------------------------------------------------------------------------
  data required time                                                 0.09
  data arrival time                                                 -0.69
  --------------------------------------------------------------------------
  slack (MET)                                                        0.60


  Startpoint: FIFO/Memory/Memory_reg[5][0]
              (rising edge-triggered flip-flop clocked by REF_DOMAIN)
  Endpoint: FIFO/Memory/Memory_reg[5][0]
            (rising edge-triggered flip-flop clocked by REF_DOMAIN)
  Path Group: REF_DOMAIN
  Path Type: min

  Point                                                   Incr       Path
  --------------------------------------------------------------------------
  clock REF_DOMAIN (rise edge)                            0.00       0.00
  clock network delay (ideal)                             0.00       0.00
  FIFO/Memory/Memory_reg[5][0]/CK (DFFRQX2M)              0.00       0.00 r
  FIFO/Memory/Memory_reg[5][0]/Q (DFFRQX2M)               0.49       0.49 f
  FIFO/Memory/U59/Y (OAI2BB2X1M)                          0.20       0.69 f
  FIFO/Memory/Memory_reg[5][0]/D (DFFRQX2M)               0.00       0.69 f
  data arrival time                                                  0.69

  clock REF_DOMAIN (rise edge)                            0.00       0.00
  clock network delay (ideal)                             0.00       0.00
  clock uncertainty                                       0.10       0.10
  FIFO/Memory/Memory_reg[5][0]/CK (DFFRQX2M)              0.00       0.10 r
  library hold time                                      -0.01       0.09
  data required time                                                 0.09
  --------------------------------------------------------------------------
  data required time                                                 0.09
  data arrival time                                                 -0.69
  --------------------------------------------------------------------------
  slack (MET)                                                        0.60


  Startpoint: FIFO/Memory/Memory_reg[1][7]
              (rising edge-triggered flip-flop clocked by REF_DOMAIN)
  Endpoint: FIFO/Memory/Memory_reg[1][7]
            (rising edge-triggered flip-flop clocked by REF_DOMAIN)
  Path Group: REF_DOMAIN
  Path Type: min

  Point                                                   Incr       Path
  --------------------------------------------------------------------------
  clock REF_DOMAIN (rise edge)                            0.00       0.00
  clock network delay (ideal)                             0.00       0.00
  FIFO/Memory/Memory_reg[1][7]/CK (DFFRQX2M)              0.00       0.00 r
  FIFO/Memory/Memory_reg[1][7]/Q (DFFRQX2M)               0.49       0.49 f
  FIFO/Memory/U42/Y (OAI2BB2X1M)                          0.20       0.69 f
  FIFO/Memory/Memory_reg[1][7]/D (DFFRQX2M)               0.00       0.69 f
  data arrival time                                                  0.69

  clock REF_DOMAIN (rise edge)                            0.00       0.00
  clock network delay (ideal)                             0.00       0.00
  clock uncertainty                                       0.10       0.10
  FIFO/Memory/Memory_reg[1][7]/CK (DFFRQX2M)              0.00       0.10 r
  library hold time                                      -0.01       0.09
  data required time                                                 0.09
  --------------------------------------------------------------------------
  data required time                                                 0.09
  data arrival time                                                 -0.69
  --------------------------------------------------------------------------
  slack (MET)                                                        0.60


  Startpoint: FIFO/Memory/Memory_reg[1][6]
              (rising edge-triggered flip-flop clocked by REF_DOMAIN)
  Endpoint: FIFO/Memory/Memory_reg[1][6]
            (rising edge-triggered flip-flop clocked by REF_DOMAIN)
  Path Group: REF_DOMAIN
  Path Type: min

  Point                                                   Incr       Path
  --------------------------------------------------------------------------
  clock REF_DOMAIN (rise edge)                            0.00       0.00
  clock network delay (ideal)                             0.00       0.00
  FIFO/Memory/Memory_reg[1][6]/CK (DFFRQX2M)              0.00       0.00 r
  FIFO/Memory/Memory_reg[1][6]/Q (DFFRQX2M)               0.49       0.49 f
  FIFO/Memory/U41/Y (OAI2BB2X1M)                          0.20       0.69 f
  FIFO/Memory/Memory_reg[1][6]/D (DFFRQX2M)               0.00       0.69 f
  data arrival time                                                  0.69

  clock REF_DOMAIN (rise edge)                            0.00       0.00
  clock network delay (ideal)                             0.00       0.00
  clock uncertainty                                       0.10       0.10
  FIFO/Memory/Memory_reg[1][6]/CK (DFFRQX2M)              0.00       0.10 r
  library hold time                                      -0.01       0.09
  data required time                                                 0.09
  --------------------------------------------------------------------------
  data required time                                                 0.09
  data arrival time                                                 -0.69
  --------------------------------------------------------------------------
  slack (MET)                                                        0.60


  Startpoint: FIFO/Memory/Memory_reg[1][5]
              (rising edge-triggered flip-flop clocked by REF_DOMAIN)
  Endpoint: FIFO/Memory/Memory_reg[1][5]
            (rising edge-triggered flip-flop clocked by REF_DOMAIN)
  Path Group: REF_DOMAIN
  Path Type: min

  Point                                                   Incr       Path
  --------------------------------------------------------------------------
  clock REF_DOMAIN (rise edge)                            0.00       0.00
  clock network delay (ideal)                             0.00       0.00
  FIFO/Memory/Memory_reg[1][5]/CK (DFFRQX2M)              0.00       0.00 r
  FIFO/Memory/Memory_reg[1][5]/Q (DFFRQX2M)               0.49       0.49 f
  FIFO/Memory/U40/Y (OAI2BB2X1M)                          0.20       0.69 f
  FIFO/Memory/Memory_reg[1][5]/D (DFFRQX2M)               0.00       0.69 f
  data arrival time                                                  0.69

  clock REF_DOMAIN (rise edge)                            0.00       0.00
  clock network delay (ideal)                             0.00       0.00
  clock uncertainty                                       0.10       0.10
  FIFO/Memory/Memory_reg[1][5]/CK (DFFRQX2M)              0.00       0.10 r
  library hold time                                      -0.01       0.09
  data required time                                                 0.09
  --------------------------------------------------------------------------
  data required time                                                 0.09
  data arrival time                                                 -0.69
  --------------------------------------------------------------------------
  slack (MET)                                                        0.60


  Startpoint: FIFO/Memory/Memory_reg[1][4]
              (rising edge-triggered flip-flop clocked by REF_DOMAIN)
  Endpoint: FIFO/Memory/Memory_reg[1][4]
            (rising edge-triggered flip-flop clocked by REF_DOMAIN)
  Path Group: REF_DOMAIN
  Path Type: min

  Point                                                   Incr       Path
  --------------------------------------------------------------------------
  clock REF_DOMAIN (rise edge)                            0.00       0.00
  clock network delay (ideal)                             0.00       0.00
  FIFO/Memory/Memory_reg[1][4]/CK (DFFRQX2M)              0.00       0.00 r
  FIFO/Memory/Memory_reg[1][4]/Q (DFFRQX2M)               0.49       0.49 f
  FIFO/Memory/U39/Y (OAI2BB2X1M)                          0.20       0.69 f
  FIFO/Memory/Memory_reg[1][4]/D (DFFRQX2M)               0.00       0.69 f
  data arrival time                                                  0.69

  clock REF_DOMAIN (rise edge)                            0.00       0.00
  clock network delay (ideal)                             0.00       0.00
  clock uncertainty                                       0.10       0.10
  FIFO/Memory/Memory_reg[1][4]/CK (DFFRQX2M)              0.00       0.10 r
  library hold time                                      -0.01       0.09
  data required time                                                 0.09
  --------------------------------------------------------------------------
  data required time                                                 0.09
  data arrival time                                                 -0.69
  --------------------------------------------------------------------------
  slack (MET)                                                        0.60


  Startpoint: FIFO/Memory/Memory_reg[1][3]
              (rising edge-triggered flip-flop clocked by REF_DOMAIN)
  Endpoint: FIFO/Memory/Memory_reg[1][3]
            (rising edge-triggered flip-flop clocked by REF_DOMAIN)
  Path Group: REF_DOMAIN
  Path Type: min

  Point                                                   Incr       Path
  --------------------------------------------------------------------------
  clock REF_DOMAIN (rise edge)                            0.00       0.00
  clock network delay (ideal)                             0.00       0.00
  FIFO/Memory/Memory_reg[1][3]/CK (DFFRQX2M)              0.00       0.00 r
  FIFO/Memory/Memory_reg[1][3]/Q (DFFRQX2M)               0.49       0.49 f
  FIFO/Memory/U38/Y (OAI2BB2X1M)                          0.20       0.69 f
  FIFO/Memory/Memory_reg[1][3]/D (DFFRQX2M)               0.00       0.69 f
  data arrival time                                                  0.69

  clock REF_DOMAIN (rise edge)                            0.00       0.00
  clock network delay (ideal)                             0.00       0.00
  clock uncertainty                                       0.10       0.10
  FIFO/Memory/Memory_reg[1][3]/CK (DFFRQX2M)              0.00       0.10 r
  library hold time                                      -0.01       0.09
  data required time                                                 0.09
  --------------------------------------------------------------------------
  data required time                                                 0.09
  data arrival time                                                 -0.69
  --------------------------------------------------------------------------
  slack (MET)                                                        0.60


  Startpoint: FIFO/Memory/Memory_reg[1][2]
              (rising edge-triggered flip-flop clocked by REF_DOMAIN)
  Endpoint: FIFO/Memory/Memory_reg[1][2]
            (rising edge-triggered flip-flop clocked by REF_DOMAIN)
  Path Group: REF_DOMAIN
  Path Type: min

  Point                                                   Incr       Path
  --------------------------------------------------------------------------
  clock REF_DOMAIN (rise edge)                            0.00       0.00
  clock network delay (ideal)                             0.00       0.00
  FIFO/Memory/Memory_reg[1][2]/CK (DFFRQX2M)              0.00       0.00 r
  FIFO/Memory/Memory_reg[1][2]/Q (DFFRQX2M)               0.49       0.49 f
  FIFO/Memory/U37/Y (OAI2BB2X1M)                          0.20       0.69 f
  FIFO/Memory/Memory_reg[1][2]/D (DFFRQX2M)               0.00       0.69 f
  data arrival time                                                  0.69

  clock REF_DOMAIN (rise edge)                            0.00       0.00
  clock network delay (ideal)                             0.00       0.00
  clock uncertainty                                       0.10       0.10
  FIFO/Memory/Memory_reg[1][2]/CK (DFFRQX2M)              0.00       0.10 r
  library hold time                                      -0.01       0.09
  data required time                                                 0.09
  --------------------------------------------------------------------------
  data required time                                                 0.09
  data arrival time                                                 -0.69
  --------------------------------------------------------------------------
  slack (MET)                                                        0.60


  Startpoint: FIFO/Memory/Memory_reg[1][1]
              (rising edge-triggered flip-flop clocked by REF_DOMAIN)
  Endpoint: FIFO/Memory/Memory_reg[1][1]
            (rising edge-triggered flip-flop clocked by REF_DOMAIN)
  Path Group: REF_DOMAIN
  Path Type: min

  Point                                                   Incr       Path
  --------------------------------------------------------------------------
  clock REF_DOMAIN (rise edge)                            0.00       0.00
  clock network delay (ideal)                             0.00       0.00
  FIFO/Memory/Memory_reg[1][1]/CK (DFFRQX2M)              0.00       0.00 r
  FIFO/Memory/Memory_reg[1][1]/Q (DFFRQX2M)               0.49       0.49 f
  FIFO/Memory/U36/Y (OAI2BB2X1M)                          0.20       0.69 f
  FIFO/Memory/Memory_reg[1][1]/D (DFFRQX2M)               0.00       0.69 f
  data arrival time                                                  0.69

  clock REF_DOMAIN (rise edge)                            0.00       0.00
  clock network delay (ideal)                             0.00       0.00
  clock uncertainty                                       0.10       0.10
  FIFO/Memory/Memory_reg[1][1]/CK (DFFRQX2M)              0.00       0.10 r
  library hold time                                      -0.01       0.09
  data required time                                                 0.09
  --------------------------------------------------------------------------
  data required time                                                 0.09
  data arrival time                                                 -0.69
  --------------------------------------------------------------------------
  slack (MET)                                                        0.60


  Startpoint: FIFO/Memory/Memory_reg[1][0]
              (rising edge-triggered flip-flop clocked by REF_DOMAIN)
  Endpoint: FIFO/Memory/Memory_reg[1][0]
            (rising edge-triggered flip-flop clocked by REF_DOMAIN)
  Path Group: REF_DOMAIN
  Path Type: min

  Point                                                   Incr       Path
  --------------------------------------------------------------------------
  clock REF_DOMAIN (rise edge)                            0.00       0.00
  clock network delay (ideal)                             0.00       0.00
  FIFO/Memory/Memory_reg[1][0]/CK (DFFRQX2M)              0.00       0.00 r
  FIFO/Memory/Memory_reg[1][0]/Q (DFFRQX2M)               0.49       0.49 f
  FIFO/Memory/U35/Y (OAI2BB2X1M)                          0.20       0.69 f
  FIFO/Memory/Memory_reg[1][0]/D (DFFRQX2M)               0.00       0.69 f
  data arrival time                                                  0.69

  clock REF_DOMAIN (rise edge)                            0.00       0.00
  clock network delay (ideal)                             0.00       0.00
  clock uncertainty                                       0.10       0.10
  FIFO/Memory/Memory_reg[1][0]/CK (DFFRQX2M)              0.00       0.10 r
  library hold time                                      -0.01       0.09
  data required time                                                 0.09
  --------------------------------------------------------------------------
  data required time                                                 0.09
  data arrival time                                                 -0.69
  --------------------------------------------------------------------------
  slack (MET)                                                        0.60


  Startpoint: FIFO/Memory/Memory_reg[7][7]
              (rising edge-triggered flip-flop clocked by REF_DOMAIN)
  Endpoint: FIFO/Memory/Memory_reg[7][7]
            (rising edge-triggered flip-flop clocked by REF_DOMAIN)
  Path Group: REF_DOMAIN
  Path Type: min

  Point                                                   Incr       Path
  --------------------------------------------------------------------------
  clock REF_DOMAIN (rise edge)                            0.00       0.00
  clock network delay (ideal)                             0.00       0.00
  FIFO/Memory/Memory_reg[7][7]/CK (DFFRQX2M)              0.00       0.00 r
  FIFO/Memory/Memory_reg[7][7]/Q (DFFRQX2M)               0.49       0.49 f
  FIFO/Memory/U82/Y (OAI2BB2X1M)                          0.20       0.69 f
  FIFO/Memory/Memory_reg[7][7]/D (DFFRQX2M)               0.00       0.69 f
  data arrival time                                                  0.69

  clock REF_DOMAIN (rise edge)                            0.00       0.00
  clock network delay (ideal)                             0.00       0.00
  clock uncertainty                                       0.10       0.10
  FIFO/Memory/Memory_reg[7][7]/CK (DFFRQX2M)              0.00       0.10 r
  library hold time                                      -0.01       0.09
  data required time                                                 0.09
  --------------------------------------------------------------------------
  data required time                                                 0.09
  data arrival time                                                 -0.69
  --------------------------------------------------------------------------
  slack (MET)                                                        0.60


  Startpoint: FIFO/Memory/Memory_reg[7][6]
              (rising edge-triggered flip-flop clocked by REF_DOMAIN)
  Endpoint: FIFO/Memory/Memory_reg[7][6]
            (rising edge-triggered flip-flop clocked by REF_DOMAIN)
  Path Group: REF_DOMAIN
  Path Type: min

  Point                                                   Incr       Path
  --------------------------------------------------------------------------
  clock REF_DOMAIN (rise edge)                            0.00       0.00
  clock network delay (ideal)                             0.00       0.00
  FIFO/Memory/Memory_reg[7][6]/CK (DFFRQX2M)              0.00       0.00 r
  FIFO/Memory/Memory_reg[7][6]/Q (DFFRQX2M)               0.49       0.49 f
  FIFO/Memory/U81/Y (OAI2BB2X1M)                          0.20       0.69 f
  FIFO/Memory/Memory_reg[7][6]/D (DFFRQX2M)               0.00       0.69 f
  data arrival time                                                  0.69

  clock REF_DOMAIN (rise edge)                            0.00       0.00
  clock network delay (ideal)                             0.00       0.00
  clock uncertainty                                       0.10       0.10
  FIFO/Memory/Memory_reg[7][6]/CK (DFFRQX2M)              0.00       0.10 r
  library hold time                                      -0.01       0.09
  data required time                                                 0.09
  --------------------------------------------------------------------------
  data required time                                                 0.09
  data arrival time                                                 -0.69
  --------------------------------------------------------------------------
  slack (MET)                                                        0.60


  Startpoint: FIFO/Memory/Memory_reg[7][5]
              (rising edge-triggered flip-flop clocked by REF_DOMAIN)
  Endpoint: FIFO/Memory/Memory_reg[7][5]
            (rising edge-triggered flip-flop clocked by REF_DOMAIN)
  Path Group: REF_DOMAIN
  Path Type: min

  Point                                                   Incr       Path
  --------------------------------------------------------------------------
  clock REF_DOMAIN (rise edge)                            0.00       0.00
  clock network delay (ideal)                             0.00       0.00
  FIFO/Memory/Memory_reg[7][5]/CK (DFFRQX2M)              0.00       0.00 r
  FIFO/Memory/Memory_reg[7][5]/Q (DFFRQX2M)               0.49       0.49 f
  FIFO/Memory/U80/Y (OAI2BB2X1M)                          0.20       0.69 f
  FIFO/Memory/Memory_reg[7][5]/D (DFFRQX2M)               0.00       0.69 f
  data arrival time                                                  0.69

  clock REF_DOMAIN (rise edge)                            0.00       0.00
  clock network delay (ideal)                             0.00       0.00
  clock uncertainty                                       0.10       0.10
  FIFO/Memory/Memory_reg[7][5]/CK (DFFRQX2M)              0.00       0.10 r
  library hold time                                      -0.01       0.09
  data required time                                                 0.09
  --------------------------------------------------------------------------
  data required time                                                 0.09
  data arrival time                                                 -0.69
  --------------------------------------------------------------------------
  slack (MET)                                                        0.60


  Startpoint: FIFO/Memory/Memory_reg[7][4]
              (rising edge-triggered flip-flop clocked by REF_DOMAIN)
  Endpoint: FIFO/Memory/Memory_reg[7][4]
            (rising edge-triggered flip-flop clocked by REF_DOMAIN)
  Path Group: REF_DOMAIN
  Path Type: min

  Point                                                   Incr       Path
  --------------------------------------------------------------------------
  clock REF_DOMAIN (rise edge)                            0.00       0.00
  clock network delay (ideal)                             0.00       0.00
  FIFO/Memory/Memory_reg[7][4]/CK (DFFRQX2M)              0.00       0.00 r
  FIFO/Memory/Memory_reg[7][4]/Q (DFFRQX2M)               0.49       0.49 f
  FIFO/Memory/U79/Y (OAI2BB2X1M)                          0.20       0.69 f
  FIFO/Memory/Memory_reg[7][4]/D (DFFRQX2M)               0.00       0.69 f
  data arrival time                                                  0.69

  clock REF_DOMAIN (rise edge)                            0.00       0.00
  clock network delay (ideal)                             0.00       0.00
  clock uncertainty                                       0.10       0.10
  FIFO/Memory/Memory_reg[7][4]/CK (DFFRQX2M)              0.00       0.10 r
  library hold time                                      -0.01       0.09
  data required time                                                 0.09
  --------------------------------------------------------------------------
  data required time                                                 0.09
  data arrival time                                                 -0.69
  --------------------------------------------------------------------------
  slack (MET)                                                        0.60


  Startpoint: FIFO/Memory/Memory_reg[7][3]
              (rising edge-triggered flip-flop clocked by REF_DOMAIN)
  Endpoint: FIFO/Memory/Memory_reg[7][3]
            (rising edge-triggered flip-flop clocked by REF_DOMAIN)
  Path Group: REF_DOMAIN
  Path Type: min

  Point                                                   Incr       Path
  --------------------------------------------------------------------------
  clock REF_DOMAIN (rise edge)                            0.00       0.00
  clock network delay (ideal)                             0.00       0.00
  FIFO/Memory/Memory_reg[7][3]/CK (DFFRQX2M)              0.00       0.00 r
  FIFO/Memory/Memory_reg[7][3]/Q (DFFRQX2M)               0.49       0.49 f
  FIFO/Memory/U78/Y (OAI2BB2X1M)                          0.20       0.69 f
  FIFO/Memory/Memory_reg[7][3]/D (DFFRQX2M)               0.00       0.69 f
  data arrival time                                                  0.69

  clock REF_DOMAIN (rise edge)                            0.00       0.00
  clock network delay (ideal)                             0.00       0.00
  clock uncertainty                                       0.10       0.10
  FIFO/Memory/Memory_reg[7][3]/CK (DFFRQX2M)              0.00       0.10 r
  library hold time                                      -0.01       0.09
  data required time                                                 0.09
  --------------------------------------------------------------------------
  data required time                                                 0.09
  data arrival time                                                 -0.69
  --------------------------------------------------------------------------
  slack (MET)                                                        0.60


  Startpoint: FIFO/Memory/Memory_reg[7][2]
              (rising edge-triggered flip-flop clocked by REF_DOMAIN)
  Endpoint: FIFO/Memory/Memory_reg[7][2]
            (rising edge-triggered flip-flop clocked by REF_DOMAIN)
  Path Group: REF_DOMAIN
  Path Type: min

  Point                                                   Incr       Path
  --------------------------------------------------------------------------
  clock REF_DOMAIN (rise edge)                            0.00       0.00
  clock network delay (ideal)                             0.00       0.00
  FIFO/Memory/Memory_reg[7][2]/CK (DFFRQX2M)              0.00       0.00 r
  FIFO/Memory/Memory_reg[7][2]/Q (DFFRQX2M)               0.49       0.49 f
  FIFO/Memory/U77/Y (OAI2BB2X1M)                          0.20       0.69 f
  FIFO/Memory/Memory_reg[7][2]/D (DFFRQX2M)               0.00       0.69 f
  data arrival time                                                  0.69

  clock REF_DOMAIN (rise edge)                            0.00       0.00
  clock network delay (ideal)                             0.00       0.00
  clock uncertainty                                       0.10       0.10
  FIFO/Memory/Memory_reg[7][2]/CK (DFFRQX2M)              0.00       0.10 r
  library hold time                                      -0.01       0.09
  data required time                                                 0.09
  --------------------------------------------------------------------------
  data required time                                                 0.09
  data arrival time                                                 -0.69
  --------------------------------------------------------------------------
  slack (MET)                                                        0.60


  Startpoint: FIFO/Memory/Memory_reg[7][1]
              (rising edge-triggered flip-flop clocked by REF_DOMAIN)
  Endpoint: FIFO/Memory/Memory_reg[7][1]
            (rising edge-triggered flip-flop clocked by REF_DOMAIN)
  Path Group: REF_DOMAIN
  Path Type: min

  Point                                                   Incr       Path
  --------------------------------------------------------------------------
  clock REF_DOMAIN (rise edge)                            0.00       0.00
  clock network delay (ideal)                             0.00       0.00
  FIFO/Memory/Memory_reg[7][1]/CK (DFFRQX2M)              0.00       0.00 r
  FIFO/Memory/Memory_reg[7][1]/Q (DFFRQX2M)               0.49       0.49 f
  FIFO/Memory/U76/Y (OAI2BB2X1M)                          0.20       0.69 f
  FIFO/Memory/Memory_reg[7][1]/D (DFFRQX2M)               0.00       0.69 f
  data arrival time                                                  0.69

  clock REF_DOMAIN (rise edge)                            0.00       0.00
  clock network delay (ideal)                             0.00       0.00
  clock uncertainty                                       0.10       0.10
  FIFO/Memory/Memory_reg[7][1]/CK (DFFRQX2M)              0.00       0.10 r
  library hold time                                      -0.01       0.09
  data required time                                                 0.09
  --------------------------------------------------------------------------
  data required time                                                 0.09
  data arrival time                                                 -0.69
  --------------------------------------------------------------------------
  slack (MET)                                                        0.60


  Startpoint: FIFO/Memory/Memory_reg[7][0]
              (rising edge-triggered flip-flop clocked by REF_DOMAIN)
  Endpoint: FIFO/Memory/Memory_reg[7][0]
            (rising edge-triggered flip-flop clocked by REF_DOMAIN)
  Path Group: REF_DOMAIN
  Path Type: min

  Point                                                   Incr       Path
  --------------------------------------------------------------------------
  clock REF_DOMAIN (rise edge)                            0.00       0.00
  clock network delay (ideal)                             0.00       0.00
  FIFO/Memory/Memory_reg[7][0]/CK (DFFRQX2M)              0.00       0.00 r
  FIFO/Memory/Memory_reg[7][0]/Q (DFFRQX2M)               0.49       0.49 f
  FIFO/Memory/U75/Y (OAI2BB2X1M)                          0.20       0.69 f
  FIFO/Memory/Memory_reg[7][0]/D (DFFRQX2M)               0.00       0.69 f
  data arrival time                                                  0.69

  clock REF_DOMAIN (rise edge)                            0.00       0.00
  clock network delay (ideal)                             0.00       0.00
  clock uncertainty                                       0.10       0.10
  FIFO/Memory/Memory_reg[7][0]/CK (DFFRQX2M)              0.00       0.10 r
  library hold time                                      -0.01       0.09
  data required time                                                 0.09
  --------------------------------------------------------------------------
  data required time                                                 0.09
  data arrival time                                                 -0.69
  --------------------------------------------------------------------------
  slack (MET)                                                        0.60


  Startpoint: FIFO/Memory/Memory_reg[3][7]
              (rising edge-triggered flip-flop clocked by REF_DOMAIN)
  Endpoint: FIFO/Memory/Memory_reg[3][7]
            (rising edge-triggered flip-flop clocked by REF_DOMAIN)
  Path Group: REF_DOMAIN
  Path Type: min

  Point                                                   Incr       Path
  --------------------------------------------------------------------------
  clock REF_DOMAIN (rise edge)                            0.00       0.00
  clock network delay (ideal)                             0.00       0.00
  FIFO/Memory/Memory_reg[3][7]/CK (DFFRQX2M)              0.00       0.00 r
  FIFO/Memory/Memory_reg[3][7]/Q (DFFRQX2M)               0.49       0.49 f
  FIFO/Memory/U34/Y (OAI2BB2X1M)                          0.20       0.69 f
  FIFO/Memory/Memory_reg[3][7]/D (DFFRQX2M)               0.00       0.69 f
  data arrival time                                                  0.69

  clock REF_DOMAIN (rise edge)                            0.00       0.00
  clock network delay (ideal)                             0.00       0.00
  clock uncertainty                                       0.10       0.10
  FIFO/Memory/Memory_reg[3][7]/CK (DFFRQX2M)              0.00       0.10 r
  library hold time                                      -0.01       0.09
  data required time                                                 0.09
  --------------------------------------------------------------------------
  data required time                                                 0.09
  data arrival time                                                 -0.69
  --------------------------------------------------------------------------
  slack (MET)                                                        0.60


  Startpoint: FIFO/Memory/Memory_reg[3][6]
              (rising edge-triggered flip-flop clocked by REF_DOMAIN)
  Endpoint: FIFO/Memory/Memory_reg[3][6]
            (rising edge-triggered flip-flop clocked by REF_DOMAIN)
  Path Group: REF_DOMAIN
  Path Type: min

  Point                                                   Incr       Path
  --------------------------------------------------------------------------
  clock REF_DOMAIN (rise edge)                            0.00       0.00
  clock network delay (ideal)                             0.00       0.00
  FIFO/Memory/Memory_reg[3][6]/CK (DFFRQX2M)              0.00       0.00 r
  FIFO/Memory/Memory_reg[3][6]/Q (DFFRQX2M)               0.49       0.49 f
  FIFO/Memory/U33/Y (OAI2BB2X1M)                          0.20       0.69 f
  FIFO/Memory/Memory_reg[3][6]/D (DFFRQX2M)               0.00       0.69 f
  data arrival time                                                  0.69

  clock REF_DOMAIN (rise edge)                            0.00       0.00
  clock network delay (ideal)                             0.00       0.00
  clock uncertainty                                       0.10       0.10
  FIFO/Memory/Memory_reg[3][6]/CK (DFFRQX2M)              0.00       0.10 r
  library hold time                                      -0.01       0.09
  data required time                                                 0.09
  --------------------------------------------------------------------------
  data required time                                                 0.09
  data arrival time                                                 -0.69
  --------------------------------------------------------------------------
  slack (MET)                                                        0.60


  Startpoint: FIFO/Memory/Memory_reg[3][5]
              (rising edge-triggered flip-flop clocked by REF_DOMAIN)
  Endpoint: FIFO/Memory/Memory_reg[3][5]
            (rising edge-triggered flip-flop clocked by REF_DOMAIN)
  Path Group: REF_DOMAIN
  Path Type: min

  Point                                                   Incr       Path
  --------------------------------------------------------------------------
  clock REF_DOMAIN (rise edge)                            0.00       0.00
  clock network delay (ideal)                             0.00       0.00
  FIFO/Memory/Memory_reg[3][5]/CK (DFFRQX2M)              0.00       0.00 r
  FIFO/Memory/Memory_reg[3][5]/Q (DFFRQX2M)               0.49       0.49 f
  FIFO/Memory/U32/Y (OAI2BB2X1M)                          0.20       0.69 f
  FIFO/Memory/Memory_reg[3][5]/D (DFFRQX2M)               0.00       0.69 f
  data arrival time                                                  0.69

  clock REF_DOMAIN (rise edge)                            0.00       0.00
  clock network delay (ideal)                             0.00       0.00
  clock uncertainty                                       0.10       0.10
  FIFO/Memory/Memory_reg[3][5]/CK (DFFRQX2M)              0.00       0.10 r
  library hold time                                      -0.01       0.09
  data required time                                                 0.09
  --------------------------------------------------------------------------
  data required time                                                 0.09
  data arrival time                                                 -0.69
  --------------------------------------------------------------------------
  slack (MET)                                                        0.60


  Startpoint: FIFO/Memory/Memory_reg[3][4]
              (rising edge-triggered flip-flop clocked by REF_DOMAIN)
  Endpoint: FIFO/Memory/Memory_reg[3][4]
            (rising edge-triggered flip-flop clocked by REF_DOMAIN)
  Path Group: REF_DOMAIN
  Path Type: min

  Point                                                   Incr       Path
  --------------------------------------------------------------------------
  clock REF_DOMAIN (rise edge)                            0.00       0.00
  clock network delay (ideal)                             0.00       0.00
  FIFO/Memory/Memory_reg[3][4]/CK (DFFRQX2M)              0.00       0.00 r
  FIFO/Memory/Memory_reg[3][4]/Q (DFFRQX2M)               0.49       0.49 f
  FIFO/Memory/U31/Y (OAI2BB2X1M)                          0.20       0.69 f
  FIFO/Memory/Memory_reg[3][4]/D (DFFRQX2M)               0.00       0.69 f
  data arrival time                                                  0.69

  clock REF_DOMAIN (rise edge)                            0.00       0.00
  clock network delay (ideal)                             0.00       0.00
  clock uncertainty                                       0.10       0.10
  FIFO/Memory/Memory_reg[3][4]/CK (DFFRQX2M)              0.00       0.10 r
  library hold time                                      -0.01       0.09
  data required time                                                 0.09
  --------------------------------------------------------------------------
  data required time                                                 0.09
  data arrival time                                                 -0.69
  --------------------------------------------------------------------------
  slack (MET)                                                        0.60


  Startpoint: FIFO/Memory/Memory_reg[3][3]
              (rising edge-triggered flip-flop clocked by REF_DOMAIN)
  Endpoint: FIFO/Memory/Memory_reg[3][3]
            (rising edge-triggered flip-flop clocked by REF_DOMAIN)
  Path Group: REF_DOMAIN
  Path Type: min

  Point                                                   Incr       Path
  --------------------------------------------------------------------------
  clock REF_DOMAIN (rise edge)                            0.00       0.00
  clock network delay (ideal)                             0.00       0.00
  FIFO/Memory/Memory_reg[3][3]/CK (DFFRQX2M)              0.00       0.00 r
  FIFO/Memory/Memory_reg[3][3]/Q (DFFRQX2M)               0.49       0.49 f
  FIFO/Memory/U30/Y (OAI2BB2X1M)                          0.20       0.69 f
  FIFO/Memory/Memory_reg[3][3]/D (DFFRQX2M)               0.00       0.69 f
  data arrival time                                                  0.69

  clock REF_DOMAIN (rise edge)                            0.00       0.00
  clock network delay (ideal)                             0.00       0.00
  clock uncertainty                                       0.10       0.10
  FIFO/Memory/Memory_reg[3][3]/CK (DFFRQX2M)              0.00       0.10 r
  library hold time                                      -0.01       0.09
  data required time                                                 0.09
  --------------------------------------------------------------------------
  data required time                                                 0.09
  data arrival time                                                 -0.69
  --------------------------------------------------------------------------
  slack (MET)                                                        0.60


  Startpoint: FIFO/Memory/Memory_reg[3][2]
              (rising edge-triggered flip-flop clocked by REF_DOMAIN)
  Endpoint: FIFO/Memory/Memory_reg[3][2]
            (rising edge-triggered flip-flop clocked by REF_DOMAIN)
  Path Group: REF_DOMAIN
  Path Type: min

  Point                                                   Incr       Path
  --------------------------------------------------------------------------
  clock REF_DOMAIN (rise edge)                            0.00       0.00
  clock network delay (ideal)                             0.00       0.00
  FIFO/Memory/Memory_reg[3][2]/CK (DFFRQX2M)              0.00       0.00 r
  FIFO/Memory/Memory_reg[3][2]/Q (DFFRQX2M)               0.49       0.49 f
  FIFO/Memory/U29/Y (OAI2BB2X1M)                          0.20       0.69 f
  FIFO/Memory/Memory_reg[3][2]/D (DFFRQX2M)               0.00       0.69 f
  data arrival time                                                  0.69

  clock REF_DOMAIN (rise edge)                            0.00       0.00
  clock network delay (ideal)                             0.00       0.00
  clock uncertainty                                       0.10       0.10
  FIFO/Memory/Memory_reg[3][2]/CK (DFFRQX2M)              0.00       0.10 r
  library hold time                                      -0.01       0.09
  data required time                                                 0.09
  --------------------------------------------------------------------------
  data required time                                                 0.09
  data arrival time                                                 -0.69
  --------------------------------------------------------------------------
  slack (MET)                                                        0.60


  Startpoint: FIFO/Memory/Memory_reg[3][1]
              (rising edge-triggered flip-flop clocked by REF_DOMAIN)
  Endpoint: FIFO/Memory/Memory_reg[3][1]
            (rising edge-triggered flip-flop clocked by REF_DOMAIN)
  Path Group: REF_DOMAIN
  Path Type: min

  Point                                                   Incr       Path
  --------------------------------------------------------------------------
  clock REF_DOMAIN (rise edge)                            0.00       0.00
  clock network delay (ideal)                             0.00       0.00
  FIFO/Memory/Memory_reg[3][1]/CK (DFFRQX2M)              0.00       0.00 r
  FIFO/Memory/Memory_reg[3][1]/Q (DFFRQX2M)               0.49       0.49 f
  FIFO/Memory/U28/Y (OAI2BB2X1M)                          0.20       0.69 f
  FIFO/Memory/Memory_reg[3][1]/D (DFFRQX2M)               0.00       0.69 f
  data arrival time                                                  0.69

  clock REF_DOMAIN (rise edge)                            0.00       0.00
  clock network delay (ideal)                             0.00       0.00
  clock uncertainty                                       0.10       0.10
  FIFO/Memory/Memory_reg[3][1]/CK (DFFRQX2M)              0.00       0.10 r
  library hold time                                      -0.01       0.09
  data required time                                                 0.09
  --------------------------------------------------------------------------
  data required time                                                 0.09
  data arrival time                                                 -0.69
  --------------------------------------------------------------------------
  slack (MET)                                                        0.60


  Startpoint: FIFO/Memory/Memory_reg[3][0]
              (rising edge-triggered flip-flop clocked by REF_DOMAIN)
  Endpoint: FIFO/Memory/Memory_reg[3][0]
            (rising edge-triggered flip-flop clocked by REF_DOMAIN)
  Path Group: REF_DOMAIN
  Path Type: min

  Point                                                   Incr       Path
  --------------------------------------------------------------------------
  clock REF_DOMAIN (rise edge)                            0.00       0.00
  clock network delay (ideal)                             0.00       0.00
  FIFO/Memory/Memory_reg[3][0]/CK (DFFRQX2M)              0.00       0.00 r
  FIFO/Memory/Memory_reg[3][0]/Q (DFFRQX2M)               0.49       0.49 f
  FIFO/Memory/U27/Y (OAI2BB2X1M)                          0.20       0.69 f
  FIFO/Memory/Memory_reg[3][0]/D (DFFRQX2M)               0.00       0.69 f
  data arrival time                                                  0.69

  clock REF_DOMAIN (rise edge)                            0.00       0.00
  clock network delay (ideal)                             0.00       0.00
  clock uncertainty                                       0.10       0.10
  FIFO/Memory/Memory_reg[3][0]/CK (DFFRQX2M)              0.00       0.10 r
  library hold time                                      -0.01       0.09
  data required time                                                 0.09
  --------------------------------------------------------------------------
  data required time                                                 0.09
  data arrival time                                                 -0.69
  --------------------------------------------------------------------------
  slack (MET)                                                        0.60


  Startpoint: FIFO/Memory/Memory_reg[4][7]
              (rising edge-triggered flip-flop clocked by REF_DOMAIN)
  Endpoint: FIFO/Memory/Memory_reg[4][7]
            (rising edge-triggered flip-flop clocked by REF_DOMAIN)
  Path Group: REF_DOMAIN
  Path Type: min

  Point                                                   Incr       Path
  --------------------------------------------------------------------------
  clock REF_DOMAIN (rise edge)                            0.00       0.00
  clock network delay (ideal)                             0.00       0.00
  FIFO/Memory/Memory_reg[4][7]/CK (DFFRQX2M)              0.00       0.00 r
  FIFO/Memory/Memory_reg[4][7]/Q (DFFRQX2M)               0.49       0.49 f
  FIFO/Memory/U50/Y (OAI2BB2X1M)                          0.20       0.69 f
  FIFO/Memory/Memory_reg[4][7]/D (DFFRQX2M)               0.00       0.69 f
  data arrival time                                                  0.69

  clock REF_DOMAIN (rise edge)                            0.00       0.00
  clock network delay (ideal)                             0.00       0.00
  clock uncertainty                                       0.10       0.10
  FIFO/Memory/Memory_reg[4][7]/CK (DFFRQX2M)              0.00       0.10 r
  library hold time                                      -0.01       0.09
  data required time                                                 0.09
  --------------------------------------------------------------------------
  data required time                                                 0.09
  data arrival time                                                 -0.69
  --------------------------------------------------------------------------
  slack (MET)                                                        0.60


  Startpoint: FIFO/Memory/Memory_reg[4][6]
              (rising edge-triggered flip-flop clocked by REF_DOMAIN)
  Endpoint: FIFO/Memory/Memory_reg[4][6]
            (rising edge-triggered flip-flop clocked by REF_DOMAIN)
  Path Group: REF_DOMAIN
  Path Type: min

  Point                                                   Incr       Path
  --------------------------------------------------------------------------
  clock REF_DOMAIN (rise edge)                            0.00       0.00
  clock network delay (ideal)                             0.00       0.00
  FIFO/Memory/Memory_reg[4][6]/CK (DFFRQX2M)              0.00       0.00 r
  FIFO/Memory/Memory_reg[4][6]/Q (DFFRQX2M)               0.49       0.49 f
  FIFO/Memory/U49/Y (OAI2BB2X1M)                          0.20       0.69 f
  FIFO/Memory/Memory_reg[4][6]/D (DFFRQX2M)               0.00       0.69 f
  data arrival time                                                  0.69

  clock REF_DOMAIN (rise edge)                            0.00       0.00
  clock network delay (ideal)                             0.00       0.00
  clock uncertainty                                       0.10       0.10
  FIFO/Memory/Memory_reg[4][6]/CK (DFFRQX2M)              0.00       0.10 r
  library hold time                                      -0.01       0.09
  data required time                                                 0.09
  --------------------------------------------------------------------------
  data required time                                                 0.09
  data arrival time                                                 -0.69
  --------------------------------------------------------------------------
  slack (MET)                                                        0.60


  Startpoint: FIFO/Memory/Memory_reg[4][5]
              (rising edge-triggered flip-flop clocked by REF_DOMAIN)
  Endpoint: FIFO/Memory/Memory_reg[4][5]
            (rising edge-triggered flip-flop clocked by REF_DOMAIN)
  Path Group: REF_DOMAIN
  Path Type: min

  Point                                                   Incr       Path
  --------------------------------------------------------------------------
  clock REF_DOMAIN (rise edge)                            0.00       0.00
  clock network delay (ideal)                             0.00       0.00
  FIFO/Memory/Memory_reg[4][5]/CK (DFFRQX2M)              0.00       0.00 r
  FIFO/Memory/Memory_reg[4][5]/Q (DFFRQX2M)               0.49       0.49 f
  FIFO/Memory/U48/Y (OAI2BB2X1M)                          0.20       0.69 f
  FIFO/Memory/Memory_reg[4][5]/D (DFFRQX2M)               0.00       0.69 f
  data arrival time                                                  0.69

  clock REF_DOMAIN (rise edge)                            0.00       0.00
  clock network delay (ideal)                             0.00       0.00
  clock uncertainty                                       0.10       0.10
  FIFO/Memory/Memory_reg[4][5]/CK (DFFRQX2M)              0.00       0.10 r
  library hold time                                      -0.01       0.09
  data required time                                                 0.09
  --------------------------------------------------------------------------
  data required time                                                 0.09
  data arrival time                                                 -0.69
  --------------------------------------------------------------------------
  slack (MET)                                                        0.60


  Startpoint: FIFO/Memory/Memory_reg[4][4]
              (rising edge-triggered flip-flop clocked by REF_DOMAIN)
  Endpoint: FIFO/Memory/Memory_reg[4][4]
            (rising edge-triggered flip-flop clocked by REF_DOMAIN)
  Path Group: REF_DOMAIN
  Path Type: min

  Point                                                   Incr       Path
  --------------------------------------------------------------------------
  clock REF_DOMAIN (rise edge)                            0.00       0.00
  clock network delay (ideal)                             0.00       0.00
  FIFO/Memory/Memory_reg[4][4]/CK (DFFRQX2M)              0.00       0.00 r
  FIFO/Memory/Memory_reg[4][4]/Q (DFFRQX2M)               0.49       0.49 f
  FIFO/Memory/U47/Y (OAI2BB2X1M)                          0.20       0.69 f
  FIFO/Memory/Memory_reg[4][4]/D (DFFRQX2M)               0.00       0.69 f
  data arrival time                                                  0.69

  clock REF_DOMAIN (rise edge)                            0.00       0.00
  clock network delay (ideal)                             0.00       0.00
  clock uncertainty                                       0.10       0.10
  FIFO/Memory/Memory_reg[4][4]/CK (DFFRQX2M)              0.00       0.10 r
  library hold time                                      -0.01       0.09
  data required time                                                 0.09
  --------------------------------------------------------------------------
  data required time                                                 0.09
  data arrival time                                                 -0.69
  --------------------------------------------------------------------------
  slack (MET)                                                        0.60


  Startpoint: FIFO/Memory/Memory_reg[4][3]
              (rising edge-triggered flip-flop clocked by REF_DOMAIN)
  Endpoint: FIFO/Memory/Memory_reg[4][3]
            (rising edge-triggered flip-flop clocked by REF_DOMAIN)
  Path Group: REF_DOMAIN
  Path Type: min

  Point                                                   Incr       Path
  --------------------------------------------------------------------------
  clock REF_DOMAIN (rise edge)                            0.00       0.00
  clock network delay (ideal)                             0.00       0.00
  FIFO/Memory/Memory_reg[4][3]/CK (DFFRQX2M)              0.00       0.00 r
  FIFO/Memory/Memory_reg[4][3]/Q (DFFRQX2M)               0.49       0.49 f
  FIFO/Memory/U46/Y (OAI2BB2X1M)                          0.20       0.69 f
  FIFO/Memory/Memory_reg[4][3]/D (DFFRQX2M)               0.00       0.69 f
  data arrival time                                                  0.69

  clock REF_DOMAIN (rise edge)                            0.00       0.00
  clock network delay (ideal)                             0.00       0.00
  clock uncertainty                                       0.10       0.10
  FIFO/Memory/Memory_reg[4][3]/CK (DFFRQX2M)              0.00       0.10 r
  library hold time                                      -0.01       0.09
  data required time                                                 0.09
  --------------------------------------------------------------------------
  data required time                                                 0.09
  data arrival time                                                 -0.69
  --------------------------------------------------------------------------
  slack (MET)                                                        0.60


  Startpoint: FIFO/Memory/Memory_reg[4][2]
              (rising edge-triggered flip-flop clocked by REF_DOMAIN)
  Endpoint: FIFO/Memory/Memory_reg[4][2]
            (rising edge-triggered flip-flop clocked by REF_DOMAIN)
  Path Group: REF_DOMAIN
  Path Type: min

  Point                                                   Incr       Path
  --------------------------------------------------------------------------
  clock REF_DOMAIN (rise edge)                            0.00       0.00
  clock network delay (ideal)                             0.00       0.00
  FIFO/Memory/Memory_reg[4][2]/CK (DFFRQX2M)              0.00       0.00 r
  FIFO/Memory/Memory_reg[4][2]/Q (DFFRQX2M)               0.49       0.49 f
  FIFO/Memory/U45/Y (OAI2BB2X1M)                          0.20       0.69 f
  FIFO/Memory/Memory_reg[4][2]/D (DFFRQX2M)               0.00       0.69 f
  data arrival time                                                  0.69

  clock REF_DOMAIN (rise edge)                            0.00       0.00
  clock network delay (ideal)                             0.00       0.00
  clock uncertainty                                       0.10       0.10
  FIFO/Memory/Memory_reg[4][2]/CK (DFFRQX2M)              0.00       0.10 r
  library hold time                                      -0.01       0.09
  data required time                                                 0.09
  --------------------------------------------------------------------------
  data required time                                                 0.09
  data arrival time                                                 -0.69
  --------------------------------------------------------------------------
  slack (MET)                                                        0.60


  Startpoint: FIFO/Memory/Memory_reg[4][1]
              (rising edge-triggered flip-flop clocked by REF_DOMAIN)
  Endpoint: FIFO/Memory/Memory_reg[4][1]
            (rising edge-triggered flip-flop clocked by REF_DOMAIN)
  Path Group: REF_DOMAIN
  Path Type: min

  Point                                                   Incr       Path
  --------------------------------------------------------------------------
  clock REF_DOMAIN (rise edge)                            0.00       0.00
  clock network delay (ideal)                             0.00       0.00
  FIFO/Memory/Memory_reg[4][1]/CK (DFFRQX2M)              0.00       0.00 r
  FIFO/Memory/Memory_reg[4][1]/Q (DFFRQX2M)               0.49       0.49 f
  FIFO/Memory/U44/Y (OAI2BB2X1M)                          0.20       0.69 f
  FIFO/Memory/Memory_reg[4][1]/D (DFFRQX2M)               0.00       0.69 f
  data arrival time                                                  0.69

  clock REF_DOMAIN (rise edge)                            0.00       0.00
  clock network delay (ideal)                             0.00       0.00
  clock uncertainty                                       0.10       0.10
  FIFO/Memory/Memory_reg[4][1]/CK (DFFRQX2M)              0.00       0.10 r
  library hold time                                      -0.01       0.09
  data required time                                                 0.09
  --------------------------------------------------------------------------
  data required time                                                 0.09
  data arrival time                                                 -0.69
  --------------------------------------------------------------------------
  slack (MET)                                                        0.60


  Startpoint: FIFO/Memory/Memory_reg[4][0]
              (rising edge-triggered flip-flop clocked by REF_DOMAIN)
  Endpoint: FIFO/Memory/Memory_reg[4][0]
            (rising edge-triggered flip-flop clocked by REF_DOMAIN)
  Path Group: REF_DOMAIN
  Path Type: min

  Point                                                   Incr       Path
  --------------------------------------------------------------------------
  clock REF_DOMAIN (rise edge)                            0.00       0.00
  clock network delay (ideal)                             0.00       0.00
  FIFO/Memory/Memory_reg[4][0]/CK (DFFRQX2M)              0.00       0.00 r
  FIFO/Memory/Memory_reg[4][0]/Q (DFFRQX2M)               0.49       0.49 f
  FIFO/Memory/U43/Y (OAI2BB2X1M)                          0.20       0.69 f
  FIFO/Memory/Memory_reg[4][0]/D (DFFRQX2M)               0.00       0.69 f
  data arrival time                                                  0.69

  clock REF_DOMAIN (rise edge)                            0.00       0.00
  clock network delay (ideal)                             0.00       0.00
  clock uncertainty                                       0.10       0.10
  FIFO/Memory/Memory_reg[4][0]/CK (DFFRQX2M)              0.00       0.10 r
  library hold time                                      -0.01       0.09
  data required time                                                 0.09
  --------------------------------------------------------------------------
  data required time                                                 0.09
  data arrival time                                                 -0.69
  --------------------------------------------------------------------------
  slack (MET)                                                        0.60


  Startpoint: REG_FILE/Reg_File_reg[14][5]
              (rising edge-triggered flip-flop clocked by REF_DOMAIN)
  Endpoint: REG_FILE/Reg_File_reg[14][5]
            (rising edge-triggered flip-flop clocked by REF_DOMAIN)
  Path Group: REF_DOMAIN
  Path Type: min

  Point                                                   Incr       Path
  --------------------------------------------------------------------------
  clock REF_DOMAIN (rise edge)                            0.00       0.00
  clock network delay (ideal)                             0.00       0.00
  REG_FILE/Reg_File_reg[14][5]/CK (DFFRQX2M)              0.00       0.00 r
  REG_FILE/Reg_File_reg[14][5]/Q (DFFRQX2M)               0.49       0.49 f
  REG_FILE/U161/Y (OAI2BB2X1M)                            0.20       0.69 f
  REG_FILE/Reg_File_reg[14][5]/D (DFFRQX2M)               0.00       0.69 f
  data arrival time                                                  0.69

  clock REF_DOMAIN (rise edge)                            0.00       0.00
  clock network delay (ideal)                             0.00       0.00
  clock uncertainty                                       0.10       0.10
  REG_FILE/Reg_File_reg[14][5]/CK (DFFRQX2M)              0.00       0.10 r
  library hold time                                      -0.01       0.09
  data required time                                                 0.09
  --------------------------------------------------------------------------
  data required time                                                 0.09
  data arrival time                                                 -0.69
  --------------------------------------------------------------------------
  slack (MET)                                                        0.60


  Startpoint: REG_FILE/Reg_File_reg[14][4]
              (rising edge-triggered flip-flop clocked by REF_DOMAIN)
  Endpoint: REG_FILE/Reg_File_reg[14][4]
            (rising edge-triggered flip-flop clocked by REF_DOMAIN)
  Path Group: REF_DOMAIN
  Path Type: min

  Point                                                   Incr       Path
  --------------------------------------------------------------------------
  clock REF_DOMAIN (rise edge)                            0.00       0.00
  clock network delay (ideal)                             0.00       0.00
  REG_FILE/Reg_File_reg[14][4]/CK (DFFRQX2M)              0.00       0.00 r
  REG_FILE/Reg_File_reg[14][4]/Q (DFFRQX2M)               0.49       0.49 f
  REG_FILE/U160/Y (OAI2BB2X1M)                            0.20       0.69 f
  REG_FILE/Reg_File_reg[14][4]/D (DFFRQX2M)               0.00       0.69 f
  data arrival time                                                  0.69

  clock REF_DOMAIN (rise edge)                            0.00       0.00
  clock network delay (ideal)                             0.00       0.00
  clock uncertainty                                       0.10       0.10
  REG_FILE/Reg_File_reg[14][4]/CK (DFFRQX2M)              0.00       0.10 r
  library hold time                                      -0.01       0.09
  data required time                                                 0.09
  --------------------------------------------------------------------------
  data required time                                                 0.09
  data arrival time                                                 -0.69
  --------------------------------------------------------------------------
  slack (MET)                                                        0.60


  Startpoint: REG_FILE/Reg_File_reg[14][3]
              (rising edge-triggered flip-flop clocked by REF_DOMAIN)
  Endpoint: REG_FILE/Reg_File_reg[14][3]
            (rising edge-triggered flip-flop clocked by REF_DOMAIN)
  Path Group: REF_DOMAIN
  Path Type: min

  Point                                                   Incr       Path
  --------------------------------------------------------------------------
  clock REF_DOMAIN (rise edge)                            0.00       0.00
  clock network delay (ideal)                             0.00       0.00
  REG_FILE/Reg_File_reg[14][3]/CK (DFFRQX2M)              0.00       0.00 r
  REG_FILE/Reg_File_reg[14][3]/Q (DFFRQX2M)               0.49       0.49 f
  REG_FILE/U159/Y (OAI2BB2X1M)                            0.20       0.69 f
  REG_FILE/Reg_File_reg[14][3]/D (DFFRQX2M)               0.00       0.69 f
  data arrival time                                                  0.69

  clock REF_DOMAIN (rise edge)                            0.00       0.00
  clock network delay (ideal)                             0.00       0.00
  clock uncertainty                                       0.10       0.10
  REG_FILE/Reg_File_reg[14][3]/CK (DFFRQX2M)              0.00       0.10 r
  library hold time                                      -0.01       0.09
  data required time                                                 0.09
  --------------------------------------------------------------------------
  data required time                                                 0.09
  data arrival time                                                 -0.69
  --------------------------------------------------------------------------
  slack (MET)                                                        0.60


  Startpoint: REG_FILE/Reg_File_reg[14][2]
              (rising edge-triggered flip-flop clocked by REF_DOMAIN)
  Endpoint: REG_FILE/Reg_File_reg[14][2]
            (rising edge-triggered flip-flop clocked by REF_DOMAIN)
  Path Group: REF_DOMAIN
  Path Type: min

  Point                                                   Incr       Path
  --------------------------------------------------------------------------
  clock REF_DOMAIN (rise edge)                            0.00       0.00
  clock network delay (ideal)                             0.00       0.00
  REG_FILE/Reg_File_reg[14][2]/CK (DFFRQX2M)              0.00       0.00 r
  REG_FILE/Reg_File_reg[14][2]/Q (DFFRQX2M)               0.49       0.49 f
  REG_FILE/U158/Y (OAI2BB2X1M)                            0.20       0.69 f
  REG_FILE/Reg_File_reg[14][2]/D (DFFRQX2M)               0.00       0.69 f
  data arrival time                                                  0.69

  clock REF_DOMAIN (rise edge)                            0.00       0.00
  clock network delay (ideal)                             0.00       0.00
  clock uncertainty                                       0.10       0.10
  REG_FILE/Reg_File_reg[14][2]/CK (DFFRQX2M)              0.00       0.10 r
  library hold time                                      -0.01       0.09
  data required time                                                 0.09
  --------------------------------------------------------------------------
  data required time                                                 0.09
  data arrival time                                                 -0.69
  --------------------------------------------------------------------------
  slack (MET)                                                        0.60


  Startpoint: REG_FILE/Reg_File_reg[14][1]
              (rising edge-triggered flip-flop clocked by REF_DOMAIN)
  Endpoint: REG_FILE/Reg_File_reg[14][1]
            (rising edge-triggered flip-flop clocked by REF_DOMAIN)
  Path Group: REF_DOMAIN
  Path Type: min

  Point                                                   Incr       Path
  --------------------------------------------------------------------------
  clock REF_DOMAIN (rise edge)                            0.00       0.00
  clock network delay (ideal)                             0.00       0.00
  REG_FILE/Reg_File_reg[14][1]/CK (DFFRQX2M)              0.00       0.00 r
  REG_FILE/Reg_File_reg[14][1]/Q (DFFRQX2M)               0.49       0.49 f
  REG_FILE/U157/Y (OAI2BB2X1M)                            0.20       0.69 f
  REG_FILE/Reg_File_reg[14][1]/D (DFFRQX2M)               0.00       0.69 f
  data arrival time                                                  0.69

  clock REF_DOMAIN (rise edge)                            0.00       0.00
  clock network delay (ideal)                             0.00       0.00
  clock uncertainty                                       0.10       0.10
  REG_FILE/Reg_File_reg[14][1]/CK (DFFRQX2M)              0.00       0.10 r
  library hold time                                      -0.01       0.09
  data required time                                                 0.09
  --------------------------------------------------------------------------
  data required time                                                 0.09
  data arrival time                                                 -0.69
  --------------------------------------------------------------------------
  slack (MET)                                                        0.60


  Startpoint: REG_FILE/Reg_File_reg[14][0]
              (rising edge-triggered flip-flop clocked by REF_DOMAIN)
  Endpoint: REG_FILE/Reg_File_reg[14][0]
            (rising edge-triggered flip-flop clocked by REF_DOMAIN)
  Path Group: REF_DOMAIN
  Path Type: min

  Point                                                   Incr       Path
  --------------------------------------------------------------------------
  clock REF_DOMAIN (rise edge)                            0.00       0.00
  clock network delay (ideal)                             0.00       0.00
  REG_FILE/Reg_File_reg[14][0]/CK (DFFRQX2M)              0.00       0.00 r
  REG_FILE/Reg_File_reg[14][0]/Q (DFFRQX2M)               0.49       0.49 f
  REG_FILE/U156/Y (OAI2BB2X1M)                            0.20       0.69 f
  REG_FILE/Reg_File_reg[14][0]/D (DFFRQX2M)               0.00       0.69 f
  data arrival time                                                  0.69

  clock REF_DOMAIN (rise edge)                            0.00       0.00
  clock network delay (ideal)                             0.00       0.00
  clock uncertainty                                       0.10       0.10
  REG_FILE/Reg_File_reg[14][0]/CK (DFFRQX2M)              0.00       0.10 r
  library hold time                                      -0.01       0.09
  data required time                                                 0.09
  --------------------------------------------------------------------------
  data required time                                                 0.09
  data arrival time                                                 -0.69
  --------------------------------------------------------------------------
  slack (MET)                                                        0.60


  Startpoint: REG_FILE/Reg_File_reg[10][7]
              (rising edge-triggered flip-flop clocked by REF_DOMAIN)
  Endpoint: REG_FILE/Reg_File_reg[10][7]
            (rising edge-triggered flip-flop clocked by REF_DOMAIN)
  Path Group: REF_DOMAIN
  Path Type: min

  Point                                                   Incr       Path
  --------------------------------------------------------------------------
  clock REF_DOMAIN (rise edge)                            0.00       0.00
  clock network delay (ideal)                             0.00       0.00
  REG_FILE/Reg_File_reg[10][7]/CK (DFFRQX2M)              0.00       0.00 r
  REG_FILE/Reg_File_reg[10][7]/Q (DFFRQX2M)               0.49       0.49 f
  REG_FILE/U131/Y (OAI2BB2X1M)                            0.20       0.69 f
  REG_FILE/Reg_File_reg[10][7]/D (DFFRQX2M)               0.00       0.69 f
  data arrival time                                                  0.69

  clock REF_DOMAIN (rise edge)                            0.00       0.00
  clock network delay (ideal)                             0.00       0.00
  clock uncertainty                                       0.10       0.10
  REG_FILE/Reg_File_reg[10][7]/CK (DFFRQX2M)              0.00       0.10 r
  library hold time                                      -0.01       0.09
  data required time                                                 0.09
  --------------------------------------------------------------------------
  data required time                                                 0.09
  data arrival time                                                 -0.69
  --------------------------------------------------------------------------
  slack (MET)                                                        0.60


  Startpoint: REG_FILE/Reg_File_reg[10][6]
              (rising edge-triggered flip-flop clocked by REF_DOMAIN)
  Endpoint: REG_FILE/Reg_File_reg[10][6]
            (rising edge-triggered flip-flop clocked by REF_DOMAIN)
  Path Group: REF_DOMAIN
  Path Type: min

  Point                                                   Incr       Path
  --------------------------------------------------------------------------
  clock REF_DOMAIN (rise edge)                            0.00       0.00
  clock network delay (ideal)                             0.00       0.00
  REG_FILE/Reg_File_reg[10][6]/CK (DFFRQX2M)              0.00       0.00 r
  REG_FILE/Reg_File_reg[10][6]/Q (DFFRQX2M)               0.49       0.49 f
  REG_FILE/U130/Y (OAI2BB2X1M)                            0.20       0.69 f
  REG_FILE/Reg_File_reg[10][6]/D (DFFRQX2M)               0.00       0.69 f
  data arrival time                                                  0.69

  clock REF_DOMAIN (rise edge)                            0.00       0.00
  clock network delay (ideal)                             0.00       0.00
  clock uncertainty                                       0.10       0.10
  REG_FILE/Reg_File_reg[10][6]/CK (DFFRQX2M)              0.00       0.10 r
  library hold time                                      -0.01       0.09
  data required time                                                 0.09
  --------------------------------------------------------------------------
  data required time                                                 0.09
  data arrival time                                                 -0.69
  --------------------------------------------------------------------------
  slack (MET)                                                        0.60


  Startpoint: REG_FILE/Reg_File_reg[10][5]
              (rising edge-triggered flip-flop clocked by REF_DOMAIN)
  Endpoint: REG_FILE/Reg_File_reg[10][5]
            (rising edge-triggered flip-flop clocked by REF_DOMAIN)
  Path Group: REF_DOMAIN
  Path Type: min

  Point                                                   Incr       Path
  --------------------------------------------------------------------------
  clock REF_DOMAIN (rise edge)                            0.00       0.00
  clock network delay (ideal)                             0.00       0.00
  REG_FILE/Reg_File_reg[10][5]/CK (DFFRQX2M)              0.00       0.00 r
  REG_FILE/Reg_File_reg[10][5]/Q (DFFRQX2M)               0.49       0.49 f
  REG_FILE/U129/Y (OAI2BB2X1M)                            0.20       0.69 f
  REG_FILE/Reg_File_reg[10][5]/D (DFFRQX2M)               0.00       0.69 f
  data arrival time                                                  0.69

  clock REF_DOMAIN (rise edge)                            0.00       0.00
  clock network delay (ideal)                             0.00       0.00
  clock uncertainty                                       0.10       0.10
  REG_FILE/Reg_File_reg[10][5]/CK (DFFRQX2M)              0.00       0.10 r
  library hold time                                      -0.01       0.09
  data required time                                                 0.09
  --------------------------------------------------------------------------
  data required time                                                 0.09
  data arrival time                                                 -0.69
  --------------------------------------------------------------------------
  slack (MET)                                                        0.60


  Startpoint: REG_FILE/Reg_File_reg[10][4]
              (rising edge-triggered flip-flop clocked by REF_DOMAIN)
  Endpoint: REG_FILE/Reg_File_reg[10][4]
            (rising edge-triggered flip-flop clocked by REF_DOMAIN)
  Path Group: REF_DOMAIN
  Path Type: min

  Point                                                   Incr       Path
  --------------------------------------------------------------------------
  clock REF_DOMAIN (rise edge)                            0.00       0.00
  clock network delay (ideal)                             0.00       0.00
  REG_FILE/Reg_File_reg[10][4]/CK (DFFRQX2M)              0.00       0.00 r
  REG_FILE/Reg_File_reg[10][4]/Q (DFFRQX2M)               0.49       0.49 f
  REG_FILE/U128/Y (OAI2BB2X1M)                            0.20       0.69 f
  REG_FILE/Reg_File_reg[10][4]/D (DFFRQX2M)               0.00       0.69 f
  data arrival time                                                  0.69

  clock REF_DOMAIN (rise edge)                            0.00       0.00
  clock network delay (ideal)                             0.00       0.00
  clock uncertainty                                       0.10       0.10
  REG_FILE/Reg_File_reg[10][4]/CK (DFFRQX2M)              0.00       0.10 r
  library hold time                                      -0.01       0.09
  data required time                                                 0.09
  --------------------------------------------------------------------------
  data required time                                                 0.09
  data arrival time                                                 -0.69
  --------------------------------------------------------------------------
  slack (MET)                                                        0.60


  Startpoint: REG_FILE/Reg_File_reg[10][3]
              (rising edge-triggered flip-flop clocked by REF_DOMAIN)
  Endpoint: REG_FILE/Reg_File_reg[10][3]
            (rising edge-triggered flip-flop clocked by REF_DOMAIN)
  Path Group: REF_DOMAIN
  Path Type: min

  Point                                                   Incr       Path
  --------------------------------------------------------------------------
  clock REF_DOMAIN (rise edge)                            0.00       0.00
  clock network delay (ideal)                             0.00       0.00
  REG_FILE/Reg_File_reg[10][3]/CK (DFFRQX2M)              0.00       0.00 r
  REG_FILE/Reg_File_reg[10][3]/Q (DFFRQX2M)               0.49       0.49 f
  REG_FILE/U127/Y (OAI2BB2X1M)                            0.20       0.69 f
  REG_FILE/Reg_File_reg[10][3]/D (DFFRQX2M)               0.00       0.69 f
  data arrival time                                                  0.69

  clock REF_DOMAIN (rise edge)                            0.00       0.00
  clock network delay (ideal)                             0.00       0.00
  clock uncertainty                                       0.10       0.10
  REG_FILE/Reg_File_reg[10][3]/CK (DFFRQX2M)              0.00       0.10 r
  library hold time                                      -0.01       0.09
  data required time                                                 0.09
  --------------------------------------------------------------------------
  data required time                                                 0.09
  data arrival time                                                 -0.69
  --------------------------------------------------------------------------
  slack (MET)                                                        0.60


  Startpoint: REG_FILE/Reg_File_reg[10][2]
              (rising edge-triggered flip-flop clocked by REF_DOMAIN)
  Endpoint: REG_FILE/Reg_File_reg[10][2]
            (rising edge-triggered flip-flop clocked by REF_DOMAIN)
  Path Group: REF_DOMAIN
  Path Type: min

  Point                                                   Incr       Path
  --------------------------------------------------------------------------
  clock REF_DOMAIN (rise edge)                            0.00       0.00
  clock network delay (ideal)                             0.00       0.00
  REG_FILE/Reg_File_reg[10][2]/CK (DFFRQX2M)              0.00       0.00 r
  REG_FILE/Reg_File_reg[10][2]/Q (DFFRQX2M)               0.49       0.49 f
  REG_FILE/U126/Y (OAI2BB2X1M)                            0.20       0.69 f
  REG_FILE/Reg_File_reg[10][2]/D (DFFRQX2M)               0.00       0.69 f
  data arrival time                                                  0.69

  clock REF_DOMAIN (rise edge)                            0.00       0.00
  clock network delay (ideal)                             0.00       0.00
  clock uncertainty                                       0.10       0.10
  REG_FILE/Reg_File_reg[10][2]/CK (DFFRQX2M)              0.00       0.10 r
  library hold time                                      -0.01       0.09
  data required time                                                 0.09
  --------------------------------------------------------------------------
  data required time                                                 0.09
  data arrival time                                                 -0.69
  --------------------------------------------------------------------------
  slack (MET)                                                        0.60


  Startpoint: REG_FILE/Reg_File_reg[10][1]
              (rising edge-triggered flip-flop clocked by REF_DOMAIN)
  Endpoint: REG_FILE/Reg_File_reg[10][1]
            (rising edge-triggered flip-flop clocked by REF_DOMAIN)
  Path Group: REF_DOMAIN
  Path Type: min

  Point                                                   Incr       Path
  --------------------------------------------------------------------------
  clock REF_DOMAIN (rise edge)                            0.00       0.00
  clock network delay (ideal)                             0.00       0.00
  REG_FILE/Reg_File_reg[10][1]/CK (DFFRQX2M)              0.00       0.00 r
  REG_FILE/Reg_File_reg[10][1]/Q (DFFRQX2M)               0.49       0.49 f
  REG_FILE/U125/Y (OAI2BB2X1M)                            0.20       0.69 f
  REG_FILE/Reg_File_reg[10][1]/D (DFFRQX2M)               0.00       0.69 f
  data arrival time                                                  0.69

  clock REF_DOMAIN (rise edge)                            0.00       0.00
  clock network delay (ideal)                             0.00       0.00
  clock uncertainty                                       0.10       0.10
  REG_FILE/Reg_File_reg[10][1]/CK (DFFRQX2M)              0.00       0.10 r
  library hold time                                      -0.01       0.09
  data required time                                                 0.09
  --------------------------------------------------------------------------
  data required time                                                 0.09
  data arrival time                                                 -0.69
  --------------------------------------------------------------------------
  slack (MET)                                                        0.60


  Startpoint: REG_FILE/Reg_File_reg[10][0]
              (rising edge-triggered flip-flop clocked by REF_DOMAIN)
  Endpoint: REG_FILE/Reg_File_reg[10][0]
            (rising edge-triggered flip-flop clocked by REF_DOMAIN)
  Path Group: REF_DOMAIN
  Path Type: min

  Point                                                   Incr       Path
  --------------------------------------------------------------------------
  clock REF_DOMAIN (rise edge)                            0.00       0.00
  clock network delay (ideal)                             0.00       0.00
  REG_FILE/Reg_File_reg[10][0]/CK (DFFRQX2M)              0.00       0.00 r
  REG_FILE/Reg_File_reg[10][0]/Q (DFFRQX2M)               0.49       0.49 f
  REG_FILE/U124/Y (OAI2BB2X1M)                            0.20       0.69 f
  REG_FILE/Reg_File_reg[10][0]/D (DFFRQX2M)               0.00       0.69 f
  data arrival time                                                  0.69

  clock REF_DOMAIN (rise edge)                            0.00       0.00
  clock network delay (ideal)                             0.00       0.00
  clock uncertainty                                       0.10       0.10
  REG_FILE/Reg_File_reg[10][0]/CK (DFFRQX2M)              0.00       0.10 r
  library hold time                                      -0.01       0.09
  data required time                                                 0.09
  --------------------------------------------------------------------------
  data required time                                                 0.09
  data arrival time                                                 -0.69
  --------------------------------------------------------------------------
  slack (MET)                                                        0.60


  Startpoint: REG_FILE/Reg_File_reg[6][7]
              (rising edge-triggered flip-flop clocked by REF_DOMAIN)
  Endpoint: REG_FILE/Reg_File_reg[6][7]
            (rising edge-triggered flip-flop clocked by REF_DOMAIN)
  Path Group: REF_DOMAIN
  Path Type: min

  Point                                                   Incr       Path
  --------------------------------------------------------------------------
  clock REF_DOMAIN (rise edge)                            0.00       0.00
  clock network delay (ideal)                             0.00       0.00
  REG_FILE/Reg_File_reg[6][7]/CK (DFFRQX2M)               0.00       0.00 r
  REG_FILE/Reg_File_reg[6][7]/Q (DFFRQX2M)                0.49       0.49 f
  REG_FILE/U99/Y (OAI2BB2X1M)                             0.20       0.69 f
  REG_FILE/Reg_File_reg[6][7]/D (DFFRQX2M)                0.00       0.69 f
  data arrival time                                                  0.69

  clock REF_DOMAIN (rise edge)                            0.00       0.00
  clock network delay (ideal)                             0.00       0.00
  clock uncertainty                                       0.10       0.10
  REG_FILE/Reg_File_reg[6][7]/CK (DFFRQX2M)               0.00       0.10 r
  library hold time                                      -0.01       0.09
  data required time                                                 0.09
  --------------------------------------------------------------------------
  data required time                                                 0.09
  data arrival time                                                 -0.69
  --------------------------------------------------------------------------
  slack (MET)                                                        0.60


  Startpoint: REG_FILE/Reg_File_reg[6][6]
              (rising edge-triggered flip-flop clocked by REF_DOMAIN)
  Endpoint: REG_FILE/Reg_File_reg[6][6]
            (rising edge-triggered flip-flop clocked by REF_DOMAIN)
  Path Group: REF_DOMAIN
  Path Type: min

  Point                                                   Incr       Path
  --------------------------------------------------------------------------
  clock REF_DOMAIN (rise edge)                            0.00       0.00
  clock network delay (ideal)                             0.00       0.00
  REG_FILE/Reg_File_reg[6][6]/CK (DFFRQX2M)               0.00       0.00 r
  REG_FILE/Reg_File_reg[6][6]/Q (DFFRQX2M)                0.49       0.49 f
  REG_FILE/U98/Y (OAI2BB2X1M)                             0.20       0.69 f
  REG_FILE/Reg_File_reg[6][6]/D (DFFRQX2M)                0.00       0.69 f
  data arrival time                                                  0.69

  clock REF_DOMAIN (rise edge)                            0.00       0.00
  clock network delay (ideal)                             0.00       0.00
  clock uncertainty                                       0.10       0.10
  REG_FILE/Reg_File_reg[6][6]/CK (DFFRQX2M)               0.00       0.10 r
  library hold time                                      -0.01       0.09
  data required time                                                 0.09
  --------------------------------------------------------------------------
  data required time                                                 0.09
  data arrival time                                                 -0.69
  --------------------------------------------------------------------------
  slack (MET)                                                        0.60


  Startpoint: REG_FILE/Reg_File_reg[6][5]
              (rising edge-triggered flip-flop clocked by REF_DOMAIN)
  Endpoint: REG_FILE/Reg_File_reg[6][5]
            (rising edge-triggered flip-flop clocked by REF_DOMAIN)
  Path Group: REF_DOMAIN
  Path Type: min

  Point                                                   Incr       Path
  --------------------------------------------------------------------------
  clock REF_DOMAIN (rise edge)                            0.00       0.00
  clock network delay (ideal)                             0.00       0.00
  REG_FILE/Reg_File_reg[6][5]/CK (DFFRQX2M)               0.00       0.00 r
  REG_FILE/Reg_File_reg[6][5]/Q (DFFRQX2M)                0.49       0.49 f
  REG_FILE/U97/Y (OAI2BB2X1M)                             0.20       0.69 f
  REG_FILE/Reg_File_reg[6][5]/D (DFFRQX2M)                0.00       0.69 f
  data arrival time                                                  0.69

  clock REF_DOMAIN (rise edge)                            0.00       0.00
  clock network delay (ideal)                             0.00       0.00
  clock uncertainty                                       0.10       0.10
  REG_FILE/Reg_File_reg[6][5]/CK (DFFRQX2M)               0.00       0.10 r
  library hold time                                      -0.01       0.09
  data required time                                                 0.09
  --------------------------------------------------------------------------
  data required time                                                 0.09
  data arrival time                                                 -0.69
  --------------------------------------------------------------------------
  slack (MET)                                                        0.60


  Startpoint: REG_FILE/Reg_File_reg[6][4]
              (rising edge-triggered flip-flop clocked by REF_DOMAIN)
  Endpoint: REG_FILE/Reg_File_reg[6][4]
            (rising edge-triggered flip-flop clocked by REF_DOMAIN)
  Path Group: REF_DOMAIN
  Path Type: min

  Point                                                   Incr       Path
  --------------------------------------------------------------------------
  clock REF_DOMAIN (rise edge)                            0.00       0.00
  clock network delay (ideal)                             0.00       0.00
  REG_FILE/Reg_File_reg[6][4]/CK (DFFRQX2M)               0.00       0.00 r
  REG_FILE/Reg_File_reg[6][4]/Q (DFFRQX2M)                0.49       0.49 f
  REG_FILE/U96/Y (OAI2BB2X1M)                             0.20       0.69 f
  REG_FILE/Reg_File_reg[6][4]/D (DFFRQX2M)                0.00       0.69 f
  data arrival time                                                  0.69

  clock REF_DOMAIN (rise edge)                            0.00       0.00
  clock network delay (ideal)                             0.00       0.00
  clock uncertainty                                       0.10       0.10
  REG_FILE/Reg_File_reg[6][4]/CK (DFFRQX2M)               0.00       0.10 r
  library hold time                                      -0.01       0.09
  data required time                                                 0.09
  --------------------------------------------------------------------------
  data required time                                                 0.09
  data arrival time                                                 -0.69
  --------------------------------------------------------------------------
  slack (MET)                                                        0.60


  Startpoint: REG_FILE/Reg_File_reg[6][3]
              (rising edge-triggered flip-flop clocked by REF_DOMAIN)
  Endpoint: REG_FILE/Reg_File_reg[6][3]
            (rising edge-triggered flip-flop clocked by REF_DOMAIN)
  Path Group: REF_DOMAIN
  Path Type: min

  Point                                                   Incr       Path
  --------------------------------------------------------------------------
  clock REF_DOMAIN (rise edge)                            0.00       0.00
  clock network delay (ideal)                             0.00       0.00
  REG_FILE/Reg_File_reg[6][3]/CK (DFFRQX2M)               0.00       0.00 r
  REG_FILE/Reg_File_reg[6][3]/Q (DFFRQX2M)                0.49       0.49 f
  REG_FILE/U95/Y (OAI2BB2X1M)                             0.20       0.69 f
  REG_FILE/Reg_File_reg[6][3]/D (DFFRQX2M)                0.00       0.69 f
  data arrival time                                                  0.69

  clock REF_DOMAIN (rise edge)                            0.00       0.00
  clock network delay (ideal)                             0.00       0.00
  clock uncertainty                                       0.10       0.10
  REG_FILE/Reg_File_reg[6][3]/CK (DFFRQX2M)               0.00       0.10 r
  library hold time                                      -0.01       0.09
  data required time                                                 0.09
  --------------------------------------------------------------------------
  data required time                                                 0.09
  data arrival time                                                 -0.69
  --------------------------------------------------------------------------
  slack (MET)                                                        0.60


  Startpoint: REG_FILE/Reg_File_reg[6][2]
              (rising edge-triggered flip-flop clocked by REF_DOMAIN)
  Endpoint: REG_FILE/Reg_File_reg[6][2]
            (rising edge-triggered flip-flop clocked by REF_DOMAIN)
  Path Group: REF_DOMAIN
  Path Type: min

  Point                                                   Incr       Path
  --------------------------------------------------------------------------
  clock REF_DOMAIN (rise edge)                            0.00       0.00
  clock network delay (ideal)                             0.00       0.00
  REG_FILE/Reg_File_reg[6][2]/CK (DFFRQX2M)               0.00       0.00 r
  REG_FILE/Reg_File_reg[6][2]/Q (DFFRQX2M)                0.49       0.49 f
  REG_FILE/U94/Y (OAI2BB2X1M)                             0.20       0.69 f
  REG_FILE/Reg_File_reg[6][2]/D (DFFRQX2M)                0.00       0.69 f
  data arrival time                                                  0.69

  clock REF_DOMAIN (rise edge)                            0.00       0.00
  clock network delay (ideal)                             0.00       0.00
  clock uncertainty                                       0.10       0.10
  REG_FILE/Reg_File_reg[6][2]/CK (DFFRQX2M)               0.00       0.10 r
  library hold time                                      -0.01       0.09
  data required time                                                 0.09
  --------------------------------------------------------------------------
  data required time                                                 0.09
  data arrival time                                                 -0.69
  --------------------------------------------------------------------------
  slack (MET)                                                        0.60


  Startpoint: REG_FILE/Reg_File_reg[6][1]
              (rising edge-triggered flip-flop clocked by REF_DOMAIN)
  Endpoint: REG_FILE/Reg_File_reg[6][1]
            (rising edge-triggered flip-flop clocked by REF_DOMAIN)
  Path Group: REF_DOMAIN
  Path Type: min

  Point                                                   Incr       Path
  --------------------------------------------------------------------------
  clock REF_DOMAIN (rise edge)                            0.00       0.00
  clock network delay (ideal)                             0.00       0.00
  REG_FILE/Reg_File_reg[6][1]/CK (DFFRQX2M)               0.00       0.00 r
  REG_FILE/Reg_File_reg[6][1]/Q (DFFRQX2M)                0.49       0.49 f
  REG_FILE/U93/Y (OAI2BB2X1M)                             0.20       0.69 f
  REG_FILE/Reg_File_reg[6][1]/D (DFFRQX2M)                0.00       0.69 f
  data arrival time                                                  0.69

  clock REF_DOMAIN (rise edge)                            0.00       0.00
  clock network delay (ideal)                             0.00       0.00
  clock uncertainty                                       0.10       0.10
  REG_FILE/Reg_File_reg[6][1]/CK (DFFRQX2M)               0.00       0.10 r
  library hold time                                      -0.01       0.09
  data required time                                                 0.09
  --------------------------------------------------------------------------
  data required time                                                 0.09
  data arrival time                                                 -0.69
  --------------------------------------------------------------------------
  slack (MET)                                                        0.60


  Startpoint: REG_FILE/Reg_File_reg[6][0]
              (rising edge-triggered flip-flop clocked by REF_DOMAIN)
  Endpoint: REG_FILE/Reg_File_reg[6][0]
            (rising edge-triggered flip-flop clocked by REF_DOMAIN)
  Path Group: REF_DOMAIN
  Path Type: min

  Point                                                   Incr       Path
  --------------------------------------------------------------------------
  clock REF_DOMAIN (rise edge)                            0.00       0.00
  clock network delay (ideal)                             0.00       0.00
  REG_FILE/Reg_File_reg[6][0]/CK (DFFRQX2M)               0.00       0.00 r
  REG_FILE/Reg_File_reg[6][0]/Q (DFFRQX2M)                0.49       0.49 f
  REG_FILE/U92/Y (OAI2BB2X1M)                             0.20       0.69 f
  REG_FILE/Reg_File_reg[6][0]/D (DFFRQX2M)                0.00       0.69 f
  data arrival time                                                  0.69

  clock REF_DOMAIN (rise edge)                            0.00       0.00
  clock network delay (ideal)                             0.00       0.00
  clock uncertainty                                       0.10       0.10
  REG_FILE/Reg_File_reg[6][0]/CK (DFFRQX2M)               0.00       0.10 r
  library hold time                                      -0.01       0.09
  data required time                                                 0.09
  --------------------------------------------------------------------------
  data required time                                                 0.09
  data arrival time                                                 -0.69
  --------------------------------------------------------------------------
  slack (MET)                                                        0.60


  Startpoint: UART/RX/DZ/P_DATA_reg[7]
              (rising edge-triggered flip-flop clocked by RX_CLK)
  Endpoint: UART/RX/DZ/P_DATA_reg[7]
            (rising edge-triggered flip-flop clocked by RX_CLK)
  Path Group: RX_CLK
  Path Type: min

  Point                                                   Incr       Path
  --------------------------------------------------------------------------
  clock RX_CLK (rise edge)                                0.00       0.00
  clock network delay (ideal)                             0.00       0.00
  UART/RX/DZ/P_DATA_reg[7]/CK (DFFRQX2M)                  0.00       0.00 r
  UART/RX/DZ/P_DATA_reg[7]/Q (DFFRQX2M)                   0.50       0.50 f
  UART/RX/DZ/U21/Y (NAND2X2M)                             0.07       0.57 r
  UART/RX/DZ/U18/Y (OAI31X1M)                             0.04       0.62 f
  UART/RX/DZ/P_DATA_reg[7]/D (DFFRQX2M)                   0.00       0.62 f
  data arrival time                                                  0.62

  clock RX_CLK (rise edge)                                0.00       0.00
  clock network delay (ideal)                             0.00       0.00
  clock uncertainty                                       0.10       0.10
  UART/RX/DZ/P_DATA_reg[7]/CK (DFFRQX2M)                  0.00       0.10 r
  library hold time                                      -0.01       0.09
  data required time                                                 0.09
  --------------------------------------------------------------------------
  data required time                                                 0.09
  data arrival time                                                 -0.62
  --------------------------------------------------------------------------
  slack (MET)                                                        0.52


  Startpoint: UART/RX/EBC/bit_count_reg[0]
              (rising edge-triggered flip-flop clocked by RX_CLK)
  Endpoint: UART/RX/EBC/bit_count_reg[0]
            (rising edge-triggered flip-flop clocked by RX_CLK)
  Path Group: RX_CLK
  Path Type: min

  Point                                                   Incr       Path
  --------------------------------------------------------------------------
  clock RX_CLK (rise edge)                                0.00       0.00
  clock network delay (ideal)                             0.00       0.00
  UART/RX/EBC/bit_count_reg[0]/CK (DFFRQX2M)              0.00       0.00 r
  UART/RX/EBC/bit_count_reg[0]/Q (DFFRQX2M)               0.42       0.42 r
  UART/RX/EBC/U16/Y (CLKXOR2X2M)                          0.17       0.58 r
  UART/RX/EBC/U15/Y (NOR2X2M)                             0.04       0.62 f
  UART/RX/EBC/bit_count_reg[0]/D (DFFRQX2M)               0.00       0.62 f
  data arrival time                                                  0.62

  clock RX_CLK (rise edge)                                0.00       0.00
  clock network delay (ideal)                             0.00       0.00
  clock uncertainty                                       0.10       0.10
  UART/RX/EBC/bit_count_reg[0]/CK (DFFRQX2M)              0.00       0.10 r
  library hold time                                       0.00       0.10
  data required time                                                 0.10
  --------------------------------------------------------------------------
  data required time                                                 0.10
  data arrival time                                                 -0.62
  --------------------------------------------------------------------------
  slack (MET)                                                        0.53


  Startpoint: UART/RX/DZ/P_DATA_reg[0]
              (rising edge-triggered flip-flop clocked by RX_CLK)
  Endpoint: UART/RX/DZ/P_DATA_reg[0]
            (rising edge-triggered flip-flop clocked by RX_CLK)
  Path Group: RX_CLK
  Path Type: min

  Point                                                   Incr       Path
  --------------------------------------------------------------------------
  clock RX_CLK (rise edge)                                0.00       0.00
  clock network delay (ideal)                             0.00       0.00
  UART/RX/DZ/P_DATA_reg[0]/CK (DFFRQX2M)                  0.00       0.00 r
  UART/RX/DZ/P_DATA_reg[0]/Q (DFFRQX2M)                   0.50       0.50 f
  UART/RX/DZ/U17/Y (OAI31X1M)                             0.07       0.57 r
  UART/RX/DZ/U16/Y (OAI32X1M)                             0.06       0.63 f
  UART/RX/DZ/P_DATA_reg[0]/D (DFFRQX2M)                   0.00       0.63 f
  data arrival time                                                  0.63

  clock RX_CLK (rise edge)                                0.00       0.00
  clock network delay (ideal)                             0.00       0.00
  clock uncertainty                                       0.10       0.10
  UART/RX/DZ/P_DATA_reg[0]/CK (DFFRQX2M)                  0.00       0.10 r
  library hold time                                      -0.01       0.09
  data required time                                                 0.09
  --------------------------------------------------------------------------
  data required time                                                 0.09
  data arrival time                                                 -0.63
  --------------------------------------------------------------------------
  slack (MET)                                                        0.53


  Startpoint: UART/RX/EBC/bit_count_reg[1]
              (rising edge-triggered flip-flop clocked by RX_CLK)
  Endpoint: UART/RX/EBC/bit_count_reg[1]
            (rising edge-triggered flip-flop clocked by RX_CLK)
  Path Group: RX_CLK
  Path Type: min

  Point                                                   Incr       Path
  --------------------------------------------------------------------------
  clock RX_CLK (rise edge)                                0.00       0.00
  clock network delay (ideal)                             0.00       0.00
  UART/RX/EBC/bit_count_reg[1]/CK (DFFRQX2M)              0.00       0.00 r
  UART/RX/EBC/bit_count_reg[1]/Q (DFFRQX2M)               0.42       0.42 r
  UART/RX/EBC/U23/Y (XNOR2X2M)                            0.19       0.61 r
  UART/RX/EBC/U22/Y (NOR2X2M)                             0.05       0.65 f
  UART/RX/EBC/bit_count_reg[1]/D (DFFRQX2M)               0.00       0.65 f
  data arrival time                                                  0.65

  clock RX_CLK (rise edge)                                0.00       0.00
  clock network delay (ideal)                             0.00       0.00
  clock uncertainty                                       0.10       0.10
  UART/RX/EBC/bit_count_reg[1]/CK (DFFRQX2M)              0.00       0.10 r
  library hold time                                      -0.01       0.09
  data required time                                                 0.09
  --------------------------------------------------------------------------
  data required time                                                 0.09
  data arrival time                                                 -0.65
  --------------------------------------------------------------------------
  slack (MET)                                                        0.56


  Startpoint: UART/RX/EBC/edge_count_reg[1]
              (rising edge-triggered flip-flop clocked by RX_CLK)
  Endpoint: UART/RX/EBC/edge_count_reg[1]
            (rising edge-triggered flip-flop clocked by RX_CLK)
  Path Group: RX_CLK
  Path Type: min

  Point                                                   Incr       Path
  --------------------------------------------------------------------------
  clock RX_CLK (rise edge)                                0.00       0.00
  clock network delay (ideal)                             0.00       0.00
  UART/RX/EBC/edge_count_reg[1]/CK (DFFRQX2M)             0.00       0.00 r
  UART/RX/EBC/edge_count_reg[1]/Q (DFFRQX2M)              0.43       0.43 r
  UART/RX/EBC/U28/S (ADDHX1M)                             0.10       0.53 f
  UART/RX/EBC/U7/Y (NOR2BX2M)                             0.13       0.66 f
  UART/RX/EBC/edge_count_reg[1]/D (DFFRQX2M)              0.00       0.66 f
  data arrival time                                                  0.66

  clock RX_CLK (rise edge)                                0.00       0.00
  clock network delay (ideal)                             0.00       0.00
  clock uncertainty                                       0.10       0.10
  UART/RX/EBC/edge_count_reg[1]/CK (DFFRQX2M)             0.00       0.10 r
  library hold time                                      -0.01       0.09
  data required time                                                 0.09
  --------------------------------------------------------------------------
  data required time                                                 0.09
  data arrival time                                                 -0.66
  --------------------------------------------------------------------------
  slack (MET)                                                        0.56


  Startpoint: UART/RX/F/current_state_reg[0]
              (rising edge-triggered flip-flop clocked by RX_CLK)
  Endpoint: UART/RX/F/current_state_reg[2]
            (rising edge-triggered flip-flop clocked by RX_CLK)
  Path Group: RX_CLK
  Path Type: min

  Point                                                   Incr       Path
  --------------------------------------------------------------------------
  clock RX_CLK (rise edge)                                0.00       0.00
  clock network delay (ideal)                             0.00       0.00
  UART/RX/F/current_state_reg[0]/CK (DFFRQX2M)            0.00       0.00 r
  UART/RX/F/current_state_reg[0]/Q (DFFRQX2M)             0.41       0.41 r
  UART/RX/F/U71/Y (NOR2X2M)                               0.07       0.47 f
  UART/RX/F/U74/Y (NAND2X2M)                              0.11       0.59 r
  UART/RX/F/U52/Y (OAI21X2M)                              0.08       0.67 f
  UART/RX/F/current_state_reg[2]/D (DFFRQX2M)             0.00       0.67 f
  data arrival time                                                  0.67

  clock RX_CLK (rise edge)                                0.00       0.00
  clock network delay (ideal)                             0.00       0.00
  clock uncertainty                                       0.10       0.10
  UART/RX/F/current_state_reg[2]/CK (DFFRQX2M)            0.00       0.10 r
  library hold time                                      -0.01       0.09
  data required time                                                 0.09
  --------------------------------------------------------------------------
  data required time                                                 0.09
  data arrival time                                                 -0.67
  --------------------------------------------------------------------------
  slack (MET)                                                        0.57


  Startpoint: UART/RX/EBC/edge_count_reg[0]
              (rising edge-triggered flip-flop clocked by RX_CLK)
  Endpoint: UART/RX/EBC/edge_count_reg[0]
            (rising edge-triggered flip-flop clocked by RX_CLK)
  Path Group: RX_CLK
  Path Type: min

  Point                                                   Incr       Path
  --------------------------------------------------------------------------
  clock RX_CLK (rise edge)                                0.00       0.00
  clock network delay (ideal)                             0.00       0.00
  UART/RX/EBC/edge_count_reg[0]/CK (DFFRQX2M)             0.00       0.00 r
  UART/RX/EBC/edge_count_reg[0]/Q (DFFRQX2M)              0.61       0.61 r
  UART/RX/EBC/U13/Y (NOR2X2M)                             0.06       0.67 f
  UART/RX/EBC/edge_count_reg[0]/D (DFFRQX2M)              0.00       0.67 f
  data arrival time                                                  0.67

  clock RX_CLK (rise edge)                                0.00       0.00
  clock network delay (ideal)                             0.00       0.00
  clock uncertainty                                       0.10       0.10
  UART/RX/EBC/edge_count_reg[0]/CK (DFFRQX2M)             0.00       0.10 r
  library hold time                                      -0.01       0.09
  data required time                                                 0.09
  --------------------------------------------------------------------------
  data required time                                                 0.09
  data arrival time                                                 -0.67
  --------------------------------------------------------------------------
  slack (MET)                                                        0.58


  Startpoint: UART/RX/DZ/bit_reg[0]
              (rising edge-triggered flip-flop clocked by RX_CLK)
  Endpoint: UART/RX/DZ/bit_reg[0]
            (rising edge-triggered flip-flop clocked by RX_CLK)
  Path Group: RX_CLK
  Path Type: min

  Point                                    Incr       Path
  -----------------------------------------------------------
  clock RX_CLK (rise edge)                 0.00       0.00
  clock network delay (ideal)              0.00       0.00
  UART/RX/DZ/bit_reg[0]/CK (DFFRQX2M)      0.00       0.00 r
  UART/RX/DZ/bit_reg[0]/Q (DFFRQX2M)       0.43       0.43 r
  UART/RX/DZ/U22/Y (NOR2X2M)               0.08       0.51 f
  UART/RX/DZ/U12/Y (OAI21BX1M)             0.17       0.68 f
  UART/RX/DZ/bit_reg[0]/D (DFFRQX2M)       0.00       0.68 f
  data arrival time                                   0.68

  clock RX_CLK (rise edge)                 0.00       0.00
  clock network delay (ideal)              0.00       0.00
  clock uncertainty                        0.10       0.10
  UART/RX/DZ/bit_reg[0]/CK (DFFRQX2M)      0.00       0.10 r
  library hold time                       -0.01       0.09
  data required time                                  0.09
  -----------------------------------------------------------
  data required time                                  0.09
  data arrival time                                  -0.68
  -----------------------------------------------------------
  slack (MET)                                         0.59


  Startpoint: UART/RX/EBC/bit_count_reg[2]
              (rising edge-triggered flip-flop clocked by RX_CLK)
  Endpoint: UART/RX/EBC/bit_count_reg[2]
            (rising edge-triggered flip-flop clocked by RX_CLK)
  Path Group: RX_CLK
  Path Type: min

  Point                                                   Incr       Path
  --------------------------------------------------------------------------
  clock RX_CLK (rise edge)                                0.00       0.00
  clock network delay (ideal)                             0.00       0.00
  UART/RX/EBC/bit_count_reg[2]/CK (DFFRQX2M)              0.00       0.00 r
  UART/RX/EBC/bit_count_reg[2]/Q (DFFRQX2M)               0.42       0.42 r
  UART/RX/EBC/U21/Y (CLKXOR2X2M)                          0.23       0.65 r
  UART/RX/EBC/U20/Y (NOR2X2M)                             0.04       0.68 f
  UART/RX/EBC/bit_count_reg[2]/D (DFFRQX2M)               0.00       0.68 f
  data arrival time                                                  0.68

  clock RX_CLK (rise edge)                                0.00       0.00
  clock network delay (ideal)                             0.00       0.00
  clock uncertainty                                       0.10       0.10
  UART/RX/EBC/bit_count_reg[2]/CK (DFFRQX2M)              0.00       0.10 r
  library hold time                                       0.00       0.10
  data required time                                                 0.10
  --------------------------------------------------------------------------
  data required time                                                 0.10
  data arrival time                                                 -0.68
  --------------------------------------------------------------------------
  slack (MET)                                                        0.59


  Startpoint: UART/RX/DZ/bit_reg[2]
              (rising edge-triggered flip-flop clocked by RX_CLK)
  Endpoint: UART/RX/DZ/bit_reg[2]
            (rising edge-triggered flip-flop clocked by RX_CLK)
  Path Group: RX_CLK
  Path Type: min

  Point                                    Incr       Path
  -----------------------------------------------------------
  clock RX_CLK (rise edge)                 0.00       0.00
  clock network delay (ideal)              0.00       0.00
  UART/RX/DZ/bit_reg[2]/CK (DFFRQX2M)      0.00       0.00 r
  UART/RX/DZ/bit_reg[2]/Q (DFFRQX2M)       0.51       0.51 f
  UART/RX/DZ/U36/Y (NAND3X2M)              0.10       0.61 r
  UART/RX/DZ/U10/Y (OAI221X1M)             0.08       0.69 f
  UART/RX/DZ/bit_reg[2]/D (DFFRQX2M)       0.00       0.69 f
  data arrival time                                   0.69

  clock RX_CLK (rise edge)                 0.00       0.00
  clock network delay (ideal)              0.00       0.00
  clock uncertainty                        0.10       0.10
  UART/RX/DZ/bit_reg[2]/CK (DFFRQX2M)      0.00       0.10 r
  library hold time                       -0.01       0.09
  data required time                                  0.09
  -----------------------------------------------------------
  data required time                                  0.09
  data arrival time                                  -0.69
  -----------------------------------------------------------
  slack (MET)                                         0.60


  Startpoint: UART/RX/EBC/bit_count_reg[3]
              (rising edge-triggered flip-flop clocked by RX_CLK)
  Endpoint: UART/RX/EBC/bit_count_reg[3]
            (rising edge-triggered flip-flop clocked by RX_CLK)
  Path Group: RX_CLK
  Path Type: min

  Point                                                   Incr       Path
  --------------------------------------------------------------------------
  clock RX_CLK (rise edge)                                0.00       0.00
  clock network delay (ideal)                             0.00       0.00
  UART/RX/EBC/bit_count_reg[3]/CK (DFFRQX2M)              0.00       0.00 r
  UART/RX/EBC/bit_count_reg[3]/Q (DFFRQX2M)               0.42       0.42 r
  UART/RX/EBC/U18/Y (CLKXOR2X2M)                          0.23       0.66 r
  UART/RX/EBC/U17/Y (NOR2X2M)                             0.04       0.70 f
  UART/RX/EBC/bit_count_reg[3]/D (DFFRQX2M)               0.00       0.70 f
  data arrival time                                                  0.70

  clock RX_CLK (rise edge)                                0.00       0.00
  clock network delay (ideal)                             0.00       0.00
  clock uncertainty                                       0.10       0.10
  UART/RX/EBC/bit_count_reg[3]/CK (DFFRQX2M)              0.00       0.10 r
  library hold time                                       0.00       0.10
  data required time                                                 0.10
  --------------------------------------------------------------------------
  data required time                                                 0.10
  data arrival time                                                 -0.70
  --------------------------------------------------------------------------
  slack (MET)                                                        0.60


  Startpoint: UART/RX/DS/sampled_reg[2]
              (rising edge-triggered flip-flop clocked by RX_CLK)
  Endpoint: UART/RX/DS/sampled_reg[2]
            (rising edge-triggered flip-flop clocked by RX_CLK)
  Path Group: RX_CLK
  Path Type: min

  Point                                                   Incr       Path
  --------------------------------------------------------------------------
  clock RX_CLK (rise edge)                                0.00       0.00
  clock network delay (ideal)                             0.00       0.00
  UART/RX/DS/sampled_reg[2]/CK (DFFRQX2M)                 0.00       0.00 r
  UART/RX/DS/sampled_reg[2]/Q (DFFRQX2M)                  0.49       0.49 f
  UART/RX/DS/U14/Y (OAI2BB2X1M)                           0.20       0.69 f
  UART/RX/DS/sampled_reg[2]/D (DFFRQX2M)                  0.00       0.69 f
  data arrival time                                                  0.69

  clock RX_CLK (rise edge)                                0.00       0.00
  clock network delay (ideal)                             0.00       0.00
  clock uncertainty                                       0.10       0.10
  UART/RX/DS/sampled_reg[2]/CK (DFFRQX2M)                 0.00       0.10 r
  library hold time                                      -0.01       0.09
  data required time                                                 0.09
  --------------------------------------------------------------------------
  data required time                                                 0.09
  data arrival time                                                 -0.69
  --------------------------------------------------------------------------
  slack (MET)                                                        0.60


  Startpoint: UART/RX/Sr/start_glitch_reg
              (rising edge-triggered flip-flop clocked by RX_CLK)
  Endpoint: UART/RX/Sr/start_glitch_reg
            (rising edge-triggered flip-flop clocked by RX_CLK)
  Path Group: RX_CLK
  Path Type: min

  Point                                                   Incr       Path
  --------------------------------------------------------------------------
  clock RX_CLK (rise edge)                                0.00       0.00
  clock network delay (ideal)                             0.00       0.00
  UART/RX/Sr/start_glitch_reg/CK (DFFRQX2M)               0.00       0.00 r
  UART/RX/Sr/start_glitch_reg/Q (DFFRQX2M)                0.49       0.49 f
  UART/RX/Sr/U4/Y (AOI22X1M)                              0.15       0.65 r
  UART/RX/Sr/U3/Y (NOR2BX2M)                              0.05       0.70 f
  UART/RX/Sr/start_glitch_reg/D (DFFRQX2M)                0.00       0.70 f
  data arrival time                                                  0.70

  clock RX_CLK (rise edge)                                0.00       0.00
  clock network delay (ideal)                             0.00       0.00
  clock uncertainty                                       0.10       0.10
  UART/RX/Sr/start_glitch_reg/CK (DFFRQX2M)               0.00       0.10 r
  library hold time                                      -0.01       0.09
  data required time                                                 0.09
  --------------------------------------------------------------------------
  data required time                                                 0.09
  data arrival time                                                 -0.70
  --------------------------------------------------------------------------
  slack (MET)                                                        0.60


  Startpoint: UART/RX/DZ/P_DATA_reg[1]
              (rising edge-triggered flip-flop clocked by RX_CLK)
  Endpoint: UART/RX/DZ/P_DATA_reg[1]
            (rising edge-triggered flip-flop clocked by RX_CLK)
  Path Group: RX_CLK
  Path Type: min

  Point                                                   Incr       Path
  --------------------------------------------------------------------------
  clock RX_CLK (rise edge)                                0.00       0.00
  clock network delay (ideal)                             0.00       0.00
  UART/RX/DZ/P_DATA_reg[1]/CK (DFFRQX2M)                  0.00       0.00 r
  UART/RX/DZ/P_DATA_reg[1]/Q (DFFRQX2M)                   0.49       0.49 f
  UART/RX/DZ/U23/Y (OAI2BB2X1M)                           0.20       0.70 f
  UART/RX/DZ/P_DATA_reg[1]/D (DFFRQX2M)                   0.00       0.70 f
  data arrival time                                                  0.70

  clock RX_CLK (rise edge)                                0.00       0.00
  clock network delay (ideal)                             0.00       0.00
  clock uncertainty                                       0.10       0.10
  UART/RX/DZ/P_DATA_reg[1]/CK (DFFRQX2M)                  0.00       0.10 r
  library hold time                                      -0.01       0.09
  data required time                                                 0.09
  --------------------------------------------------------------------------
  data required time                                                 0.09
  data arrival time                                                 -0.70
  --------------------------------------------------------------------------
  slack (MET)                                                        0.61


  Startpoint: UART/RX/DZ/P_DATA_reg[5]
              (rising edge-triggered flip-flop clocked by RX_CLK)
  Endpoint: UART/RX/DZ/P_DATA_reg[5]
            (rising edge-triggered flip-flop clocked by RX_CLK)
  Path Group: RX_CLK
  Path Type: min

  Point                                                   Incr       Path
  --------------------------------------------------------------------------
  clock RX_CLK (rise edge)                                0.00       0.00
  clock network delay (ideal)                             0.00       0.00
  UART/RX/DZ/P_DATA_reg[5]/CK (DFFRQX2M)                  0.00       0.00 r
  UART/RX/DZ/P_DATA_reg[5]/Q (DFFRQX2M)                   0.49       0.49 f
  UART/RX/DZ/U31/Y (OAI2BB2X1M)                           0.20       0.70 f
  UART/RX/DZ/P_DATA_reg[5]/D (DFFRQX2M)                   0.00       0.70 f
  data arrival time                                                  0.70

  clock RX_CLK (rise edge)                                0.00       0.00
  clock network delay (ideal)                             0.00       0.00
  clock uncertainty                                       0.10       0.10
  UART/RX/DZ/P_DATA_reg[5]/CK (DFFRQX2M)                  0.00       0.10 r
  library hold time                                      -0.01       0.09
  data required time                                                 0.09
  --------------------------------------------------------------------------
  data required time                                                 0.09
  data arrival time                                                 -0.70
  --------------------------------------------------------------------------
  slack (MET)                                                        0.61


  Startpoint: UART/RX/DZ/P_DATA_reg[4]
              (rising edge-triggered flip-flop clocked by RX_CLK)
  Endpoint: UART/RX/DZ/P_DATA_reg[4]
            (rising edge-triggered flip-flop clocked by RX_CLK)
  Path Group: RX_CLK
  Path Type: min

  Point                                                   Incr       Path
  --------------------------------------------------------------------------
  clock RX_CLK (rise edge)                                0.00       0.00
  clock network delay (ideal)                             0.00       0.00
  UART/RX/DZ/P_DATA_reg[4]/CK (DFFRQX2M)                  0.00       0.00 r
  UART/RX/DZ/P_DATA_reg[4]/Q (DFFRQX2M)                   0.49       0.49 f
  UART/RX/DZ/U29/Y (OAI2BB2X1M)                           0.20       0.70 f
  UART/RX/DZ/P_DATA_reg[4]/D (DFFRQX2M)                   0.00       0.70 f
  data arrival time                                                  0.70

  clock RX_CLK (rise edge)                                0.00       0.00
  clock network delay (ideal)                             0.00       0.00
  clock uncertainty                                       0.10       0.10
  UART/RX/DZ/P_DATA_reg[4]/CK (DFFRQX2M)                  0.00       0.10 r
  library hold time                                      -0.01       0.09
  data required time                                                 0.09
  --------------------------------------------------------------------------
  data required time                                                 0.09
  data arrival time                                                 -0.70
  --------------------------------------------------------------------------
  slack (MET)                                                        0.61


  Startpoint: UART/RX/F/current_state_reg[0]
              (rising edge-triggered flip-flop clocked by RX_CLK)
  Endpoint: UART/RX/F/current_state_reg[1]
            (rising edge-triggered flip-flop clocked by RX_CLK)
  Path Group: RX_CLK
  Path Type: min

  Point                                                   Incr       Path
  --------------------------------------------------------------------------
  clock RX_CLK (rise edge)                                0.00       0.00
  clock network delay (ideal)                             0.00       0.00
  UART/RX/F/current_state_reg[0]/CK (DFFRQX2M)            0.00       0.00 r
  UART/RX/F/current_state_reg[0]/Q (DFFRQX2M)             0.41       0.41 r
  UART/RX/F/U71/Y (NOR2X2M)                               0.07       0.47 f
  UART/RX/F/U74/Y (NAND2X2M)                              0.11       0.59 r
  UART/RX/F/U57/Y (OAI211X2M)                             0.12       0.70 f
  UART/RX/F/current_state_reg[1]/D (DFFRQX2M)             0.00       0.70 f
  data arrival time                                                  0.70

  clock RX_CLK (rise edge)                                0.00       0.00
  clock network delay (ideal)                             0.00       0.00
  clock uncertainty                                       0.10       0.10
  UART/RX/F/current_state_reg[1]/CK (DFFRQX2M)            0.00       0.10 r
  library hold time                                      -0.01       0.09
  data required time                                                 0.09
  --------------------------------------------------------------------------
  data required time                                                 0.09
  data arrival time                                                 -0.70
  --------------------------------------------------------------------------
  slack (MET)                                                        0.61


  Startpoint: UART/RX/DZ/P_DATA_reg[3]
              (rising edge-triggered flip-flop clocked by RX_CLK)
  Endpoint: UART/RX/DZ/P_DATA_reg[3]
            (rising edge-triggered flip-flop clocked by RX_CLK)
  Path Group: RX_CLK
  Path Type: min

  Point                                                   Incr       Path
  --------------------------------------------------------------------------
  clock RX_CLK (rise edge)                                0.00       0.00
  clock network delay (ideal)                             0.00       0.00
  UART/RX/DZ/P_DATA_reg[3]/CK (DFFRQX2M)                  0.00       0.00 r
  UART/RX/DZ/P_DATA_reg[3]/Q (DFFRQX2M)                   0.50       0.50 f
  UART/RX/DZ/U27/Y (OAI2BB2X1M)                           0.20       0.70 f
  UART/RX/DZ/P_DATA_reg[3]/D (DFFRQX2M)                   0.00       0.70 f
  data arrival time                                                  0.70

  clock RX_CLK (rise edge)                                0.00       0.00
  clock network delay (ideal)                             0.00       0.00
  clock uncertainty                                       0.10       0.10
  UART/RX/DZ/P_DATA_reg[3]/CK (DFFRQX2M)                  0.00       0.10 r
  library hold time                                      -0.01       0.09
  data required time                                                 0.09
  --------------------------------------------------------------------------
  data required time                                                 0.09
  data arrival time                                                 -0.70
  --------------------------------------------------------------------------
  slack (MET)                                                        0.61


  Startpoint: UART/RX/DZ/P_DATA_reg[6]
              (rising edge-triggered flip-flop clocked by RX_CLK)
  Endpoint: UART/RX/DZ/P_DATA_reg[6]
            (rising edge-triggered flip-flop clocked by RX_CLK)
  Path Group: RX_CLK
  Path Type: min

  Point                                                   Incr       Path
  --------------------------------------------------------------------------
  clock RX_CLK (rise edge)                                0.00       0.00
  clock network delay (ideal)                             0.00       0.00
  UART/RX/DZ/P_DATA_reg[6]/CK (DFFRQX2M)                  0.00       0.00 r
  UART/RX/DZ/P_DATA_reg[6]/Q (DFFRQX2M)                   0.50       0.50 f
  UART/RX/DZ/U33/Y (OAI2BB2X1M)                           0.21       0.70 f
  UART/RX/DZ/P_DATA_reg[6]/D (DFFRQX2M)                   0.00       0.70 f
  data arrival time                                                  0.70

  clock RX_CLK (rise edge)                                0.00       0.00
  clock network delay (ideal)                             0.00       0.00
  clock uncertainty                                       0.10       0.10
  UART/RX/DZ/P_DATA_reg[6]/CK (DFFRQX2M)                  0.00       0.10 r
  library hold time                                      -0.01       0.09
  data required time                                                 0.09
  --------------------------------------------------------------------------
  data required time                                                 0.09
  data arrival time                                                 -0.70
  --------------------------------------------------------------------------
  slack (MET)                                                        0.61


  Startpoint: UART/RX/DZ/P_DATA_reg[2]
              (rising edge-triggered flip-flop clocked by RX_CLK)
  Endpoint: UART/RX/DZ/P_DATA_reg[2]
            (rising edge-triggered flip-flop clocked by RX_CLK)
  Path Group: RX_CLK
  Path Type: min

  Point                                                   Incr       Path
  --------------------------------------------------------------------------
  clock RX_CLK (rise edge)                                0.00       0.00
  clock network delay (ideal)                             0.00       0.00
  UART/RX/DZ/P_DATA_reg[2]/CK (DFFRQX2M)                  0.00       0.00 r
  UART/RX/DZ/P_DATA_reg[2]/Q (DFFRQX2M)                   0.50       0.50 f
  UART/RX/DZ/U25/Y (OAI2BB2X1M)                           0.21       0.70 f
  UART/RX/DZ/P_DATA_reg[2]/D (DFFRQX2M)                   0.00       0.70 f
  data arrival time                                                  0.70

  clock RX_CLK (rise edge)                                0.00       0.00
  clock network delay (ideal)                             0.00       0.00
  clock uncertainty                                       0.10       0.10
  UART/RX/DZ/P_DATA_reg[2]/CK (DFFRQX2M)                  0.00       0.10 r
  library hold time                                      -0.01       0.09
  data required time                                                 0.09
  --------------------------------------------------------------------------
  data required time                                                 0.09
  data arrival time                                                 -0.70
  --------------------------------------------------------------------------
  slack (MET)                                                        0.61


  Startpoint: UART/RX/DS/sampled_reg[1]
              (rising edge-triggered flip-flop clocked by RX_CLK)
  Endpoint: UART/RX/DS/sampled_reg[1]
            (rising edge-triggered flip-flop clocked by RX_CLK)
  Path Group: RX_CLK
  Path Type: min

  Point                                                   Incr       Path
  --------------------------------------------------------------------------
  clock RX_CLK (rise edge)                                0.00       0.00
  clock network delay (ideal)                             0.00       0.00
  UART/RX/DS/sampled_reg[1]/CK (DFFRQX2M)                 0.00       0.00 r
  UART/RX/DS/sampled_reg[1]/Q (DFFRQX2M)                  0.51       0.51 f
  UART/RX/DS/U17/Y (OAI2BB2X1M)                           0.21       0.71 f
  UART/RX/DS/sampled_reg[1]/D (DFFRQX2M)                  0.00       0.71 f
  data arrival time                                                  0.71

  clock RX_CLK (rise edge)                                0.00       0.00
  clock network delay (ideal)                             0.00       0.00
  clock uncertainty                                       0.10       0.10
  UART/RX/DS/sampled_reg[1]/CK (DFFRQX2M)                 0.00       0.10 r
  library hold time                                      -0.01       0.09
  data required time                                                 0.09
  --------------------------------------------------------------------------
  data required time                                                 0.09
  data arrival time                                                 -0.71
  --------------------------------------------------------------------------
  slack (MET)                                                        0.62


  Startpoint: UART/RX/DS/sampled_reg[0]
              (rising edge-triggered flip-flop clocked by RX_CLK)
  Endpoint: UART/RX/DS/sampled_reg[0]
            (rising edge-triggered flip-flop clocked by RX_CLK)
  Path Group: RX_CLK
  Path Type: min

  Point                                                   Incr       Path
  --------------------------------------------------------------------------
  clock RX_CLK (rise edge)                                0.00       0.00
  clock network delay (ideal)                             0.00       0.00
  UART/RX/DS/sampled_reg[0]/CK (DFFRQX2M)                 0.00       0.00 r
  UART/RX/DS/sampled_reg[0]/Q (DFFRQX2M)                  0.51       0.51 f
  UART/RX/DS/U12/Y (OAI2BB2X1M)                           0.21       0.71 f
  UART/RX/DS/sampled_reg[0]/D (DFFRQX2M)                  0.00       0.71 f
  data arrival time                                                  0.71

  clock RX_CLK (rise edge)                                0.00       0.00
  clock network delay (ideal)                             0.00       0.00
  clock uncertainty                                       0.10       0.10
  UART/RX/DS/sampled_reg[0]/CK (DFFRQX2M)                 0.00       0.10 r
  library hold time                                      -0.01       0.09
  data required time                                                 0.09
  --------------------------------------------------------------------------
  data required time                                                 0.09
  data arrival time                                                 -0.71
  --------------------------------------------------------------------------
  slack (MET)                                                        0.62


  Startpoint: UART/RX/DZ/bit_reg[0]
              (rising edge-triggered flip-flop clocked by RX_CLK)
  Endpoint: UART/RX/DZ/bit_reg[1]
            (rising edge-triggered flip-flop clocked by RX_CLK)
  Path Group: RX_CLK
  Path Type: min

  Point                                    Incr       Path
  -----------------------------------------------------------
  clock RX_CLK (rise edge)                 0.00       0.00
  clock network delay (ideal)              0.00       0.00
  UART/RX/DZ/bit_reg[0]/CK (DFFRQX2M)      0.00       0.00 r
  UART/RX/DZ/bit_reg[0]/Q (DFFRQX2M)       0.43       0.43 r
  UART/RX/DZ/U22/Y (NOR2X2M)               0.08       0.51 f
  UART/RX/DZ/U11/Y (NOR2BX2M)              0.13       0.64 r
  UART/RX/DZ/U13/Y (OAI2BB2X1M)            0.09       0.73 f
  UART/RX/DZ/bit_reg[1]/D (DFFRQX2M)       0.00       0.73 f
  data arrival time                                   0.73

  clock RX_CLK (rise edge)                 0.00       0.00
  clock network delay (ideal)              0.00       0.00
  clock uncertainty                        0.10       0.10
  UART/RX/DZ/bit_reg[1]/CK (DFFRQX2M)      0.00       0.10 r
  library hold time                       -0.01       0.09
  data required time                                  0.09
  -----------------------------------------------------------
  data required time                                  0.09
  data arrival time                                  -0.73
  -----------------------------------------------------------
  slack (MET)                                         0.64


  Startpoint: UART/RX/EBC/bit_count_reg[3]
              (rising edge-triggered flip-flop clocked by RX_CLK)
  Endpoint: UART/RX/F/current_state_reg[0]
            (rising edge-triggered flip-flop clocked by RX_CLK)
  Path Group: RX_CLK
  Path Type: min

  Point                                                   Incr       Path
  --------------------------------------------------------------------------
  clock RX_CLK (rise edge)                                0.00       0.00
  clock network delay (ideal)                             0.00       0.00
  UART/RX/EBC/bit_count_reg[3]/CK (DFFRQX2M)              0.00       0.00 r
  UART/RX/EBC/bit_count_reg[3]/Q (DFFRQX2M)               0.42       0.42 r
  UART/RX/EBC/bit_count[3] (edge_bit_counter)             0.00       0.42 r
  UART/RX/F/bit_count[3] (FSM_RX)                         0.00       0.42 r
  UART/RX/F/U73/Y (OAI31X1M)                              0.07       0.50 f
  UART/RX/F/U72/Y (NAND2X2M)                              0.12       0.62 r
  UART/RX/F/U48/Y (OAI221X1M)                             0.13       0.75 f
  UART/RX/F/current_state_reg[0]/D (DFFRQX2M)             0.00       0.75 f
  data arrival time                                                  0.75

  clock RX_CLK (rise edge)                                0.00       0.00
  clock network delay (ideal)                             0.00       0.00
  clock uncertainty                                       0.10       0.10
  UART/RX/F/current_state_reg[0]/CK (DFFRQX2M)            0.00       0.10 r
  library hold time                                      -0.01       0.09
  data required time                                                 0.09
  --------------------------------------------------------------------------
  data required time                                                 0.09
  data arrival time                                                 -0.75
  --------------------------------------------------------------------------
  slack (MET)                                                        0.66


  Startpoint: UART/RX/EBC/edge_count_reg[1]
              (rising edge-triggered flip-flop clocked by RX_CLK)
  Endpoint: UART/RX/EBC/edge_count_reg[2]
            (rising edge-triggered flip-flop clocked by RX_CLK)
  Path Group: RX_CLK
  Path Type: min

  Point                                                   Incr       Path
  --------------------------------------------------------------------------
  clock RX_CLK (rise edge)                                0.00       0.00
  clock network delay (ideal)                             0.00       0.00
  UART/RX/EBC/edge_count_reg[1]/CK (DFFRQX2M)             0.00       0.00 r
  UART/RX/EBC/edge_count_reg[1]/Q (DFFRQX2M)              0.43       0.43 r
  UART/RX/EBC/U28/CO (ADDHX1M)                            0.16       0.58 r
  UART/RX/EBC/U27/S (ADDHX1M)                             0.05       0.64 f
  UART/RX/EBC/U8/Y (NOR2BX2M)                             0.12       0.76 f
  UART/RX/EBC/edge_count_reg[2]/D (DFFRQX2M)              0.00       0.76 f
  data arrival time                                                  0.76

  clock RX_CLK (rise edge)                                0.00       0.00
  clock network delay (ideal)                             0.00       0.00
  clock uncertainty                                       0.10       0.10
  UART/RX/EBC/edge_count_reg[2]/CK (DFFRQX2M)             0.00       0.10 r
  library hold time                                      -0.01       0.09
  data required time                                                 0.09
  --------------------------------------------------------------------------
  data required time                                                 0.09
  data arrival time                                                 -0.76
  --------------------------------------------------------------------------
  slack (MET)                                                        0.67


  Startpoint: UART/RX/EBC/edge_count_reg[3]
              (rising edge-triggered flip-flop clocked by RX_CLK)
  Endpoint: UART/RX/EBC/edge_count_reg[3]
            (rising edge-triggered flip-flop clocked by RX_CLK)
  Path Group: RX_CLK
  Path Type: min

  Point                                                   Incr       Path
  --------------------------------------------------------------------------
  clock RX_CLK (rise edge)                                0.00       0.00
  clock network delay (ideal)                             0.00       0.00
  UART/RX/EBC/edge_count_reg[3]/CK (DFFRQX2M)             0.00       0.00 r
  UART/RX/EBC/edge_count_reg[3]/Q (DFFRQX2M)              0.58       0.58 r
  UART/RX/EBC/U29/S (ADDHX1M)                             0.14       0.72 f
  UART/RX/EBC/U9/Y (NOR2BX2M)                             0.12       0.85 f
  UART/RX/EBC/edge_count_reg[3]/D (DFFRQX2M)              0.00       0.85 f
  data arrival time                                                  0.85

  clock RX_CLK (rise edge)                                0.00       0.00
  clock network delay (ideal)                             0.00       0.00
  clock uncertainty                                       0.10       0.10
  UART/RX/EBC/edge_count_reg[3]/CK (DFFRQX2M)             0.00       0.10 r
  library hold time                                      -0.01       0.09
  data required time                                                 0.09
  --------------------------------------------------------------------------
  data required time                                                 0.09
  data arrival time                                                 -0.85
  --------------------------------------------------------------------------
  slack (MET)                                                        0.75


  Startpoint: UART/RX/F/current_state_reg[0]
              (rising edge-triggered flip-flop clocked by RX_CLK)
  Endpoint: UART/RX/P/par_error_reg
            (rising edge-triggered flip-flop clocked by RX_CLK)
  Path Group: RX_CLK
  Path Type: min

  Point                                                   Incr       Path
  --------------------------------------------------------------------------
  clock RX_CLK (rise edge)                                0.00       0.00
  clock network delay (ideal)                             0.00       0.00
  UART/RX/F/current_state_reg[0]/CK (DFFRQX2M)            0.00       0.00 r
  UART/RX/F/current_state_reg[0]/Q (DFFRQX2M)             0.41       0.41 r
  UART/RX/F/U71/Y (NOR2X2M)                               0.07       0.47 f
  UART/RX/F/U37/Y (NAND2X2M)                              0.09       0.57 r
  UART/RX/F/U27/Y (NOR4BX1M)                              0.10       0.66 f
  UART/RX/F/par_chk_en (FSM_RX)                           0.00       0.66 f
  UART/RX/P/par_check_en (parity_check)                   0.00       0.66 f
  UART/RX/P/U6/Y (AOI22X1M)                               0.11       0.77 r
  UART/RX/P/U5/Y (NOR2BX2M)                               0.06       0.83 f
  UART/RX/P/par_error_reg/D (DFFRHQX8M)                   0.00       0.83 f
  data arrival time                                                  0.83

  clock RX_CLK (rise edge)                                0.00       0.00
  clock network delay (ideal)                             0.00       0.00
  clock uncertainty                                       0.10       0.10
  UART/RX/P/par_error_reg/CK (DFFRHQX8M)                  0.00       0.10 r
  library hold time                                      -0.05       0.05
  data required time                                                 0.05
  --------------------------------------------------------------------------
  data required time                                                 0.05
  data arrival time                                                 -0.83
  --------------------------------------------------------------------------
  slack (MET)                                                        0.78


  Startpoint: UART/RX/F/current_state_reg[2]
              (rising edge-triggered flip-flop clocked by RX_CLK)
  Endpoint: UART/RX/Sp/stop_error_reg
            (rising edge-triggered flip-flop clocked by RX_CLK)
  Path Group: RX_CLK
  Path Type: min

  Point                                                   Incr       Path
  --------------------------------------------------------------------------
  clock RX_CLK (rise edge)                                0.00       0.00
  clock network delay (ideal)                             0.00       0.00
  UART/RX/F/current_state_reg[2]/CK (DFFRQX2M)            0.00       0.00 r
  UART/RX/F/current_state_reg[2]/Q (DFFRQX2M)             0.45       0.45 r
  UART/RX/F/U75/Y (INVX2M)                                0.09       0.54 f
  UART/RX/F/U36/Y (NAND2X2M)                              0.15       0.69 r
  UART/RX/F/rst_all (FSM_RX)                              0.00       0.69 r
  UART/RX/Sp/rst_all (stop_check)                         0.00       0.69 r
  UART/RX/Sp/U2/Y (NOR2BX2M)                              0.17       0.86 r
  UART/RX/Sp/stop_error_reg/D (DFFRHQX8M)                 0.00       0.86 r
  data arrival time                                                  0.86

  clock RX_CLK (rise edge)                                0.00       0.00
  clock network delay (ideal)                             0.00       0.00
  clock uncertainty                                       0.10       0.10
  UART/RX/Sp/stop_error_reg/CK (DFFRHQX8M)                0.00       0.10 r
  library hold time                                      -0.03       0.07
  data required time                                                 0.07
  --------------------------------------------------------------------------
  data required time                                                 0.07
  data arrival time                                                 -0.86
  --------------------------------------------------------------------------
  slack (MET)                                                        0.79


  Startpoint: UART/RX/EBC/edge_count_reg[4]
              (rising edge-triggered flip-flop clocked by RX_CLK)
  Endpoint: UART/RX/EBC/edge_count_reg[4]
            (rising edge-triggered flip-flop clocked by RX_CLK)
  Path Group: RX_CLK
  Path Type: min

  Point                                                   Incr       Path
  --------------------------------------------------------------------------
  clock RX_CLK (rise edge)                                0.00       0.00
  clock network delay (ideal)                             0.00       0.00
  UART/RX/EBC/edge_count_reg[4]/CK (DFFRQX2M)             0.00       0.00 r
  UART/RX/EBC/edge_count_reg[4]/Q (DFFRQX2M)              0.61       0.61 f
  UART/RX/EBC/U40/Y (CLKXOR2X2M)                          0.26       0.86 f
  UART/RX/EBC/U26/Y (AND3X2M)                             0.16       1.02 f
  UART/RX/EBC/edge_count_reg[4]/D (DFFRQX2M)              0.00       1.02 f
  data arrival time                                                  1.02

  clock RX_CLK (rise edge)                                0.00       0.00
  clock network delay (ideal)                             0.00       0.00
  clock uncertainty                                       0.10       0.10
  UART/RX/EBC/edge_count_reg[4]/CK (DFFRQX2M)             0.00       0.10 r
  library hold time                                      -0.01       0.09
  data required time                                                 0.09
  --------------------------------------------------------------------------
  data required time                                                 0.09
  data arrival time                                                 -1.02
  --------------------------------------------------------------------------
  slack (MET)                                                        0.93


  Startpoint: UART/TX/S1/Ser_data_reg
              (rising edge-triggered flip-flop clocked by TX_CLK)
  Endpoint: UART/TX/M1/TX_OUT_reg
            (rising edge-triggered flip-flop clocked by TX_CLK)
  Path Group: TX_CLK
  Path Type: min

  Point                                                   Incr       Path
  --------------------------------------------------------------------------
  clock TX_CLK (rise edge)                                0.00       0.00
  clock network delay (ideal)                             0.00       0.00
  UART/TX/S1/Ser_data_reg/CK (EDFFHQX2M)                  0.00       0.00 r
  UART/TX/S1/Ser_data_reg/Q (EDFFHQX2M)                   0.25       0.25 r
  UART/TX/S1/Ser_data (Serializer)                        0.00       0.25 r
  UART/TX/M1/ser_data (MUX)                               0.00       0.25 r
  UART/TX/M1/U6/Y (NAND3X2M)                              0.10       0.35 f
  UART/TX/M1/U5/Y (OAI21X2M)                              0.06       0.41 r
  UART/TX/M1/TX_OUT_reg/D (DFFSQX2M)                      0.00       0.41 r
  data arrival time                                                  0.41

  clock TX_CLK (rise edge)                                0.00       0.00
  clock network delay (ideal)                             0.00       0.00
  clock uncertainty                                       0.10       0.10
  UART/TX/M1/TX_OUT_reg/CK (DFFSQX2M)                     0.00       0.10 r
  library hold time                                      -0.04       0.06
  data required time                                                 0.06
  --------------------------------------------------------------------------
  data required time                                                 0.06
  data arrival time                                                 -0.41
  --------------------------------------------------------------------------
  slack (MET)                                                        0.35


  Startpoint: FIFO/Data_Sync_Read_Block/stage_one_reg[2]
              (rising edge-triggered flip-flop clocked by TX_CLK)
  Endpoint: FIFO/Data_Sync_Read_Block/out_reg[2]
            (rising edge-triggered flip-flop clocked by TX_CLK)
  Path Group: TX_CLK
  Path Type: min

  Point                                                   Incr       Path
  --------------------------------------------------------------------------
  clock TX_CLK (rise edge)                                0.00       0.00
  clock network delay (ideal)                             0.00       0.00
  FIFO/Data_Sync_Read_Block/stage_one_reg[2]/CK (DFFRQX2M)
                                                          0.00       0.00 r
  FIFO/Data_Sync_Read_Block/stage_one_reg[2]/Q (DFFRQX2M)
                                                          0.47       0.47 f
  FIFO/Data_Sync_Read_Block/out_reg[2]/D (DFFRQX2M)       0.00       0.47 f
  data arrival time                                                  0.47

  clock TX_CLK (rise edge)                                0.00       0.00
  clock network delay (ideal)                             0.00       0.00
  clock uncertainty                                       0.10       0.10
  FIFO/Data_Sync_Read_Block/out_reg[2]/CK (DFFRQX2M)      0.00       0.10 r
  library hold time                                      -0.01       0.09
  data required time                                                 0.09
  --------------------------------------------------------------------------
  data required time                                                 0.09
  data arrival time                                                 -0.47
  --------------------------------------------------------------------------
  slack (MET)                                                        0.38


  Startpoint: FIFO/Data_Sync_Read_Block/stage_one_reg[1]
              (rising edge-triggered flip-flop clocked by TX_CLK)
  Endpoint: FIFO/Data_Sync_Read_Block/out_reg[1]
            (rising edge-triggered flip-flop clocked by TX_CLK)
  Path Group: TX_CLK
  Path Type: min

  Point                                                   Incr       Path
  --------------------------------------------------------------------------
  clock TX_CLK (rise edge)                                0.00       0.00
  clock network delay (ideal)                             0.00       0.00
  FIFO/Data_Sync_Read_Block/stage_one_reg[1]/CK (DFFRQX2M)
                                                          0.00       0.00 r
  FIFO/Data_Sync_Read_Block/stage_one_reg[1]/Q (DFFRQX2M)
                                                          0.47       0.47 f
  FIFO/Data_Sync_Read_Block/out_reg[1]/D (DFFRQX2M)       0.00       0.47 f
  data arrival time                                                  0.47

  clock TX_CLK (rise edge)                                0.00       0.00
  clock network delay (ideal)                             0.00       0.00
  clock uncertainty                                       0.10       0.10
  FIFO/Data_Sync_Read_Block/out_reg[1]/CK (DFFRQX2M)      0.00       0.10 r
  library hold time                                      -0.01       0.09
  data required time                                                 0.09
  --------------------------------------------------------------------------
  data required time                                                 0.09
  data arrival time                                                 -0.47
  --------------------------------------------------------------------------
  slack (MET)                                                        0.38


  Startpoint: FIFO/Data_Sync_Read_Block/stage_one_reg[0]
              (rising edge-triggered flip-flop clocked by TX_CLK)
  Endpoint: FIFO/Data_Sync_Read_Block/out_reg[0]
            (rising edge-triggered flip-flop clocked by TX_CLK)
  Path Group: TX_CLK
  Path Type: min

  Point                                                   Incr       Path
  --------------------------------------------------------------------------
  clock TX_CLK (rise edge)                                0.00       0.00
  clock network delay (ideal)                             0.00       0.00
  FIFO/Data_Sync_Read_Block/stage_one_reg[0]/CK (DFFRQX2M)
                                                          0.00       0.00 r
  FIFO/Data_Sync_Read_Block/stage_one_reg[0]/Q (DFFRQX2M)
                                                          0.47       0.47 f
  FIFO/Data_Sync_Read_Block/out_reg[0]/D (DFFRQX2M)       0.00       0.47 f
  data arrival time                                                  0.47

  clock TX_CLK (rise edge)                                0.00       0.00
  clock network delay (ideal)                             0.00       0.00
  clock uncertainty                                       0.10       0.10
  FIFO/Data_Sync_Read_Block/out_reg[0]/CK (DFFRQX2M)      0.00       0.10 r
  library hold time                                      -0.01       0.09
  data required time                                                 0.09
  --------------------------------------------------------------------------
  data required time                                                 0.09
  data arrival time                                                 -0.47
  --------------------------------------------------------------------------
  slack (MET)                                                        0.38


  Startpoint: FIFO/Data_Sync_Read_Block/stage_one_reg[3]
              (rising edge-triggered flip-flop clocked by TX_CLK)
  Endpoint: FIFO/Data_Sync_Read_Block/out_reg[3]
            (rising edge-triggered flip-flop clocked by TX_CLK)
  Path Group: TX_CLK
  Path Type: min

  Point                                                   Incr       Path
  --------------------------------------------------------------------------
  clock TX_CLK (rise edge)                                0.00       0.00
  clock network delay (ideal)                             0.00       0.00
  FIFO/Data_Sync_Read_Block/stage_one_reg[3]/CK (DFFRQX2M)
                                                          0.00       0.00 r
  FIFO/Data_Sync_Read_Block/stage_one_reg[3]/Q (DFFRQX2M)
                                                          0.47       0.47 f
  FIFO/Data_Sync_Read_Block/out_reg[3]/D (DFFRQX2M)       0.00       0.47 f
  data arrival time                                                  0.47

  clock TX_CLK (rise edge)                                0.00       0.00
  clock network delay (ideal)                             0.00       0.00
  clock uncertainty                                       0.10       0.10
  FIFO/Data_Sync_Read_Block/out_reg[3]/CK (DFFRQX2M)      0.00       0.10 r
  library hold time                                      -0.01       0.09
  data required time                                                 0.09
  --------------------------------------------------------------------------
  data required time                                                 0.09
  data arrival time                                                 -0.47
  --------------------------------------------------------------------------
  slack (MET)                                                        0.38


  Startpoint: UART/TX/F1/current_state_reg[2]
              (rising edge-triggered flip-flop clocked by TX_CLK)
  Endpoint: UART/TX/F1/current_state_reg[1]
            (rising edge-triggered flip-flop clocked by TX_CLK)
  Path Group: TX_CLK
  Path Type: min

  Point                                                   Incr       Path
  --------------------------------------------------------------------------
  clock TX_CLK (rise edge)                                0.00       0.00
  clock network delay (ideal)                             0.00       0.00
  UART/TX/F1/current_state_reg[2]/CK (DFFRQX2M)           0.00       0.00 r
  UART/TX/F1/current_state_reg[2]/Q (DFFRQX2M)            0.43       0.43 r
  UART/TX/F1/U16/Y (AOI21X2M)                             0.05       0.47 f
  UART/TX/F1/current_state_reg[1]/D (DFFRQX2M)            0.00       0.47 f
  data arrival time                                                  0.47

  clock TX_CLK (rise edge)                                0.00       0.00
  clock network delay (ideal)                             0.00       0.00
  clock uncertainty                                       0.10       0.10
  UART/TX/F1/current_state_reg[1]/CK (DFFRQX2M)           0.00       0.10 r
  library hold time                                      -0.01       0.09
  data required time                                                 0.09
  --------------------------------------------------------------------------
  data required time                                                 0.09
  data arrival time                                                 -0.47
  --------------------------------------------------------------------------
  slack (MET)                                                        0.38


  Startpoint: PULSE_GENERATOR/rcv_flop_reg
              (rising edge-triggered flip-flop clocked by TX_CLK)
  Endpoint: PULSE_GENERATOR/pls_flop_reg
            (rising edge-triggered flip-flop clocked by TX_CLK)
  Path Group: TX_CLK
  Path Type: min

  Point                                                   Incr       Path
  --------------------------------------------------------------------------
  clock TX_CLK (rise edge)                                0.00       0.00
  clock network delay (ideal)                             0.00       0.00
  PULSE_GENERATOR/rcv_flop_reg/CK (DFFRQX2M)              0.00       0.00 r
  PULSE_GENERATOR/rcv_flop_reg/Q (DFFRQX2M)               0.48       0.48 f
  PULSE_GENERATOR/pls_flop_reg/D (DFFRQX2M)               0.00       0.48 f
  data arrival time                                                  0.48

  clock TX_CLK (rise edge)                                0.00       0.00
  clock network delay (ideal)                             0.00       0.00
  clock uncertainty                                       0.10       0.10
  PULSE_GENERATOR/pls_flop_reg/CK (DFFRQX2M)              0.00       0.10 r
  library hold time                                      -0.01       0.09
  data required time                                                 0.09
  --------------------------------------------------------------------------
  data required time                                                 0.09
  data arrival time                                                 -0.48
  --------------------------------------------------------------------------
  slack (MET)                                                        0.39


  Startpoint: FIFO/Read_Empty/internal_reg[0]
              (rising edge-triggered flip-flop clocked by TX_CLK)
  Endpoint: FIFO/Read_Empty/internal_reg[0]
            (rising edge-triggered flip-flop clocked by TX_CLK)
  Path Group: TX_CLK
  Path Type: min

  Point                                                   Incr       Path
  --------------------------------------------------------------------------
  clock TX_CLK (rise edge)                                0.00       0.00
  clock network delay (ideal)                             0.00       0.00
  FIFO/Read_Empty/internal_reg[0]/CK (DFFRX1M)            0.00       0.00 r
  FIFO/Read_Empty/internal_reg[0]/QN (DFFRX1M)            0.39       0.39 f
  FIFO/Read_Empty/U17/Y (CLKXOR2X2M)                      0.18       0.57 f
  FIFO/Read_Empty/internal_reg[0]/D (DFFRX1M)             0.00       0.57 f
  data arrival time                                                  0.57

  clock TX_CLK (rise edge)                                0.00       0.00
  clock network delay (ideal)                             0.00       0.00
  clock uncertainty                                       0.10       0.10
  FIFO/Read_Empty/internal_reg[0]/CK (DFFRX1M)            0.00       0.10 r
  library hold time                                      -0.01       0.09
  data required time                                                 0.09
  --------------------------------------------------------------------------
  data required time                                                 0.09
  data arrival time                                                 -0.57
  --------------------------------------------------------------------------
  slack (MET)                                                        0.48


  Startpoint: UART/TX/S1/Ser_done_reg
              (rising edge-triggered flip-flop clocked by TX_CLK)
  Endpoint: UART/TX/F1/current_state_reg[2]
            (rising edge-triggered flip-flop clocked by TX_CLK)
  Path Group: TX_CLK
  Path Type: min

  Point                                                   Incr       Path
  --------------------------------------------------------------------------
  clock TX_CLK (rise edge)                                0.00       0.00
  clock network delay (ideal)                             0.00       0.00
  UART/TX/S1/Ser_done_reg/CK (DFFRQX2M)                   0.00       0.00 r
  UART/TX/S1/Ser_done_reg/Q (DFFRQX2M)                    0.49       0.49 f
  UART/TX/S1/Ser_done (Serializer)                        0.00       0.49 f
  UART/TX/F1/Ser_done (FSM)                               0.00       0.49 f
  UART/TX/F1/U15/Y (INVX2M)                               0.06       0.55 r
  UART/TX/F1/U14/Y (OAI31X1M)                             0.07       0.62 f
  UART/TX/F1/current_state_reg[2]/D (DFFRQX2M)            0.00       0.62 f
  data arrival time                                                  0.62

  clock TX_CLK (rise edge)                                0.00       0.00
  clock network delay (ideal)                             0.00       0.00
  clock uncertainty                                       0.10       0.10
  UART/TX/F1/current_state_reg[2]/CK (DFFRQX2M)           0.00       0.10 r
  library hold time                                      -0.01       0.09
  data required time                                                 0.09
  --------------------------------------------------------------------------
  data required time                                                 0.09
  data arrival time                                                 -0.62
  --------------------------------------------------------------------------
  slack (MET)                                                        0.53


  Startpoint: UART/TX/F1/current_state_reg[2]
              (rising edge-triggered flip-flop clocked by TX_CLK)
  Endpoint: UART/TX/F1/current_state_reg[0]
            (rising edge-triggered flip-flop clocked by TX_CLK)
  Path Group: TX_CLK
  Path Type: min

  Point                                                   Incr       Path
  --------------------------------------------------------------------------
  clock TX_CLK (rise edge)                                0.00       0.00
  clock network delay (ideal)                             0.00       0.00
  UART/TX/F1/current_state_reg[2]/CK (DFFRQX2M)           0.00       0.00 r
  UART/TX/F1/current_state_reg[2]/Q (DFFRQX2M)            0.43       0.43 r
  UART/TX/F1/U10/Y (INVX2M)                               0.09       0.52 f
  UART/TX/F1/U5/Y (NAND3X2M)                              0.09       0.60 r
  UART/TX/F1/U4/Y (NAND2BX2M)                             0.05       0.66 f
  UART/TX/F1/current_state_reg[0]/D (DFFRQX2M)            0.00       0.66 f
  data arrival time                                                  0.66

  clock TX_CLK (rise edge)                                0.00       0.00
  clock network delay (ideal)                             0.00       0.00
  clock uncertainty                                       0.10       0.10
  UART/TX/F1/current_state_reg[0]/CK (DFFRQX2M)           0.00       0.10 r
  library hold time                                      -0.01       0.09
  data required time                                                 0.09
  --------------------------------------------------------------------------
  data required time                                                 0.09
  data arrival time                                                 -0.66
  --------------------------------------------------------------------------
  slack (MET)                                                        0.56


  Startpoint: FIFO/Read_Empty/internal_reg[3]
              (rising edge-triggered flip-flop clocked by TX_CLK)
  Endpoint: FIFO/Read_Empty/internal_reg[3]
            (rising edge-triggered flip-flop clocked by TX_CLK)
  Path Group: TX_CLK
  Path Type: min

  Point                                                   Incr       Path
  --------------------------------------------------------------------------
  clock TX_CLK (rise edge)                                0.00       0.00
  clock network delay (ideal)                             0.00       0.00
  FIFO/Read_Empty/internal_reg[3]/CK (DFFRQX2M)           0.00       0.00 r
  FIFO/Read_Empty/internal_reg[3]/Q (DFFRQX2M)            0.44       0.44 r
  FIFO/Read_Empty/U15/Y (CLKXOR2X2M)                      0.21       0.66 f
  FIFO/Read_Empty/internal_reg[3]/D (DFFRQX2M)            0.00       0.66 f
  data arrival time                                                  0.66

  clock TX_CLK (rise edge)                                0.00       0.00
  clock network delay (ideal)                             0.00       0.00
  clock uncertainty                                       0.10       0.10
  FIFO/Read_Empty/internal_reg[3]/CK (DFFRQX2M)           0.00       0.10 r
  library hold time                                      -0.01       0.09
  data required time                                                 0.09
  --------------------------------------------------------------------------
  data required time                                                 0.09
  data arrival time                                                 -0.66
  --------------------------------------------------------------------------
  slack (MET)                                                        0.57


  Startpoint: UART/TX/S1/counter_reg[0]
              (rising edge-triggered flip-flop clocked by TX_CLK)
  Endpoint: UART/TX/S1/counter_reg[0]
            (rising edge-triggered flip-flop clocked by TX_CLK)
  Path Group: TX_CLK
  Path Type: min

  Point                                                   Incr       Path
  --------------------------------------------------------------------------
  clock TX_CLK (rise edge)                                0.00       0.00
  clock network delay (ideal)                             0.00       0.00
  UART/TX/S1/counter_reg[0]/CK (DFFRQX2M)                 0.00       0.00 r
  UART/TX/S1/counter_reg[0]/Q (DFFRQX2M)                  0.54       0.54 r
  UART/TX/S1/U7/Y (OAI2BB2X1M)                            0.11       0.65 f
  UART/TX/S1/counter_reg[0]/D (DFFRQX2M)                  0.00       0.65 f
  data arrival time                                                  0.65

  clock TX_CLK (rise edge)                                0.00       0.00
  clock network delay (ideal)                             0.00       0.00
  clock uncertainty                                       0.10       0.10
  UART/TX/S1/counter_reg[0]/CK (DFFRQX2M)                 0.00       0.10 r
  library hold time                                      -0.01       0.09
  data required time                                                 0.09
  --------------------------------------------------------------------------
  data required time                                                 0.09
  data arrival time                                                 -0.65
  --------------------------------------------------------------------------
  slack (MET)                                                        0.57


  Startpoint: FIFO/Read_Empty/internal_reg[0]
              (rising edge-triggered flip-flop clocked by TX_CLK)
  Endpoint: FIFO/Read_Empty/internal_reg[2]
            (rising edge-triggered flip-flop clocked by TX_CLK)
  Path Group: TX_CLK
  Path Type: min

  Point                                                   Incr       Path
  --------------------------------------------------------------------------
  clock TX_CLK (rise edge)                                0.00       0.00
  clock network delay (ideal)                             0.00       0.00
  FIFO/Read_Empty/internal_reg[0]/CK (DFFRX1M)            0.00       0.00 r
  FIFO/Read_Empty/internal_reg[0]/QN (DFFRX1M)            0.41       0.41 r
  FIFO/Read_Empty/U4/Y (NOR2X2M)                          0.08       0.50 f
  FIFO/Read_Empty/U10/Y (NAND2X2M)                        0.08       0.57 r
  FIFO/Read_Empty/U5/Y (XNOR2X2M)                         0.09       0.66 f
  FIFO/Read_Empty/internal_reg[2]/D (DFFRQX2M)            0.00       0.66 f
  data arrival time                                                  0.66

  clock TX_CLK (rise edge)                                0.00       0.00
  clock network delay (ideal)                             0.00       0.00
  clock uncertainty                                       0.10       0.10
  FIFO/Read_Empty/internal_reg[2]/CK (DFFRQX2M)           0.00       0.10 r
  library hold time                                      -0.01       0.09
  data required time                                                 0.09
  --------------------------------------------------------------------------
  data required time                                                 0.09
  data arrival time                                                 -0.66
  --------------------------------------------------------------------------
  slack (MET)                                                        0.57


  Startpoint: UART/TX/S1/internal_reg[6]
              (rising edge-triggered flip-flop clocked by TX_CLK)
  Endpoint: UART/TX/S1/internal_reg[6]
            (rising edge-triggered flip-flop clocked by TX_CLK)
  Path Group: TX_CLK
  Path Type: min

  Point                                                   Incr       Path
  --------------------------------------------------------------------------
  clock TX_CLK (rise edge)                                0.00       0.00
  clock network delay (ideal)                             0.00       0.00
  UART/TX/S1/internal_reg[6]/CK (DFFRQX2M)                0.00       0.00 r
  UART/TX/S1/internal_reg[6]/Q (DFFRQX2M)                 0.39       0.39 r
  UART/TX/S1/U24/Y (AO22X1M)                              0.14       0.53 r
  UART/TX/S1/internal_reg[6]/D (DFFRQX2M)                 0.00       0.53 r
  data arrival time                                                  0.53

  clock TX_CLK (rise edge)                                0.00       0.00
  clock network delay (ideal)                             0.00       0.00
  clock uncertainty                                       0.10       0.10
  UART/TX/S1/internal_reg[6]/CK (DFFRQX2M)                0.00       0.10 r
  library hold time                                      -0.16      -0.06
  data required time                                                -0.06
  --------------------------------------------------------------------------
  data required time                                                -0.06
  data arrival time                                                 -0.53
  --------------------------------------------------------------------------
  slack (MET)                                                        0.60


  Startpoint: UART/TX/S1/internal_reg[2]
              (rising edge-triggered flip-flop clocked by TX_CLK)
  Endpoint: UART/TX/S1/internal_reg[2]
            (rising edge-triggered flip-flop clocked by TX_CLK)
  Path Group: TX_CLK
  Path Type: min

  Point                                                   Incr       Path
  --------------------------------------------------------------------------
  clock TX_CLK (rise edge)                                0.00       0.00
  clock network delay (ideal)                             0.00       0.00
  UART/TX/S1/internal_reg[2]/CK (DFFRQX2M)                0.00       0.00 r
  UART/TX/S1/internal_reg[2]/Q (DFFRQX2M)                 0.39       0.39 r
  UART/TX/S1/U20/Y (AO22X1M)                              0.14       0.53 r
  UART/TX/S1/internal_reg[2]/D (DFFRQX2M)                 0.00       0.53 r
  data arrival time                                                  0.53

  clock TX_CLK (rise edge)                                0.00       0.00
  clock network delay (ideal)                             0.00       0.00
  clock uncertainty                                       0.10       0.10
  UART/TX/S1/internal_reg[2]/CK (DFFRQX2M)                0.00       0.10 r
  library hold time                                      -0.16      -0.06
  data required time                                                -0.06
  --------------------------------------------------------------------------
  data required time                                                -0.06
  data arrival time                                                 -0.53
  --------------------------------------------------------------------------
  slack (MET)                                                        0.60


  Startpoint: UART/TX/S1/internal_reg[5]
              (rising edge-triggered flip-flop clocked by TX_CLK)
  Endpoint: UART/TX/S1/internal_reg[5]
            (rising edge-triggered flip-flop clocked by TX_CLK)
  Path Group: TX_CLK
  Path Type: min

  Point                                                   Incr       Path
  --------------------------------------------------------------------------
  clock TX_CLK (rise edge)                                0.00       0.00
  clock network delay (ideal)                             0.00       0.00
  UART/TX/S1/internal_reg[5]/CK (DFFRQX2M)                0.00       0.00 r
  UART/TX/S1/internal_reg[5]/Q (DFFRQX2M)                 0.39       0.39 r
  UART/TX/S1/U23/Y (AO22X1M)                              0.14       0.53 r
  UART/TX/S1/internal_reg[5]/D (DFFRQX2M)                 0.00       0.53 r
  data arrival time                                                  0.53

  clock TX_CLK (rise edge)                                0.00       0.00
  clock network delay (ideal)                             0.00       0.00
  clock uncertainty                                       0.10       0.10
  UART/TX/S1/internal_reg[5]/CK (DFFRQX2M)                0.00       0.10 r
  library hold time                                      -0.16      -0.06
  data required time                                                -0.06
  --------------------------------------------------------------------------
  data required time                                                -0.06
  data arrival time                                                 -0.53
  --------------------------------------------------------------------------
  slack (MET)                                                        0.60


  Startpoint: UART/TX/S1/internal_reg[1]
              (rising edge-triggered flip-flop clocked by TX_CLK)
  Endpoint: UART/TX/S1/internal_reg[1]
            (rising edge-triggered flip-flop clocked by TX_CLK)
  Path Group: TX_CLK
  Path Type: min

  Point                                                   Incr       Path
  --------------------------------------------------------------------------
  clock TX_CLK (rise edge)                                0.00       0.00
  clock network delay (ideal)                             0.00       0.00
  UART/TX/S1/internal_reg[1]/CK (DFFRQX2M)                0.00       0.00 r
  UART/TX/S1/internal_reg[1]/Q (DFFRQX2M)                 0.39       0.39 r
  UART/TX/S1/U19/Y (AO22X1M)                              0.14       0.53 r
  UART/TX/S1/internal_reg[1]/D (DFFRQX2M)                 0.00       0.53 r
  data arrival time                                                  0.53

  clock TX_CLK (rise edge)                                0.00       0.00
  clock network delay (ideal)                             0.00       0.00
  clock uncertainty                                       0.10       0.10
  UART/TX/S1/internal_reg[1]/CK (DFFRQX2M)                0.00       0.10 r
  library hold time                                      -0.16      -0.06
  data required time                                                -0.06
  --------------------------------------------------------------------------
  data required time                                                -0.06
  data arrival time                                                 -0.53
  --------------------------------------------------------------------------
  slack (MET)                                                        0.60


  Startpoint: UART/TX/S1/internal_reg[7]
              (rising edge-triggered flip-flop clocked by TX_CLK)
  Endpoint: UART/TX/S1/internal_reg[7]
            (rising edge-triggered flip-flop clocked by TX_CLK)
  Path Group: TX_CLK
  Path Type: min

  Point                                                   Incr       Path
  --------------------------------------------------------------------------
  clock TX_CLK (rise edge)                                0.00       0.00
  clock network delay (ideal)                             0.00       0.00
  UART/TX/S1/internal_reg[7]/CK (DFFRQX2M)                0.00       0.00 r
  UART/TX/S1/internal_reg[7]/Q (DFFRQX2M)                 0.39       0.39 r
  UART/TX/S1/U25/Y (AO22X1M)                              0.14       0.53 r
  UART/TX/S1/internal_reg[7]/D (DFFRQX2M)                 0.00       0.53 r
  data arrival time                                                  0.53

  clock TX_CLK (rise edge)                                0.00       0.00
  clock network delay (ideal)                             0.00       0.00
  clock uncertainty                                       0.10       0.10
  UART/TX/S1/internal_reg[7]/CK (DFFRQX2M)                0.00       0.10 r
  library hold time                                      -0.16      -0.06
  data required time                                                -0.06
  --------------------------------------------------------------------------
  data required time                                                -0.06
  data arrival time                                                 -0.53
  --------------------------------------------------------------------------
  slack (MET)                                                        0.60


  Startpoint: UART/TX/S1/internal_reg[3]
              (rising edge-triggered flip-flop clocked by TX_CLK)
  Endpoint: UART/TX/S1/internal_reg[3]
            (rising edge-triggered flip-flop clocked by TX_CLK)
  Path Group: TX_CLK
  Path Type: min

  Point                                                   Incr       Path
  --------------------------------------------------------------------------
  clock TX_CLK (rise edge)                                0.00       0.00
  clock network delay (ideal)                             0.00       0.00
  UART/TX/S1/internal_reg[3]/CK (DFFRQX2M)                0.00       0.00 r
  UART/TX/S1/internal_reg[3]/Q (DFFRQX2M)                 0.39       0.39 r
  UART/TX/S1/U21/Y (AO22X1M)                              0.14       0.53 r
  UART/TX/S1/internal_reg[3]/D (DFFRQX2M)                 0.00       0.53 r
  data arrival time                                                  0.53

  clock TX_CLK (rise edge)                                0.00       0.00
  clock network delay (ideal)                             0.00       0.00
  clock uncertainty                                       0.10       0.10
  UART/TX/S1/internal_reg[3]/CK (DFFRQX2M)                0.00       0.10 r
  library hold time                                      -0.16      -0.06
  data required time                                                -0.06
  --------------------------------------------------------------------------
  data required time                                                -0.06
  data arrival time                                                 -0.53
  --------------------------------------------------------------------------
  slack (MET)                                                        0.60


  Startpoint: UART/TX/S1/internal_reg[4]
              (rising edge-triggered flip-flop clocked by TX_CLK)
  Endpoint: UART/TX/S1/internal_reg[4]
            (rising edge-triggered flip-flop clocked by TX_CLK)
  Path Group: TX_CLK
  Path Type: min

  Point                                                   Incr       Path
  --------------------------------------------------------------------------
  clock TX_CLK (rise edge)                                0.00       0.00
  clock network delay (ideal)                             0.00       0.00
  UART/TX/S1/internal_reg[4]/CK (DFFRQX2M)                0.00       0.00 r
  UART/TX/S1/internal_reg[4]/Q (DFFRQX2M)                 0.39       0.39 r
  UART/TX/S1/U22/Y (AO22X1M)                              0.14       0.53 r
  UART/TX/S1/internal_reg[4]/D (DFFRQX2M)                 0.00       0.53 r
  data arrival time                                                  0.53

  clock TX_CLK (rise edge)                                0.00       0.00
  clock network delay (ideal)                             0.00       0.00
  clock uncertainty                                       0.10       0.10
  UART/TX/S1/internal_reg[4]/CK (DFFRQX2M)                0.00       0.10 r
  library hold time                                      -0.16      -0.06
  data required time                                                -0.06
  --------------------------------------------------------------------------
  data required time                                                -0.06
  data arrival time                                                 -0.53
  --------------------------------------------------------------------------
  slack (MET)                                                        0.60


  Startpoint: UART/TX/F1/current_state_reg[2]
              (rising edge-triggered flip-flop clocked by TX_CLK)
  Endpoint: UART/TX/P1/parity_reg
            (rising edge-triggered flip-flop clocked by TX_CLK)
  Path Group: TX_CLK
  Path Type: min

  Point                                                   Incr       Path
  --------------------------------------------------------------------------
  clock TX_CLK (rise edge)                                0.00       0.00
  clock network delay (ideal)                             0.00       0.00
  UART/TX/F1/current_state_reg[2]/CK (DFFRQX2M)           0.00       0.00 r
  UART/TX/F1/current_state_reg[2]/Q (DFFRQX2M)            0.43       0.43 r
  UART/TX/F1/U3/Y (NOR3X2M)                               0.10       0.53 f
  UART/TX/F1/capture (FSM)                                0.00       0.53 f
  UART/TX/P1/capture (parity_checker)                     0.00       0.53 f
  UART/TX/P1/U6/Y (INVX2M)                                0.07       0.60 r
  UART/TX/P1/U5/Y (OAI2BB2X1M)                            0.09       0.69 f
  UART/TX/P1/parity_reg/D (DFFRQX2M)                      0.00       0.69 f
  data arrival time                                                  0.69

  clock TX_CLK (rise edge)                                0.00       0.00
  clock network delay (ideal)                             0.00       0.00
  clock uncertainty                                       0.10       0.10
  UART/TX/P1/parity_reg/CK (DFFRQX2M)                     0.00       0.10 r
  library hold time                                      -0.01       0.09
  data required time                                                 0.09
  --------------------------------------------------------------------------
  data required time                                                 0.09
  data arrival time                                                 -0.69
  --------------------------------------------------------------------------
  slack (MET)                                                        0.60


  Startpoint: UART/TX/S1/counter_reg[2]
              (rising edge-triggered flip-flop clocked by TX_CLK)
  Endpoint: UART/TX/S1/counter_reg[2]
            (rising edge-triggered flip-flop clocked by TX_CLK)
  Path Group: TX_CLK
  Path Type: min

  Point                                                   Incr       Path
  --------------------------------------------------------------------------
  clock TX_CLK (rise edge)                                0.00       0.00
  clock network delay (ideal)                             0.00       0.00
  UART/TX/S1/counter_reg[2]/CK (DFFRQX2M)                 0.00       0.00 r
  UART/TX/S1/counter_reg[2]/Q (DFFRQX2M)                  0.43       0.43 r
  UART/TX/S1/U10/Y (CLKXOR2X2M)                           0.23       0.66 r
  UART/TX/S1/U9/Y (NOR2X2M)                               0.04       0.70 f
  UART/TX/S1/counter_reg[2]/D (DFFRQX2M)                  0.00       0.70 f
  data arrival time                                                  0.70

  clock TX_CLK (rise edge)                                0.00       0.00
  clock network delay (ideal)                             0.00       0.00
  clock uncertainty                                       0.10       0.10
  UART/TX/S1/counter_reg[2]/CK (DFFRQX2M)                 0.00       0.10 r
  library hold time                                       0.00       0.10
  data required time                                                 0.10
  --------------------------------------------------------------------------
  data required time                                                 0.10
  data arrival time                                                 -0.70
  --------------------------------------------------------------------------
  slack (MET)                                                        0.60


  Startpoint: FIFO/Read_Empty/internal_reg[0]
              (rising edge-triggered flip-flop clocked by TX_CLK)
  Endpoint: FIFO/Read_Empty/internal_reg[1]
            (rising edge-triggered flip-flop clocked by TX_CLK)
  Path Group: TX_CLK
  Path Type: min

  Point                                                   Incr       Path
  --------------------------------------------------------------------------
  clock TX_CLK (rise edge)                                0.00       0.00
  clock network delay (ideal)                             0.00       0.00
  FIFO/Read_Empty/internal_reg[0]/CK (DFFRX1M)            0.00       0.00 r
  FIFO/Read_Empty/internal_reg[0]/QN (DFFRX1M)            0.41       0.41 r
  FIFO/Read_Empty/U4/Y (NOR2X2M)                          0.08       0.50 f
  FIFO/Read_Empty/U14/Y (CLKXOR2X2M)                      0.20       0.70 f
  FIFO/Read_Empty/internal_reg[1]/D (DFFRQX2M)            0.00       0.70 f
  data arrival time                                                  0.70

  clock TX_CLK (rise edge)                                0.00       0.00
  clock network delay (ideal)                             0.00       0.00
  clock uncertainty                                       0.10       0.10
  FIFO/Read_Empty/internal_reg[1]/CK (DFFRQX2M)           0.00       0.10 r
  library hold time                                      -0.01       0.09
  data required time                                                 0.09
  --------------------------------------------------------------------------
  data required time                                                 0.09
  data arrival time                                                 -0.70
  --------------------------------------------------------------------------
  slack (MET)                                                        0.61


  Startpoint: UART/TX/S1/internal_reg[0]
              (rising edge-triggered flip-flop clocked by TX_CLK)
  Endpoint: UART/TX/S1/internal_reg[0]
            (rising edge-triggered flip-flop clocked by TX_CLK)
  Path Group: TX_CLK
  Path Type: min

  Point                                                   Incr       Path
  --------------------------------------------------------------------------
  clock TX_CLK (rise edge)                                0.00       0.00
  clock network delay (ideal)                             0.00       0.00
  UART/TX/S1/internal_reg[0]/CK (DFFRQX2M)                0.00       0.00 r
  UART/TX/S1/internal_reg[0]/Q (DFFRQX2M)                 0.39       0.39 r
  UART/TX/S1/U18/Y (AO22X1M)                              0.16       0.55 r
  UART/TX/S1/internal_reg[0]/D (DFFRQX2M)                 0.00       0.55 r
  data arrival time                                                  0.55

  clock TX_CLK (rise edge)                                0.00       0.00
  clock network delay (ideal)                             0.00       0.00
  clock uncertainty                                       0.10       0.10
  UART/TX/S1/internal_reg[0]/CK (DFFRQX2M)                0.00       0.10 r
  library hold time                                      -0.16      -0.06
  data required time                                                -0.06
  --------------------------------------------------------------------------
  data required time                                                -0.06
  data arrival time                                                 -0.55
  --------------------------------------------------------------------------
  slack (MET)                                                        0.61


  Startpoint: UART/TX/S1/counter_reg[1]
              (rising edge-triggered flip-flop clocked by TX_CLK)
  Endpoint: UART/TX/S1/counter_reg[1]
            (rising edge-triggered flip-flop clocked by TX_CLK)
  Path Group: TX_CLK
  Path Type: min

  Point                                                   Incr       Path
  --------------------------------------------------------------------------
  clock TX_CLK (rise edge)                                0.00       0.00
  clock network delay (ideal)                             0.00       0.00
  UART/TX/S1/counter_reg[1]/CK (DFFRQX2M)                 0.00       0.00 r
  UART/TX/S1/counter_reg[1]/Q (DFFRQX2M)                  0.48       0.48 r
  UART/TX/S1/U13/Y (XNOR2X2M)                             0.20       0.68 r
  UART/TX/S1/U12/Y (NOR2X2M)                              0.05       0.73 f
  UART/TX/S1/counter_reg[1]/D (DFFRQX2M)                  0.00       0.73 f
  data arrival time                                                  0.73

  clock TX_CLK (rise edge)                                0.00       0.00
  clock network delay (ideal)                             0.00       0.00
  clock uncertainty                                       0.10       0.10
  UART/TX/S1/counter_reg[1]/CK (DFFRQX2M)                 0.00       0.10 r
  library hold time                                      -0.01       0.09
  data required time                                                 0.09
  --------------------------------------------------------------------------
  data required time                                                 0.09
  data arrival time                                                 -0.73
  --------------------------------------------------------------------------
  slack (MET)                                                        0.63


  Startpoint: UART/TX/F1/current_state_reg[2]
              (rising edge-triggered flip-flop clocked by TX_CLK)
  Endpoint: PULSE_GENERATOR/rcv_flop_reg
            (rising edge-triggered flip-flop clocked by TX_CLK)
  Path Group: TX_CLK
  Path Type: min

  Point                                                   Incr       Path
  --------------------------------------------------------------------------
  clock TX_CLK (rise edge)                                0.00       0.00
  clock network delay (ideal)                             0.00       0.00
  UART/TX/F1/current_state_reg[2]/CK (DFFRQX2M)           0.00       0.00 r
  UART/TX/F1/current_state_reg[2]/Q (DFFRQX2M)            0.43       0.43 r
  UART/TX/F1/U3/Y (NOR3X2M)                               0.10       0.53 f
  UART/TX/F1/U13/Y (AOI211X2M)                            0.15       0.68 r
  UART/TX/F1/U12/Y (INVX2M)                               0.05       0.74 f
  UART/TX/F1/busy (FSM)                                   0.00       0.74 f
  UART/TX/busy (UART_TX)                                  0.00       0.74 f
  UART/TX_OUT_V (UART_TOP)                                0.00       0.74 f
  PULSE_GENERATOR/lvl_sig (PULSE_GEN)                     0.00       0.74 f
  PULSE_GENERATOR/rcv_flop_reg/D (DFFRQX2M)               0.00       0.74 f
  data arrival time                                                  0.74

  clock TX_CLK (rise edge)                                0.00       0.00
  clock network delay (ideal)                             0.00       0.00
  clock uncertainty                                       0.10       0.10
  PULSE_GENERATOR/rcv_flop_reg/CK (DFFRQX2M)              0.00       0.10 r
  library hold time                                      -0.01       0.09
  data required time                                                 0.09
  --------------------------------------------------------------------------
  data required time                                                 0.09
  data arrival time                                                 -0.74
  --------------------------------------------------------------------------
  slack (MET)                                                        0.64


  Startpoint: UART/TX/S1/counter_reg[2]
              (rising edge-triggered flip-flop clocked by TX_CLK)
  Endpoint: UART/TX/S1/Ser_done_reg
            (rising edge-triggered flip-flop clocked by TX_CLK)
  Path Group: TX_CLK
  Path Type: min

  Point                                                   Incr       Path
  --------------------------------------------------------------------------
  clock TX_CLK (rise edge)                                0.00       0.00
  clock network delay (ideal)                             0.00       0.00
  UART/TX/S1/counter_reg[2]/CK (DFFRQX2M)                 0.00       0.00 r
  UART/TX/S1/counter_reg[2]/Q (DFFRQX2M)                  0.51       0.51 f
  UART/TX/S1/U26/Y (AND4X2M)                              0.23       0.75 f
  UART/TX/S1/Ser_done_reg/D (DFFRQX2M)                    0.00       0.75 f
  data arrival time                                                  0.75

  clock TX_CLK (rise edge)                                0.00       0.00
  clock network delay (ideal)                             0.00       0.00
  clock uncertainty                                       0.10       0.10
  UART/TX/S1/Ser_done_reg/CK (DFFRQX2M)                   0.00       0.10 r
  library hold time                                      -0.01       0.09
  data required time                                                 0.09
  --------------------------------------------------------------------------
  data required time                                                 0.09
  data arrival time                                                 -0.75
  --------------------------------------------------------------------------
  slack (MET)                                                        0.65


  Startpoint: UART/TX/S1/counter_reg[2]
              (rising edge-triggered flip-flop clocked by TX_CLK)
  Endpoint: UART/TX/S1/Ser_data_reg
            (rising edge-triggered flip-flop clocked by TX_CLK)
  Path Group: TX_CLK
  Path Type: min

  Point                                                   Incr       Path
  --------------------------------------------------------------------------
  clock TX_CLK (rise edge)                                0.00       0.00
  clock network delay (ideal)                             0.00       0.00
  UART/TX/S1/counter_reg[2]/CK (DFFRQX2M)                 0.00       0.00 r
  UART/TX/S1/counter_reg[2]/Q (DFFRQX2M)                  0.43       0.43 r
  UART/TX/S1/U16/Y (MX2X2M)                               0.14       0.56 r
  UART/TX/S1/U15/Y (AOI32X1M)                             0.08       0.64 f
  UART/TX/S1/U14/Y (INVX2M)                               0.05       0.70 r
  UART/TX/S1/Ser_data_reg/D (EDFFHQX2M)                   0.00       0.70 r
  data arrival time                                                  0.70

  clock TX_CLK (rise edge)                                0.00       0.00
  clock network delay (ideal)                             0.00       0.00
  clock uncertainty                                       0.10       0.10
  UART/TX/S1/Ser_data_reg/CK (EDFFHQX2M)                  0.00       0.10 r
  library hold time                                      -0.10       0.00
  data required time                                                 0.00
  --------------------------------------------------------------------------
  data required time                                                 0.00
  data arrival time                                                 -0.70
  --------------------------------------------------------------------------
  slack (MET)                                                        0.69


  Startpoint: D2/SYNC_RST_reg
              (rising edge-triggered flip-flop clocked by UART_DOMAIN)
  Endpoint: UART/TX/S1/Ser_data_reg
            (rising edge-triggered flip-flop clocked by TX_CLK)
  Path Group: TX_CLK
  Path Type: min

  Point                                                   Incr       Path
  --------------------------------------------------------------------------
  clock UART_DOMAIN (rise edge)                        8680.56    8680.56
  clock network delay (ideal)                             0.00    8680.56
  D2/SYNC_RST_reg/CK (DFFRQX2M)                           0.00    8680.56 r
  D2/SYNC_RST_reg/Q (DFFRQX2M)                            0.48    8681.04 f
  D2/SYNC_RST (RST_Sync_NUM_STAGES2_1)                    0.00    8681.04 f
  U8/Y (INVX2M)                                           0.06    8681.10 r
  U2/Y (INVX2M)                                           0.29    8681.39 f
  UART/RST (UART_TOP)                                     0.00    8681.39 f
  UART/U2/Y (INVX2M)                                      0.13    8681.52 r
  UART/U1/Y (INVX2M)                                      0.06    8681.58 f
  UART/TX/RST (UART_TX)                                   0.00    8681.58 f
  UART/TX/U2/Y (INVX2M)                                   0.05    8681.63 r
  UART/TX/U1/Y (INVX2M)                                   0.25    8681.88 f
  UART/TX/S1/RST (Serializer)                             0.00    8681.88 f
  UART/TX/S1/Ser_data_reg/E (EDFFHQX2M)                   0.00    8681.88 f
  data arrival time                                               8681.88

  clock TX_CLK (rise edge)                             8680.56    8680.56
  clock network delay (ideal)                             0.00    8680.56
  clock uncertainty                                       0.10    8680.66
  UART/TX/S1/Ser_data_reg/CK (EDFFHQX2M)                  0.00    8680.66 r
  library hold time                                      -0.36    8680.30
  data required time                                              8680.30
  --------------------------------------------------------------------------
  data required time                                              8680.30
  data arrival time                                              -8681.88
  --------------------------------------------------------------------------
  slack (MET)                                                        1.58


  Startpoint: UART/RX/Sp/stop_error_reg
              (rising edge-triggered flip-flop clocked by RX_CLK)
  Endpoint: framing_error
            (output port clocked by TX_CLK)
  Path Group: TX_CLK
  Path Type: min

  Point                                                   Incr       Path
  --------------------------------------------------------------------------
  clock RX_CLK (rise edge)                             8680.56    8680.56
  clock network delay (ideal)                             0.00    8680.56
  UART/RX/Sp/stop_error_reg/CK (DFFRHQX8M)                0.00    8680.56 r
  UART/RX/Sp/stop_error_reg/Q (DFFRHQX8M)                 0.70    8681.26 f
  UART/RX/Sp/stop_error (stop_check)                      0.00    8681.26 f
  UART/RX/STOP_ERROR (UART_RX)                            0.00    8681.26 f
  UART/STOP_ERROR (UART_TOP)                              0.00    8681.26 f
  framing_error (out)                                     0.00    8681.26 f
  data arrival time                                               8681.26

  clock TX_CLK (rise edge)                             8680.56    8680.56
  clock network delay (ideal)                             0.00    8680.56
  clock uncertainty                                       0.10    8680.66
  output external delay                                 -54.25    8626.40
  data required time                                              8626.40
  --------------------------------------------------------------------------
  data required time                                              8626.40
  data arrival time                                              -8681.26
  --------------------------------------------------------------------------
  slack (MET)                                                       54.86


  Startpoint: UART/RX/P/par_error_reg
              (rising edge-triggered flip-flop clocked by RX_CLK)
  Endpoint: parity_error
            (output port clocked by TX_CLK)
  Path Group: TX_CLK
  Path Type: min

  Point                                                   Incr       Path
  --------------------------------------------------------------------------
  clock RX_CLK (rise edge)                             8680.56    8680.56
  clock network delay (ideal)                             0.00    8680.56
  UART/RX/P/par_error_reg/CK (DFFRHQX8M)                  0.00    8680.56 r
  UART/RX/P/par_error_reg/Q (DFFRHQX8M)                   0.71    8681.26 f
  UART/RX/P/par_error (parity_check)                      0.00    8681.26 f
  UART/RX/PARITY_ERROR (UART_RX)                          0.00    8681.26 f
  UART/PARITY_ERROR (UART_TOP)                            0.00    8681.26 f
  parity_error (out)                                      0.00    8681.26 f
  data arrival time                                               8681.26

  clock TX_CLK (rise edge)                             8680.56    8680.56
  clock network delay (ideal)                             0.00    8680.56
  clock uncertainty                                       0.10    8680.66
  output external delay                                 -54.25    8626.40
  data required time                                              8626.40
  --------------------------------------------------------------------------
  data required time                                              8626.40
  data arrival time                                              -8681.26
  --------------------------------------------------------------------------
  slack (MET)                                                       54.86


  Startpoint: UART/TX/M1/TX_OUT_reg
              (rising edge-triggered flip-flop clocked by TX_CLK)
  Endpoint: UART_TX_O (output port clocked by TX_CLK)
  Path Group: TX_CLK
  Path Type: min

  Point                                    Incr       Path
  -----------------------------------------------------------
  clock TX_CLK (rise edge)                 0.00       0.00
  clock network delay (ideal)              0.00       0.00
  UART/TX/M1/TX_OUT_reg/CK (DFFSQX2M)      0.00       0.00 r
  UART/TX/M1/TX_OUT_reg/Q (DFFSQX2M)       0.45       0.45 f
  UART/TX/M1/U3/Y (INVXLM)                 0.20       0.66 r
  UART/TX/M1/U4/Y (INVX8M)                 0.43       1.08 f
  UART/TX/M1/TX_OUT (MUX)                  0.00       1.08 f
  UART/TX/Tx_out (UART_TX)                 0.00       1.08 f
  UART/TX_OUT_S (UART_TOP)                 0.00       1.08 f
  UART_TX_O (out)                          0.00       1.08 f
  data arrival time                                   1.08

  clock TX_CLK (rise edge)                 0.00       0.00
  clock network delay (ideal)              0.00       0.00
  clock uncertainty                        0.10       0.10
  output external delay                  -54.25     -54.15
  data required time                                -54.15
  -----------------------------------------------------------
  data required time                                -54.15
  data arrival time                                  -1.08
  -----------------------------------------------------------
  slack (MET)                                        55.24


  Startpoint: D2/chain_reg[0]/CK
              (internal path startpoint clocked by UART_DOMAIN)
  Endpoint: D2/SYNC_RST_reg
            (rising edge-triggered flip-flop clocked by UART_DOMAIN)
  Path Group: UART_DOMAIN
  Path Type: min

  Point                                    Incr       Path
  -----------------------------------------------------------
  clock UART_DOMAIN (rise edge)            0.00       0.00
  clock network delay (ideal)              0.00       0.00
  input external delay                     0.00       0.00 r
  D2/chain_reg[0]/CK (DFFRQX2M)            0.00       0.00 r
  D2/chain_reg[0]/Q (DFFRQX2M)             0.47       0.47 f
  D2/SYNC_RST_reg/D (DFFRQX2M)             0.00       0.47 f
  data arrival time                                   0.47

  clock UART_DOMAIN (rise edge)            0.00       0.00
  clock network delay (ideal)              0.00       0.00
  clock uncertainty                        0.10       0.10
  D2/SYNC_RST_reg/CK (DFFRQX2M)            0.00       0.10 r
  library hold time                       -0.01       0.09
  data required time                                  0.09
  -----------------------------------------------------------
  data required time                                  0.09
  data arrival time                                  -0.47
  -----------------------------------------------------------
  slack (MET)                                         0.38


  Startpoint: TX_CLK_DIV/odd_edge_tog_reg
              (rising edge-triggered flip-flop clocked by UART_DOMAIN)
  Endpoint: TX_CLK_DIV/odd_edge_tog_reg
            (rising edge-triggered flip-flop clocked by UART_DOMAIN)
  Path Group: UART_DOMAIN
  Path Type: min

  Point                                                   Incr       Path
  --------------------------------------------------------------------------
  clock UART_DOMAIN (rise edge)                           0.00       0.00
  clock network delay (ideal)                             0.00       0.00
  TX_CLK_DIV/odd_edge_tog_reg/CK (DFFSQX2M)               0.00       0.00 r
  TX_CLK_DIV/odd_edge_tog_reg/Q (DFFSQX2M)                0.45       0.45 r
  TX_CLK_DIV/U29/Y (XNOR2X1M)                             0.05       0.50 f
  TX_CLK_DIV/odd_edge_tog_reg/D (DFFSQX2M)                0.00       0.50 f
  data arrival time                                                  0.50

  clock UART_DOMAIN (rise edge)                           0.00       0.00
  clock network delay (ideal)                             0.00       0.00
  clock uncertainty                                       0.10       0.10
  TX_CLK_DIV/odd_edge_tog_reg/CK (DFFSQX2M)               0.00       0.10 r
  library hold time                                      -0.08       0.02
  data required time                                                 0.02
  --------------------------------------------------------------------------
  data required time                                                 0.02
  data arrival time                                                 -0.50
  --------------------------------------------------------------------------
  slack (MET)                                                        0.48


  Startpoint: RX_CLK_DIV/odd_edge_tog_reg
              (rising edge-triggered flip-flop clocked by UART_DOMAIN)
  Endpoint: RX_CLK_DIV/odd_edge_tog_reg
            (rising edge-triggered flip-flop clocked by UART_DOMAIN)
  Path Group: UART_DOMAIN
  Path Type: min

  Point                                                   Incr       Path
  --------------------------------------------------------------------------
  clock UART_DOMAIN (rise edge)                           0.00       0.00
  clock network delay (ideal)                             0.00       0.00
  RX_CLK_DIV/odd_edge_tog_reg/CK (DFFSQX2M)               0.00       0.00 r
  RX_CLK_DIV/odd_edge_tog_reg/Q (DFFSQX2M)                0.45       0.45 r
  RX_CLK_DIV/U29/Y (XNOR2X1M)                             0.05       0.50 f
  RX_CLK_DIV/odd_edge_tog_reg/D (DFFSQX2M)                0.00       0.50 f
  data arrival time                                                  0.50

  clock UART_DOMAIN (rise edge)                           0.00       0.00
  clock network delay (ideal)                             0.00       0.00
  clock uncertainty                                       0.10       0.10
  RX_CLK_DIV/odd_edge_tog_reg/CK (DFFSQX2M)               0.00       0.10 r
  library hold time                                      -0.08       0.02
  data required time                                                 0.02
  --------------------------------------------------------------------------
  data required time                                                 0.02
  data arrival time                                                 -0.50
  --------------------------------------------------------------------------
  slack (MET)                                                        0.48


  Startpoint: TX_CLK_DIV/div_clk_reg
              (rising edge-triggered flip-flop clocked by UART_DOMAIN)
  Endpoint: TX_CLK_DIV/div_clk_reg
            (rising edge-triggered flip-flop clocked by UART_DOMAIN)
  Path Group: UART_DOMAIN
  Path Type: min

  Point                                                   Incr       Path
  --------------------------------------------------------------------------
  clock UART_DOMAIN (rise edge)                           0.00       0.00
  clock network delay (ideal)                             0.00       0.00
  TX_CLK_DIV/div_clk_reg/CK (DFFRQX2M)                    0.00       0.00 r
  TX_CLK_DIV/div_clk_reg/Q (DFFRQX2M)                     0.41       0.41 r
  TX_CLK_DIV/U26/Y (CLKXOR2X2M)                           0.20       0.61 f
  TX_CLK_DIV/div_clk_reg/D (DFFRQX2M)                     0.00       0.61 f
  data arrival time                                                  0.61

  clock UART_DOMAIN (rise edge)                           0.00       0.00
  clock network delay (ideal)                             0.00       0.00
  clock uncertainty                                       0.10       0.10
  TX_CLK_DIV/div_clk_reg/CK (DFFRQX2M)                    0.00       0.10 r
  library hold time                                      -0.01       0.09
  data required time                                                 0.09
  --------------------------------------------------------------------------
  data required time                                                 0.09
  data arrival time                                                 -0.61
  --------------------------------------------------------------------------
  slack (MET)                                                        0.52


  Startpoint: RX_CLK_DIV/div_clk_reg
              (rising edge-triggered flip-flop clocked by UART_DOMAIN)
  Endpoint: RX_CLK_DIV/div_clk_reg
            (rising edge-triggered flip-flop clocked by UART_DOMAIN)
  Path Group: UART_DOMAIN
  Path Type: min

  Point                                                   Incr       Path
  --------------------------------------------------------------------------
  clock UART_DOMAIN (rise edge)                           0.00       0.00
  clock network delay (ideal)                             0.00       0.00
  RX_CLK_DIV/div_clk_reg/CK (DFFRQX2M)                    0.00       0.00 r
  RX_CLK_DIV/div_clk_reg/Q (DFFRQX2M)                     0.41       0.41 r
  RX_CLK_DIV/U26/Y (CLKXOR2X2M)                           0.20       0.61 f
  RX_CLK_DIV/div_clk_reg/D (DFFRQX2M)                     0.00       0.61 f
  data arrival time                                                  0.61

  clock UART_DOMAIN (rise edge)                           0.00       0.00
  clock network delay (ideal)                             0.00       0.00
  clock uncertainty                                       0.10       0.10
  RX_CLK_DIV/div_clk_reg/CK (DFFRQX2M)                    0.00       0.10 r
  library hold time                                      -0.01       0.09
  data required time                                                 0.09
  --------------------------------------------------------------------------
  data required time                                                 0.09
  data arrival time                                                 -0.61
  --------------------------------------------------------------------------
  slack (MET)                                                        0.52


  Startpoint: TX_CLK_DIV/count_reg[6]
              (rising edge-triggered flip-flop clocked by UART_DOMAIN)
  Endpoint: TX_CLK_DIV/count_reg[6]
            (rising edge-triggered flip-flop clocked by UART_DOMAIN)
  Path Group: UART_DOMAIN
  Path Type: min

  Point                                                   Incr       Path
  --------------------------------------------------------------------------
  clock UART_DOMAIN (rise edge)                           0.00       0.00
  clock network delay (ideal)                             0.00       0.00
  TX_CLK_DIV/count_reg[6]/CK (DFFRQX2M)                   0.00       0.00 r
  TX_CLK_DIV/count_reg[6]/Q (DFFRQX2M)                    0.42       0.42 r
  TX_CLK_DIV/U24/Y (AO22X1M)                              0.15       0.57 r
  TX_CLK_DIV/count_reg[6]/D (DFFRQX2M)                    0.00       0.57 r
  data arrival time                                                  0.57

  clock UART_DOMAIN (rise edge)                           0.00       0.00
  clock network delay (ideal)                             0.00       0.00
  clock uncertainty                                       0.10       0.10
  TX_CLK_DIV/count_reg[6]/CK (DFFRQX2M)                   0.00       0.10 r
  library hold time                                      -0.16      -0.06
  data required time                                                -0.06
  --------------------------------------------------------------------------
  data required time                                                -0.06
  data arrival time                                                 -0.57
  --------------------------------------------------------------------------
  slack (MET)                                                        0.63


  Startpoint: RX_CLK_DIV/count_reg[6]
              (rising edge-triggered flip-flop clocked by UART_DOMAIN)
  Endpoint: RX_CLK_DIV/count_reg[6]
            (rising edge-triggered flip-flop clocked by UART_DOMAIN)
  Path Group: UART_DOMAIN
  Path Type: min

  Point                                                   Incr       Path
  --------------------------------------------------------------------------
  clock UART_DOMAIN (rise edge)                           0.00       0.00
  clock network delay (ideal)                             0.00       0.00
  RX_CLK_DIV/count_reg[6]/CK (DFFRQX2M)                   0.00       0.00 r
  RX_CLK_DIV/count_reg[6]/Q (DFFRQX2M)                    0.42       0.42 r
  RX_CLK_DIV/U24/Y (AO22X1M)                              0.15       0.57 r
  RX_CLK_DIV/count_reg[6]/D (DFFRQX2M)                    0.00       0.57 r
  data arrival time                                                  0.57

  clock UART_DOMAIN (rise edge)                           0.00       0.00
  clock network delay (ideal)                             0.00       0.00
  clock uncertainty                                       0.10       0.10
  RX_CLK_DIV/count_reg[6]/CK (DFFRQX2M)                   0.00       0.10 r
  library hold time                                      -0.16      -0.06
  data required time                                                -0.06
  --------------------------------------------------------------------------
  data required time                                                -0.06
  data arrival time                                                 -0.57
  --------------------------------------------------------------------------
  slack (MET)                                                        0.63


  Startpoint: TX_CLK_DIV/count_reg[5]
              (rising edge-triggered flip-flop clocked by UART_DOMAIN)
  Endpoint: TX_CLK_DIV/count_reg[5]
            (rising edge-triggered flip-flop clocked by UART_DOMAIN)
  Path Group: UART_DOMAIN
  Path Type: min

  Point                                                   Incr       Path
  --------------------------------------------------------------------------
  clock UART_DOMAIN (rise edge)                           0.00       0.00
  clock network delay (ideal)                             0.00       0.00
  TX_CLK_DIV/count_reg[5]/CK (DFFRQX2M)                   0.00       0.00 r
  TX_CLK_DIV/count_reg[5]/Q (DFFRQX2M)                    0.43       0.43 r
  TX_CLK_DIV/U23/Y (AO22X1M)                              0.15       0.58 r
  TX_CLK_DIV/count_reg[5]/D (DFFRQX2M)                    0.00       0.58 r
  data arrival time                                                  0.58

  clock UART_DOMAIN (rise edge)                           0.00       0.00
  clock network delay (ideal)                             0.00       0.00
  clock uncertainty                                       0.10       0.10
  TX_CLK_DIV/count_reg[5]/CK (DFFRQX2M)                   0.00       0.10 r
  library hold time                                      -0.16      -0.06
  data required time                                                -0.06
  --------------------------------------------------------------------------
  data required time                                                -0.06
  data arrival time                                                 -0.58
  --------------------------------------------------------------------------
  slack (MET)                                                        0.64


  Startpoint: TX_CLK_DIV/count_reg[4]
              (rising edge-triggered flip-flop clocked by UART_DOMAIN)
  Endpoint: TX_CLK_DIV/count_reg[4]
            (rising edge-triggered flip-flop clocked by UART_DOMAIN)
  Path Group: UART_DOMAIN
  Path Type: min

  Point                                                   Incr       Path
  --------------------------------------------------------------------------
  clock UART_DOMAIN (rise edge)                           0.00       0.00
  clock network delay (ideal)                             0.00       0.00
  TX_CLK_DIV/count_reg[4]/CK (DFFRQX2M)                   0.00       0.00 r
  TX_CLK_DIV/count_reg[4]/Q (DFFRQX2M)                    0.43       0.43 r
  TX_CLK_DIV/U22/Y (AO22X1M)                              0.15       0.58 r
  TX_CLK_DIV/count_reg[4]/D (DFFRQX2M)                    0.00       0.58 r
  data arrival time                                                  0.58

  clock UART_DOMAIN (rise edge)                           0.00       0.00
  clock network delay (ideal)                             0.00       0.00
  clock uncertainty                                       0.10       0.10
  TX_CLK_DIV/count_reg[4]/CK (DFFRQX2M)                   0.00       0.10 r
  library hold time                                      -0.16      -0.06
  data required time                                                -0.06
  --------------------------------------------------------------------------
  data required time                                                -0.06
  data arrival time                                                 -0.58
  --------------------------------------------------------------------------
  slack (MET)                                                        0.64


  Startpoint: TX_CLK_DIV/count_reg[3]
              (rising edge-triggered flip-flop clocked by UART_DOMAIN)
  Endpoint: TX_CLK_DIV/count_reg[3]
            (rising edge-triggered flip-flop clocked by UART_DOMAIN)
  Path Group: UART_DOMAIN
  Path Type: min

  Point                                                   Incr       Path
  --------------------------------------------------------------------------
  clock UART_DOMAIN (rise edge)                           0.00       0.00
  clock network delay (ideal)                             0.00       0.00
  TX_CLK_DIV/count_reg[3]/CK (DFFRQX2M)                   0.00       0.00 r
  TX_CLK_DIV/count_reg[3]/Q (DFFRQX2M)                    0.43       0.43 r
  TX_CLK_DIV/U21/Y (AO22X1M)                              0.15       0.58 r
  TX_CLK_DIV/count_reg[3]/D (DFFRQX2M)                    0.00       0.58 r
  data arrival time                                                  0.58

  clock UART_DOMAIN (rise edge)                           0.00       0.00
  clock network delay (ideal)                             0.00       0.00
  clock uncertainty                                       0.10       0.10
  TX_CLK_DIV/count_reg[3]/CK (DFFRQX2M)                   0.00       0.10 r
  library hold time                                      -0.16      -0.06
  data required time                                                -0.06
  --------------------------------------------------------------------------
  data required time                                                -0.06
  data arrival time                                                 -0.58
  --------------------------------------------------------------------------
  slack (MET)                                                        0.64


  Startpoint: RX_CLK_DIV/count_reg[5]
              (rising edge-triggered flip-flop clocked by UART_DOMAIN)
  Endpoint: RX_CLK_DIV/count_reg[5]
            (rising edge-triggered flip-flop clocked by UART_DOMAIN)
  Path Group: UART_DOMAIN
  Path Type: min

  Point                                                   Incr       Path
  --------------------------------------------------------------------------
  clock UART_DOMAIN (rise edge)                           0.00       0.00
  clock network delay (ideal)                             0.00       0.00
  RX_CLK_DIV/count_reg[5]/CK (DFFRQX2M)                   0.00       0.00 r
  RX_CLK_DIV/count_reg[5]/Q (DFFRQX2M)                    0.43       0.43 r
  RX_CLK_DIV/U23/Y (AO22X1M)                              0.15       0.58 r
  RX_CLK_DIV/count_reg[5]/D (DFFRQX2M)                    0.00       0.58 r
  data arrival time                                                  0.58

  clock UART_DOMAIN (rise edge)                           0.00       0.00
  clock network delay (ideal)                             0.00       0.00
  clock uncertainty                                       0.10       0.10
  RX_CLK_DIV/count_reg[5]/CK (DFFRQX2M)                   0.00       0.10 r
  library hold time                                      -0.16      -0.06
  data required time                                                -0.06
  --------------------------------------------------------------------------
  data required time                                                -0.06
  data arrival time                                                 -0.58
  --------------------------------------------------------------------------
  slack (MET)                                                        0.64


  Startpoint: RX_CLK_DIV/count_reg[4]
              (rising edge-triggered flip-flop clocked by UART_DOMAIN)
  Endpoint: RX_CLK_DIV/count_reg[4]
            (rising edge-triggered flip-flop clocked by UART_DOMAIN)
  Path Group: UART_DOMAIN
  Path Type: min

  Point                                                   Incr       Path
  --------------------------------------------------------------------------
  clock UART_DOMAIN (rise edge)                           0.00       0.00
  clock network delay (ideal)                             0.00       0.00
  RX_CLK_DIV/count_reg[4]/CK (DFFRQX2M)                   0.00       0.00 r
  RX_CLK_DIV/count_reg[4]/Q (DFFRQX2M)                    0.43       0.43 r
  RX_CLK_DIV/U22/Y (AO22X1M)                              0.15       0.58 r
  RX_CLK_DIV/count_reg[4]/D (DFFRQX2M)                    0.00       0.58 r
  data arrival time                                                  0.58

  clock UART_DOMAIN (rise edge)                           0.00       0.00
  clock network delay (ideal)                             0.00       0.00
  clock uncertainty                                       0.10       0.10
  RX_CLK_DIV/count_reg[4]/CK (DFFRQX2M)                   0.00       0.10 r
  library hold time                                      -0.16      -0.06
  data required time                                                -0.06
  --------------------------------------------------------------------------
  data required time                                                -0.06
  data arrival time                                                 -0.58
  --------------------------------------------------------------------------
  slack (MET)                                                        0.64


  Startpoint: RX_CLK_DIV/count_reg[3]
              (rising edge-triggered flip-flop clocked by UART_DOMAIN)
  Endpoint: RX_CLK_DIV/count_reg[3]
            (rising edge-triggered flip-flop clocked by UART_DOMAIN)
  Path Group: UART_DOMAIN
  Path Type: min

  Point                                                   Incr       Path
  --------------------------------------------------------------------------
  clock UART_DOMAIN (rise edge)                           0.00       0.00
  clock network delay (ideal)                             0.00       0.00
  RX_CLK_DIV/count_reg[3]/CK (DFFRQX2M)                   0.00       0.00 r
  RX_CLK_DIV/count_reg[3]/Q (DFFRQX2M)                    0.43       0.43 r
  RX_CLK_DIV/U21/Y (AO22X1M)                              0.15       0.58 r
  RX_CLK_DIV/count_reg[3]/D (DFFRQX2M)                    0.00       0.58 r
  data arrival time                                                  0.58

  clock UART_DOMAIN (rise edge)                           0.00       0.00
  clock network delay (ideal)                             0.00       0.00
  clock uncertainty                                       0.10       0.10
  RX_CLK_DIV/count_reg[3]/CK (DFFRQX2M)                   0.00       0.10 r
  library hold time                                      -0.16      -0.06
  data required time                                                -0.06
  --------------------------------------------------------------------------
  data required time                                                -0.06
  data arrival time                                                 -0.58
  --------------------------------------------------------------------------
  slack (MET)                                                        0.64


  Startpoint: TX_CLK_DIV/count_reg[2]
              (rising edge-triggered flip-flop clocked by UART_DOMAIN)
  Endpoint: TX_CLK_DIV/count_reg[2]
            (rising edge-triggered flip-flop clocked by UART_DOMAIN)
  Path Group: UART_DOMAIN
  Path Type: min

  Point                                                   Incr       Path
  --------------------------------------------------------------------------
  clock UART_DOMAIN (rise edge)                           0.00       0.00
  clock network delay (ideal)                             0.00       0.00
  TX_CLK_DIV/count_reg[2]/CK (DFFRQX2M)                   0.00       0.00 r
  TX_CLK_DIV/count_reg[2]/Q (DFFRQX2M)                    0.43       0.43 r
  TX_CLK_DIV/U20/Y (AO22X1M)                              0.15       0.58 r
  TX_CLK_DIV/count_reg[2]/D (DFFRQX2M)                    0.00       0.58 r
  data arrival time                                                  0.58

  clock UART_DOMAIN (rise edge)                           0.00       0.00
  clock network delay (ideal)                             0.00       0.00
  clock uncertainty                                       0.10       0.10
  TX_CLK_DIV/count_reg[2]/CK (DFFRQX2M)                   0.00       0.10 r
  library hold time                                      -0.16      -0.06
  data required time                                                -0.06
  --------------------------------------------------------------------------
  data required time                                                -0.06
  data arrival time                                                 -0.58
  --------------------------------------------------------------------------
  slack (MET)                                                        0.64


  Startpoint: TX_CLK_DIV/count_reg[1]
              (rising edge-triggered flip-flop clocked by UART_DOMAIN)
  Endpoint: TX_CLK_DIV/count_reg[1]
            (rising edge-triggered flip-flop clocked by UART_DOMAIN)
  Path Group: UART_DOMAIN
  Path Type: min

  Point                                                   Incr       Path
  --------------------------------------------------------------------------
  clock UART_DOMAIN (rise edge)                           0.00       0.00
  clock network delay (ideal)                             0.00       0.00
  TX_CLK_DIV/count_reg[1]/CK (DFFRQX2M)                   0.00       0.00 r
  TX_CLK_DIV/count_reg[1]/Q (DFFRQX2M)                    0.43       0.43 r
  TX_CLK_DIV/U19/Y (AO22X1M)                              0.15       0.58 r
  TX_CLK_DIV/count_reg[1]/D (DFFRQX2M)                    0.00       0.58 r
  data arrival time                                                  0.58

  clock UART_DOMAIN (rise edge)                           0.00       0.00
  clock network delay (ideal)                             0.00       0.00
  clock uncertainty                                       0.10       0.10
  TX_CLK_DIV/count_reg[1]/CK (DFFRQX2M)                   0.00       0.10 r
  library hold time                                      -0.16      -0.06
  data required time                                                -0.06
  --------------------------------------------------------------------------
  data required time                                                -0.06
  data arrival time                                                 -0.58
  --------------------------------------------------------------------------
  slack (MET)                                                        0.64


  Startpoint: RX_CLK_DIV/count_reg[2]
              (rising edge-triggered flip-flop clocked by UART_DOMAIN)
  Endpoint: RX_CLK_DIV/count_reg[2]
            (rising edge-triggered flip-flop clocked by UART_DOMAIN)
  Path Group: UART_DOMAIN
  Path Type: min

  Point                                                   Incr       Path
  --------------------------------------------------------------------------
  clock UART_DOMAIN (rise edge)                           0.00       0.00
  clock network delay (ideal)                             0.00       0.00
  RX_CLK_DIV/count_reg[2]/CK (DFFRQX2M)                   0.00       0.00 r
  RX_CLK_DIV/count_reg[2]/Q (DFFRQX2M)                    0.43       0.43 r
  RX_CLK_DIV/U20/Y (AO22X1M)                              0.15       0.58 r
  RX_CLK_DIV/count_reg[2]/D (DFFRQX2M)                    0.00       0.58 r
  data arrival time                                                  0.58

  clock UART_DOMAIN (rise edge)                           0.00       0.00
  clock network delay (ideal)                             0.00       0.00
  clock uncertainty                                       0.10       0.10
  RX_CLK_DIV/count_reg[2]/CK (DFFRQX2M)                   0.00       0.10 r
  library hold time                                      -0.16      -0.06
  data required time                                                -0.06
  --------------------------------------------------------------------------
  data required time                                                -0.06
  data arrival time                                                 -0.58
  --------------------------------------------------------------------------
  slack (MET)                                                        0.64


  Startpoint: RX_CLK_DIV/count_reg[1]
              (rising edge-triggered flip-flop clocked by UART_DOMAIN)
  Endpoint: RX_CLK_DIV/count_reg[1]
            (rising edge-triggered flip-flop clocked by UART_DOMAIN)
  Path Group: UART_DOMAIN
  Path Type: min

  Point                                                   Incr       Path
  --------------------------------------------------------------------------
  clock UART_DOMAIN (rise edge)                           0.00       0.00
  clock network delay (ideal)                             0.00       0.00
  RX_CLK_DIV/count_reg[1]/CK (DFFRQX2M)                   0.00       0.00 r
  RX_CLK_DIV/count_reg[1]/Q (DFFRQX2M)                    0.43       0.43 r
  RX_CLK_DIV/U19/Y (AO22X1M)                              0.15       0.58 r
  RX_CLK_DIV/count_reg[1]/D (DFFRQX2M)                    0.00       0.58 r
  data arrival time                                                  0.58

  clock UART_DOMAIN (rise edge)                           0.00       0.00
  clock network delay (ideal)                             0.00       0.00
  clock uncertainty                                       0.10       0.10
  RX_CLK_DIV/count_reg[1]/CK (DFFRQX2M)                   0.00       0.10 r
  library hold time                                      -0.16      -0.06
  data required time                                                -0.06
  --------------------------------------------------------------------------
  data required time                                                -0.06
  data arrival time                                                 -0.58
  --------------------------------------------------------------------------
  slack (MET)                                                        0.64


  Startpoint: TX_CLK_DIV/count_reg[0]
              (rising edge-triggered flip-flop clocked by UART_DOMAIN)
  Endpoint: TX_CLK_DIV/count_reg[0]
            (rising edge-triggered flip-flop clocked by UART_DOMAIN)
  Path Group: UART_DOMAIN
  Path Type: min

  Point                                                   Incr       Path
  --------------------------------------------------------------------------
  clock UART_DOMAIN (rise edge)                           0.00       0.00
  clock network delay (ideal)                             0.00       0.00
  TX_CLK_DIV/count_reg[0]/CK (DFFRQX2M)                   0.00       0.00 r
  TX_CLK_DIV/count_reg[0]/Q (DFFRQX2M)                    0.44       0.44 r
  TX_CLK_DIV/U18/Y (AO22X1M)                              0.15       0.59 r
  TX_CLK_DIV/count_reg[0]/D (DFFRQX2M)                    0.00       0.59 r
  data arrival time                                                  0.59

  clock UART_DOMAIN (rise edge)                           0.00       0.00
  clock network delay (ideal)                             0.00       0.00
  clock uncertainty                                       0.10       0.10
  TX_CLK_DIV/count_reg[0]/CK (DFFRQX2M)                   0.00       0.10 r
  library hold time                                      -0.16      -0.06
  data required time                                                -0.06
  --------------------------------------------------------------------------
  data required time                                                -0.06
  data arrival time                                                 -0.59
  --------------------------------------------------------------------------
  slack (MET)                                                        0.65


  Startpoint: RX_CLK_DIV/count_reg[0]
              (rising edge-triggered flip-flop clocked by UART_DOMAIN)
  Endpoint: RX_CLK_DIV/count_reg[0]
            (rising edge-triggered flip-flop clocked by UART_DOMAIN)
  Path Group: UART_DOMAIN
  Path Type: min

  Point                                                   Incr       Path
  --------------------------------------------------------------------------
  clock UART_DOMAIN (rise edge)                           0.00       0.00
  clock network delay (ideal)                             0.00       0.00
  RX_CLK_DIV/count_reg[0]/CK (DFFRQX2M)                   0.00       0.00 r
  RX_CLK_DIV/count_reg[0]/Q (DFFRQX2M)                    0.44       0.44 r
  RX_CLK_DIV/U18/Y (AO22X1M)                              0.15       0.59 r
  RX_CLK_DIV/count_reg[0]/D (DFFRQX2M)                    0.00       0.59 r
  data arrival time                                                  0.59

  clock UART_DOMAIN (rise edge)                           0.00       0.00
  clock network delay (ideal)                             0.00       0.00
  clock uncertainty                                       0.10       0.10
  RX_CLK_DIV/count_reg[0]/CK (DFFRQX2M)                   0.00       0.10 r
  library hold time                                      -0.16      -0.06
  data required time                                                -0.06
  --------------------------------------------------------------------------
  data required time                                                -0.06
  data arrival time                                                 -0.59
  --------------------------------------------------------------------------
  slack (MET)                                                        0.65


1
