 
****************************************
Report : timing
        -path full
        -delay max
        -max_paths 100
Design : SYS_TOP
Version: K-2015.06
Date   : Wed Oct 23 21:52:23 2024
****************************************

Operating Conditions: scmetro_tsmc_cl013g_rvt_ss_1p08v_125c   Library: scmetro_tsmc_cl013g_rvt_ss_1p08v_125c
Wire Load Model Mode: top

  Startpoint: REG_FILE/Reg_File_reg[1][7]
              (rising edge-triggered flip-flop clocked by REF_DOMAIN)
  Endpoint: ALU/ALU_OUT_reg[0]
            (rising edge-triggered flip-flop clocked by Gated_Clock)
  Path Group: Gated_Clock
  Path Type: max

  Point                                                   Incr       Path
  --------------------------------------------------------------------------
  clock REF_DOMAIN (rise edge)                            0.00       0.00
  clock network delay (ideal)                             0.00       0.00
  REG_FILE/Reg_File_reg[1][7]/CK (DFFRQX2M)               0.00       0.00 r
  REG_FILE/Reg_File_reg[1][7]/Q (DFFRQX2M)                0.58       0.58 f
  REG_FILE/REG1[7] (RAM)                                  0.00       0.58 f
  ALU/B[7] (ALU_16_bit_OPERAND_WIDTH8_OPCODE_WIDTH4_RESULT_WIDTH16)
                                                          0.00       0.58 f
  ALU/div_29/b[7] (ALU_16_bit_OPERAND_WIDTH8_OPCODE_WIDTH4_RESULT_WIDTH16_DW_div_uns_0)
                                                          0.00       0.58 f
  ALU/div_29/U71/Y (NOR2X1M)                              0.18       0.76 r
  ALU/div_29/U68/Y (AND3X1M)                              0.20       0.96 r
  ALU/div_29/U66/Y (AND2X1M)                              0.16       1.12 r
  ALU/div_29/U63/Y (AND4X1M)                              0.25       1.38 r
  ALU/div_29/U41/Y (CLKMX2X2M)                            0.24       1.62 f
  ALU/div_29/u_div/u_fa_PartRem_0_6_1/CO (ADDFX2M)        0.44       2.06 f
  ALU/div_29/U64/Y (AND3X1M)                              0.32       2.37 f
  ALU/div_29/U47/Y (CLKMX2X2M)                            0.24       2.61 r
  ALU/div_29/u_div/u_fa_PartRem_0_5_1/CO (ADDFX2M)        0.49       3.10 r
  ALU/div_29/u_div/u_fa_PartRem_0_5_2/CO (ADDFX2M)        0.24       3.34 r
  ALU/div_29/U65/Y (AND2X1M)                              0.24       3.58 r
  ALU/div_29/U52/Y (CLKMX2X2M)                            0.27       3.85 f
  ALU/div_29/u_div/u_fa_PartRem_0_4_1/CO (ADDFX2M)        0.46       4.30 f
  ALU/div_29/u_div/u_fa_PartRem_0_4_2/CO (ADDFX2M)        0.33       4.63 f
  ALU/div_29/u_div/u_fa_PartRem_0_4_3/CO (ADDFX2M)        0.31       4.94 f
  ALU/div_29/U67/Y (AND2X1M)                              0.28       5.22 f
  ALU/div_29/U56/Y (CLKMX2X2M)                            0.24       5.45 f
  ALU/div_29/u_div/u_fa_PartRem_0_3_1/CO (ADDFX2M)        0.46       5.91 f
  ALU/div_29/u_div/u_fa_PartRem_0_3_2/CO (ADDFX2M)        0.33       6.24 f
  ALU/div_29/u_div/u_fa_PartRem_0_3_3/CO (ADDFX2M)        0.33       6.57 f
  ALU/div_29/u_div/u_fa_PartRem_0_3_4/CO (ADDFX2M)        0.31       6.87 f
  ALU/div_29/U69/Y (AND3X1M)                              0.39       7.27 f
  ALU/div_29/U59/Y (CLKMX2X2M)                            0.25       7.51 f
  ALU/div_29/u_div/u_fa_PartRem_0_2_1/CO (ADDFX2M)        0.46       7.97 f
  ALU/div_29/u_div/u_fa_PartRem_0_2_2/CO (ADDFX2M)        0.33       8.30 f
  ALU/div_29/u_div/u_fa_PartRem_0_2_3/CO (ADDFX2M)        0.33       8.62 f
  ALU/div_29/u_div/u_fa_PartRem_0_2_4/CO (ADDFX2M)        0.33       8.95 f
  ALU/div_29/u_div/u_fa_PartRem_0_2_5/CO (ADDFX2M)        0.31       9.26 f
  ALU/div_29/U70/Y (AND2X1M)                              0.32       9.58 f
  ALU/div_29/U61/Y (CLKMX2X2M)                            0.25       9.83 f
  ALU/div_29/u_div/u_fa_PartRem_0_1_1/CO (ADDFX2M)        0.46      10.29 f
  ALU/div_29/u_div/u_fa_PartRem_0_1_2/CO (ADDFX2M)        0.33      10.62 f
  ALU/div_29/u_div/u_fa_PartRem_0_1_3/CO (ADDFX2M)        0.33      10.95 f
  ALU/div_29/u_div/u_fa_PartRem_0_1_4/CO (ADDFX2M)        0.33      11.27 f
  ALU/div_29/u_div/u_fa_PartRem_0_1_5/CO (ADDFX2M)        0.33      11.60 f
  ALU/div_29/u_div/u_fa_PartRem_0_1_6/CO (ADDFX2M)        0.31      11.91 f
  ALU/div_29/U72/Y (AND2X1M)                              0.34      12.25 f
  ALU/div_29/U62/Y (CLKMX2X2M)                            0.24      12.49 f
  ALU/div_29/u_div/u_fa_PartRem_0_0_1/CO (ADDFX2M)        0.45      12.94 f
  ALU/div_29/u_div/u_fa_PartRem_0_0_2/CO (ADDFX2M)        0.33      13.27 f
  ALU/div_29/u_div/u_fa_PartRem_0_0_3/CO (ADDFX2M)        0.33      13.60 f
  ALU/div_29/u_div/u_fa_PartRem_0_0_4/CO (ADDFX2M)        0.33      13.92 f
  ALU/div_29/u_div/u_fa_PartRem_0_0_5/CO (ADDFX2M)        0.33      14.25 f
  ALU/div_29/u_div/u_fa_PartRem_0_0_6/CO (ADDFX2M)        0.33      14.58 f
  ALU/div_29/u_div/u_fa_PartRem_0_0_7/CO (ADDFX2M)        0.31      14.89 f
  ALU/div_29/quotient[0] (ALU_16_bit_OPERAND_WIDTH8_OPCODE_WIDTH4_RESULT_WIDTH16_DW_div_uns_0)
                                                          0.00      14.89 f
  ALU/U45/Y (OAI2BB1X2M)                                  0.19      15.08 f
  ALU/U44/Y (AOI211X2M)                                   0.21      15.29 r
  ALU/U41/Y (AOI31X2M)                                    0.12      15.41 f
  ALU/ALU_OUT_reg[0]/D (DFFRQX2M)                         0.00      15.41 f
  data arrival time                                                 15.41

  clock Gated_Clock (rise edge)                          20.00      20.00
  clock network delay (ideal)                             0.00      20.00
  clock uncertainty                                      -0.20      19.80
  ALU/ALU_OUT_reg[0]/CK (DFFRQX2M)                        0.00      19.80 r
  library setup time                                     -0.15      19.65
  data required time                                                19.65
  --------------------------------------------------------------------------
  data required time                                                19.65
  data arrival time                                                -15.41
  --------------------------------------------------------------------------
  slack (MET)                                                        4.24


  Startpoint: REG_FILE/Reg_File_reg[1][7]
              (rising edge-triggered flip-flop clocked by REF_DOMAIN)
  Endpoint: ALU/ALU_OUT_reg[1]
            (rising edge-triggered flip-flop clocked by Gated_Clock)
  Path Group: Gated_Clock
  Path Type: max

  Point                                                   Incr       Path
  --------------------------------------------------------------------------
  clock REF_DOMAIN (rise edge)                            0.00       0.00
  clock network delay (ideal)                             0.00       0.00
  REG_FILE/Reg_File_reg[1][7]/CK (DFFRQX2M)               0.00       0.00 r
  REG_FILE/Reg_File_reg[1][7]/Q (DFFRQX2M)                0.58       0.58 f
  REG_FILE/REG1[7] (RAM)                                  0.00       0.58 f
  ALU/B[7] (ALU_16_bit_OPERAND_WIDTH8_OPCODE_WIDTH4_RESULT_WIDTH16)
                                                          0.00       0.58 f
  ALU/div_29/b[7] (ALU_16_bit_OPERAND_WIDTH8_OPCODE_WIDTH4_RESULT_WIDTH16_DW_div_uns_0)
                                                          0.00       0.58 f
  ALU/div_29/U71/Y (NOR2X1M)                              0.18       0.76 r
  ALU/div_29/U68/Y (AND3X1M)                              0.20       0.96 r
  ALU/div_29/U66/Y (AND2X1M)                              0.16       1.12 r
  ALU/div_29/U63/Y (AND4X1M)                              0.25       1.38 r
  ALU/div_29/U41/Y (CLKMX2X2M)                            0.24       1.62 f
  ALU/div_29/u_div/u_fa_PartRem_0_6_1/CO (ADDFX2M)        0.44       2.06 f
  ALU/div_29/U64/Y (AND3X1M)                              0.32       2.37 f
  ALU/div_29/U47/Y (CLKMX2X2M)                            0.24       2.61 r
  ALU/div_29/u_div/u_fa_PartRem_0_5_1/CO (ADDFX2M)        0.49       3.10 r
  ALU/div_29/u_div/u_fa_PartRem_0_5_2/CO (ADDFX2M)        0.24       3.34 r
  ALU/div_29/U65/Y (AND2X1M)                              0.24       3.58 r
  ALU/div_29/U52/Y (CLKMX2X2M)                            0.27       3.85 f
  ALU/div_29/u_div/u_fa_PartRem_0_4_1/CO (ADDFX2M)        0.46       4.30 f
  ALU/div_29/u_div/u_fa_PartRem_0_4_2/CO (ADDFX2M)        0.33       4.63 f
  ALU/div_29/u_div/u_fa_PartRem_0_4_3/CO (ADDFX2M)        0.31       4.94 f
  ALU/div_29/U67/Y (AND2X1M)                              0.28       5.22 f
  ALU/div_29/U56/Y (CLKMX2X2M)                            0.24       5.45 f
  ALU/div_29/u_div/u_fa_PartRem_0_3_1/CO (ADDFX2M)        0.46       5.91 f
  ALU/div_29/u_div/u_fa_PartRem_0_3_2/CO (ADDFX2M)        0.33       6.24 f
  ALU/div_29/u_div/u_fa_PartRem_0_3_3/CO (ADDFX2M)        0.33       6.57 f
  ALU/div_29/u_div/u_fa_PartRem_0_3_4/CO (ADDFX2M)        0.31       6.87 f
  ALU/div_29/U69/Y (AND3X1M)                              0.39       7.27 f
  ALU/div_29/U59/Y (CLKMX2X2M)                            0.25       7.51 f
  ALU/div_29/u_div/u_fa_PartRem_0_2_1/CO (ADDFX2M)        0.46       7.97 f
  ALU/div_29/u_div/u_fa_PartRem_0_2_2/CO (ADDFX2M)        0.33       8.30 f
  ALU/div_29/u_div/u_fa_PartRem_0_2_3/CO (ADDFX2M)        0.33       8.62 f
  ALU/div_29/u_div/u_fa_PartRem_0_2_4/CO (ADDFX2M)        0.33       8.95 f
  ALU/div_29/u_div/u_fa_PartRem_0_2_5/CO (ADDFX2M)        0.31       9.26 f
  ALU/div_29/U70/Y (AND2X1M)                              0.32       9.58 f
  ALU/div_29/U61/Y (CLKMX2X2M)                            0.25       9.83 f
  ALU/div_29/u_div/u_fa_PartRem_0_1_1/CO (ADDFX2M)        0.46      10.29 f
  ALU/div_29/u_div/u_fa_PartRem_0_1_2/CO (ADDFX2M)        0.33      10.62 f
  ALU/div_29/u_div/u_fa_PartRem_0_1_3/CO (ADDFX2M)        0.33      10.95 f
  ALU/div_29/u_div/u_fa_PartRem_0_1_4/CO (ADDFX2M)        0.33      11.27 f
  ALU/div_29/u_div/u_fa_PartRem_0_1_5/CO (ADDFX2M)        0.33      11.60 f
  ALU/div_29/u_div/u_fa_PartRem_0_1_6/CO (ADDFX2M)        0.31      11.91 f
  ALU/div_29/U72/Y (AND2X1M)                              0.34      12.25 f
  ALU/div_29/quotient[1] (ALU_16_bit_OPERAND_WIDTH8_OPCODE_WIDTH4_RESULT_WIDTH16_DW_div_uns_0)
                                                          0.00      12.25 f
  ALU/U52/Y (OAI2BB1X2M)                                  0.25      12.50 f
  ALU/U51/Y (AOI211X2M)                                   0.21      12.70 r
  ALU/U48/Y (AOI31X2M)                                    0.12      12.83 f
  ALU/ALU_OUT_reg[1]/D (DFFRQX2M)                         0.00      12.83 f
  data arrival time                                                 12.83

  clock Gated_Clock (rise edge)                          20.00      20.00
  clock network delay (ideal)                             0.00      20.00
  clock uncertainty                                      -0.20      19.80
  ALU/ALU_OUT_reg[1]/CK (DFFRQX2M)                        0.00      19.80 r
  library setup time                                     -0.15      19.65
  data required time                                                19.65
  --------------------------------------------------------------------------
  data required time                                                19.65
  data arrival time                                                -12.83
  --------------------------------------------------------------------------
  slack (MET)                                                        6.82


  Startpoint: REG_FILE/Reg_File_reg[1][7]
              (rising edge-triggered flip-flop clocked by REF_DOMAIN)
  Endpoint: ALU/ALU_OUT_reg[2]
            (rising edge-triggered flip-flop clocked by Gated_Clock)
  Path Group: Gated_Clock
  Path Type: max

  Point                                                   Incr       Path
  --------------------------------------------------------------------------
  clock REF_DOMAIN (rise edge)                            0.00       0.00
  clock network delay (ideal)                             0.00       0.00
  REG_FILE/Reg_File_reg[1][7]/CK (DFFRQX2M)               0.00       0.00 r
  REG_FILE/Reg_File_reg[1][7]/Q (DFFRQX2M)                0.58       0.58 f
  REG_FILE/REG1[7] (RAM)                                  0.00       0.58 f
  ALU/B[7] (ALU_16_bit_OPERAND_WIDTH8_OPCODE_WIDTH4_RESULT_WIDTH16)
                                                          0.00       0.58 f
  ALU/div_29/b[7] (ALU_16_bit_OPERAND_WIDTH8_OPCODE_WIDTH4_RESULT_WIDTH16_DW_div_uns_0)
                                                          0.00       0.58 f
  ALU/div_29/U71/Y (NOR2X1M)                              0.18       0.76 r
  ALU/div_29/U68/Y (AND3X1M)                              0.20       0.96 r
  ALU/div_29/U66/Y (AND2X1M)                              0.16       1.12 r
  ALU/div_29/U63/Y (AND4X1M)                              0.25       1.38 r
  ALU/div_29/U41/Y (CLKMX2X2M)                            0.24       1.62 f
  ALU/div_29/u_div/u_fa_PartRem_0_6_1/CO (ADDFX2M)        0.44       2.06 f
  ALU/div_29/U64/Y (AND3X1M)                              0.32       2.37 f
  ALU/div_29/U47/Y (CLKMX2X2M)                            0.24       2.61 r
  ALU/div_29/u_div/u_fa_PartRem_0_5_1/CO (ADDFX2M)        0.49       3.10 r
  ALU/div_29/u_div/u_fa_PartRem_0_5_2/CO (ADDFX2M)        0.24       3.34 r
  ALU/div_29/U65/Y (AND2X1M)                              0.24       3.58 r
  ALU/div_29/U52/Y (CLKMX2X2M)                            0.27       3.85 f
  ALU/div_29/u_div/u_fa_PartRem_0_4_1/CO (ADDFX2M)        0.46       4.30 f
  ALU/div_29/u_div/u_fa_PartRem_0_4_2/CO (ADDFX2M)        0.33       4.63 f
  ALU/div_29/u_div/u_fa_PartRem_0_4_3/CO (ADDFX2M)        0.31       4.94 f
  ALU/div_29/U67/Y (AND2X1M)                              0.28       5.22 f
  ALU/div_29/U56/Y (CLKMX2X2M)                            0.24       5.45 f
  ALU/div_29/u_div/u_fa_PartRem_0_3_1/CO (ADDFX2M)        0.46       5.91 f
  ALU/div_29/u_div/u_fa_PartRem_0_3_2/CO (ADDFX2M)        0.33       6.24 f
  ALU/div_29/u_div/u_fa_PartRem_0_3_3/CO (ADDFX2M)        0.33       6.57 f
  ALU/div_29/u_div/u_fa_PartRem_0_3_4/CO (ADDFX2M)        0.31       6.87 f
  ALU/div_29/U69/Y (AND3X1M)                              0.39       7.27 f
  ALU/div_29/U59/Y (CLKMX2X2M)                            0.25       7.51 f
  ALU/div_29/u_div/u_fa_PartRem_0_2_1/CO (ADDFX2M)        0.46       7.97 f
  ALU/div_29/u_div/u_fa_PartRem_0_2_2/CO (ADDFX2M)        0.33       8.30 f
  ALU/div_29/u_div/u_fa_PartRem_0_2_3/CO (ADDFX2M)        0.33       8.62 f
  ALU/div_29/u_div/u_fa_PartRem_0_2_4/CO (ADDFX2M)        0.33       8.95 f
  ALU/div_29/u_div/u_fa_PartRem_0_2_5/CO (ADDFX2M)        0.31       9.26 f
  ALU/div_29/U70/Y (AND2X1M)                              0.32       9.58 f
  ALU/div_29/quotient[2] (ALU_16_bit_OPERAND_WIDTH8_OPCODE_WIDTH4_RESULT_WIDTH16_DW_div_uns_0)
                                                          0.00       9.58 f
  ALU/U61/Y (AOI22X1M)                                    0.20       9.78 r
  ALU/U59/Y (OAI21X2M)                                    0.09       9.87 f
  ALU/U58/Y (AOI221XLM)                                   0.32      10.19 r
  ALU/U55/Y (AOI31X2M)                                    0.14      10.34 f
  ALU/ALU_OUT_reg[2]/D (DFFRQX2M)                         0.00      10.34 f
  data arrival time                                                 10.34

  clock Gated_Clock (rise edge)                          20.00      20.00
  clock network delay (ideal)                             0.00      20.00
  clock uncertainty                                      -0.20      19.80
  ALU/ALU_OUT_reg[2]/CK (DFFRQX2M)                        0.00      19.80 r
  library setup time                                     -0.15      19.65
  data required time                                                19.65
  --------------------------------------------------------------------------
  data required time                                                19.65
  data arrival time                                                -10.34
  --------------------------------------------------------------------------
  slack (MET)                                                        9.32


  Startpoint: REG_FILE/Reg_File_reg[1][7]
              (rising edge-triggered flip-flop clocked by REF_DOMAIN)
  Endpoint: ALU/ALU_OUT_reg[3]
            (rising edge-triggered flip-flop clocked by Gated_Clock)
  Path Group: Gated_Clock
  Path Type: max

  Point                                                   Incr       Path
  --------------------------------------------------------------------------
  clock REF_DOMAIN (rise edge)                            0.00       0.00
  clock network delay (ideal)                             0.00       0.00
  REG_FILE/Reg_File_reg[1][7]/CK (DFFRQX2M)               0.00       0.00 r
  REG_FILE/Reg_File_reg[1][7]/Q (DFFRQX2M)                0.58       0.58 f
  REG_FILE/REG1[7] (RAM)                                  0.00       0.58 f
  ALU/B[7] (ALU_16_bit_OPERAND_WIDTH8_OPCODE_WIDTH4_RESULT_WIDTH16)
                                                          0.00       0.58 f
  ALU/div_29/b[7] (ALU_16_bit_OPERAND_WIDTH8_OPCODE_WIDTH4_RESULT_WIDTH16_DW_div_uns_0)
                                                          0.00       0.58 f
  ALU/div_29/U71/Y (NOR2X1M)                              0.18       0.76 r
  ALU/div_29/U68/Y (AND3X1M)                              0.20       0.96 r
  ALU/div_29/U66/Y (AND2X1M)                              0.16       1.12 r
  ALU/div_29/U63/Y (AND4X1M)                              0.25       1.38 r
  ALU/div_29/U41/Y (CLKMX2X2M)                            0.24       1.62 f
  ALU/div_29/u_div/u_fa_PartRem_0_6_1/CO (ADDFX2M)        0.44       2.06 f
  ALU/div_29/U64/Y (AND3X1M)                              0.32       2.37 f
  ALU/div_29/U47/Y (CLKMX2X2M)                            0.24       2.61 r
  ALU/div_29/u_div/u_fa_PartRem_0_5_1/CO (ADDFX2M)        0.49       3.10 r
  ALU/div_29/u_div/u_fa_PartRem_0_5_2/CO (ADDFX2M)        0.24       3.34 r
  ALU/div_29/U65/Y (AND2X1M)                              0.24       3.58 r
  ALU/div_29/U52/Y (CLKMX2X2M)                            0.27       3.85 f
  ALU/div_29/u_div/u_fa_PartRem_0_4_1/CO (ADDFX2M)        0.46       4.30 f
  ALU/div_29/u_div/u_fa_PartRem_0_4_2/CO (ADDFX2M)        0.33       4.63 f
  ALU/div_29/u_div/u_fa_PartRem_0_4_3/CO (ADDFX2M)        0.31       4.94 f
  ALU/div_29/U67/Y (AND2X1M)                              0.28       5.22 f
  ALU/div_29/U56/Y (CLKMX2X2M)                            0.24       5.45 f
  ALU/div_29/u_div/u_fa_PartRem_0_3_1/CO (ADDFX2M)        0.46       5.91 f
  ALU/div_29/u_div/u_fa_PartRem_0_3_2/CO (ADDFX2M)        0.33       6.24 f
  ALU/div_29/u_div/u_fa_PartRem_0_3_3/CO (ADDFX2M)        0.33       6.57 f
  ALU/div_29/u_div/u_fa_PartRem_0_3_4/CO (ADDFX2M)        0.31       6.87 f
  ALU/div_29/U69/Y (AND3X1M)                              0.39       7.27 f
  ALU/div_29/quotient[3] (ALU_16_bit_OPERAND_WIDTH8_OPCODE_WIDTH4_RESULT_WIDTH16_DW_div_uns_0)
                                                          0.00       7.27 f
  ALU/U69/Y (AOI22X1M)                                    0.19       7.46 r
  ALU/U67/Y (OAI21X2M)                                    0.09       7.55 f
  ALU/U66/Y (AOI221XLM)                                   0.32       7.87 r
  ALU/U63/Y (AOI31X2M)                                    0.14       8.01 f
  ALU/ALU_OUT_reg[3]/D (DFFRQX2M)                         0.00       8.01 f
  data arrival time                                                  8.01

  clock Gated_Clock (rise edge)                          20.00      20.00
  clock network delay (ideal)                             0.00      20.00
  clock uncertainty                                      -0.20      19.80
  ALU/ALU_OUT_reg[3]/CK (DFFRQX2M)                        0.00      19.80 r
  library setup time                                     -0.15      19.65
  data required time                                                19.65
  --------------------------------------------------------------------------
  data required time                                                19.65
  data arrival time                                                 -8.01
  --------------------------------------------------------------------------
  slack (MET)                                                       11.64


  Startpoint: REG_FILE/Reg_File_reg[0][1]
              (rising edge-triggered flip-flop clocked by REF_DOMAIN)
  Endpoint: ALU/ALU_OUT_reg[15]
            (rising edge-triggered flip-flop clocked by Gated_Clock)
  Path Group: Gated_Clock
  Path Type: max

  Point                                                   Incr       Path
  --------------------------------------------------------------------------
  clock REF_DOMAIN (rise edge)                            0.00       0.00
  clock network delay (ideal)                             0.00       0.00
  REG_FILE/Reg_File_reg[0][1]/CK (DFFRQX2M)               0.00       0.00 r
  REG_FILE/Reg_File_reg[0][1]/Q (DFFRQX2M)                0.41       0.41 r
  REG_FILE/REG0[1] (RAM)                                  0.00       0.41 r
  ALU/A[1] (ALU_16_bit_OPERAND_WIDTH8_OPCODE_WIDTH4_RESULT_WIDTH16)
                                                          0.00       0.41 r
  ALU/U123/Y (BUFX2M)                                     0.28       0.69 r
  ALU/mult_26/A[1] (ALU_16_bit_OPERAND_WIDTH8_OPCODE_WIDTH4_RESULT_WIDTH16_DW02_mult_0)
                                                          0.00       0.69 r
  ALU/mult_26/U36/Y (INVX2M)                              0.15       0.84 f
  ALU/mult_26/U107/Y (NOR2X1M)                            0.18       1.01 r
  ALU/mult_26/U4/Y (AND2X2M)                              0.16       1.17 r
  ALU/mult_26/S2_2_2/CO (ADDFX2M)                         0.54       1.71 r
  ALU/mult_26/S2_3_2/CO (ADDFX2M)                         0.55       2.26 r
  ALU/mult_26/S2_4_2/CO (ADDFX2M)                         0.55       2.81 r
  ALU/mult_26/S2_5_2/CO (ADDFX2M)                         0.55       3.36 r
  ALU/mult_26/S2_6_2/CO (ADDFX2M)                         0.55       3.92 r
  ALU/mult_26/S4_2/S (ADDFX2M)                            0.58       4.49 f
  ALU/mult_26/U10/Y (CLKXOR2X2M)                          0.31       4.80 r
  ALU/mult_26/FS_1/A[7] (ALU_16_bit_OPERAND_WIDTH8_OPCODE_WIDTH4_RESULT_WIDTH16_DW01_add_1)
                                                          0.00       4.80 r
  ALU/mult_26/FS_1/U3/Y (NAND2X2M)                        0.07       4.87 f
  ALU/mult_26/FS_1/U31/Y (OA21X1M)                        0.37       5.24 f
  ALU/mult_26/FS_1/U28/Y (AOI2BB1X1M)                     0.26       5.51 f
  ALU/mult_26/FS_1/U26/Y (OA21X1M)                        0.40       5.90 f
  ALU/mult_26/FS_1/U21/Y (OAI21BX1M)                      0.25       6.15 r
  ALU/mult_26/FS_1/U19/Y (OAI21X1M)                       0.13       6.28 f
  ALU/mult_26/FS_1/U2/Y (AOI21BX2M)                       0.17       6.45 f
  ALU/mult_26/FS_1/U4/Y (XNOR2X2M)                        0.12       6.57 r
  ALU/mult_26/FS_1/SUM[13] (ALU_16_bit_OPERAND_WIDTH8_OPCODE_WIDTH4_RESULT_WIDTH16_DW01_add_1)
                                                          0.00       6.57 r
  ALU/mult_26/PRODUCT[15] (ALU_16_bit_OPERAND_WIDTH8_OPCODE_WIDTH4_RESULT_WIDTH16_DW02_mult_0)
                                                          0.00       6.57 r
  ALU/U9/Y (OAI2BB1X2M)                                   0.15       6.72 r
  ALU/ALU_OUT_reg[15]/D (DFFRQX2M)                        0.00       6.72 r
  data arrival time                                                  6.72

  clock Gated_Clock (rise edge)                          20.00      20.00
  clock network delay (ideal)                             0.00      20.00
  clock uncertainty                                      -0.20      19.80
  ALU/ALU_OUT_reg[15]/CK (DFFRQX2M)                       0.00      19.80 r
  library setup time                                     -0.28      19.52
  data required time                                                19.52
  --------------------------------------------------------------------------
  data required time                                                19.52
  data arrival time                                                 -6.72
  --------------------------------------------------------------------------
  slack (MET)                                                       12.80


  Startpoint: REG_FILE/Reg_File_reg[0][1]
              (rising edge-triggered flip-flop clocked by REF_DOMAIN)
  Endpoint: ALU/ALU_OUT_reg[14]
            (rising edge-triggered flip-flop clocked by Gated_Clock)
  Path Group: Gated_Clock
  Path Type: max

  Point                                                   Incr       Path
  --------------------------------------------------------------------------
  clock REF_DOMAIN (rise edge)                            0.00       0.00
  clock network delay (ideal)                             0.00       0.00
  REG_FILE/Reg_File_reg[0][1]/CK (DFFRQX2M)               0.00       0.00 r
  REG_FILE/Reg_File_reg[0][1]/Q (DFFRQX2M)                0.41       0.41 r
  REG_FILE/REG0[1] (RAM)                                  0.00       0.41 r
  ALU/A[1] (ALU_16_bit_OPERAND_WIDTH8_OPCODE_WIDTH4_RESULT_WIDTH16)
                                                          0.00       0.41 r
  ALU/U123/Y (BUFX2M)                                     0.28       0.69 r
  ALU/mult_26/A[1] (ALU_16_bit_OPERAND_WIDTH8_OPCODE_WIDTH4_RESULT_WIDTH16_DW02_mult_0)
                                                          0.00       0.69 r
  ALU/mult_26/U36/Y (INVX2M)                              0.15       0.84 f
  ALU/mult_26/U107/Y (NOR2X1M)                            0.18       1.01 r
  ALU/mult_26/U4/Y (AND2X2M)                              0.16       1.17 r
  ALU/mult_26/S2_2_2/CO (ADDFX2M)                         0.54       1.71 r
  ALU/mult_26/S2_3_2/CO (ADDFX2M)                         0.55       2.26 r
  ALU/mult_26/S2_4_2/CO (ADDFX2M)                         0.55       2.81 r
  ALU/mult_26/S2_5_2/CO (ADDFX2M)                         0.55       3.36 r
  ALU/mult_26/S2_6_2/CO (ADDFX2M)                         0.55       3.92 r
  ALU/mult_26/S4_2/S (ADDFX2M)                            0.58       4.49 f
  ALU/mult_26/U10/Y (CLKXOR2X2M)                          0.31       4.80 r
  ALU/mult_26/FS_1/A[7] (ALU_16_bit_OPERAND_WIDTH8_OPCODE_WIDTH4_RESULT_WIDTH16_DW01_add_1)
                                                          0.00       4.80 r
  ALU/mult_26/FS_1/U3/Y (NAND2X2M)                        0.07       4.87 f
  ALU/mult_26/FS_1/U31/Y (OA21X1M)                        0.37       5.24 f
  ALU/mult_26/FS_1/U28/Y (AOI2BB1X1M)                     0.26       5.51 f
  ALU/mult_26/FS_1/U26/Y (OA21X1M)                        0.40       5.90 f
  ALU/mult_26/FS_1/U21/Y (OAI21BX1M)                      0.25       6.15 r
  ALU/mult_26/FS_1/U20/Y (XOR3XLM)                        0.16       6.31 r
  ALU/mult_26/FS_1/SUM[12] (ALU_16_bit_OPERAND_WIDTH8_OPCODE_WIDTH4_RESULT_WIDTH16_DW01_add_1)
                                                          0.00       6.31 r
  ALU/mult_26/PRODUCT[14] (ALU_16_bit_OPERAND_WIDTH8_OPCODE_WIDTH4_RESULT_WIDTH16_DW02_mult_0)
                                                          0.00       6.31 r
  ALU/U8/Y (OAI2BB1X2M)                                   0.13       6.44 r
  ALU/ALU_OUT_reg[14]/D (DFFRQX2M)                        0.00       6.44 r
  data arrival time                                                  6.44

  clock Gated_Clock (rise edge)                          20.00      20.00
  clock network delay (ideal)                             0.00      20.00
  clock uncertainty                                      -0.20      19.80
  ALU/ALU_OUT_reg[14]/CK (DFFRQX2M)                       0.00      19.80 r
  library setup time                                     -0.28      19.52
  data required time                                                19.52
  --------------------------------------------------------------------------
  data required time                                                19.52
  data arrival time                                                 -6.44
  --------------------------------------------------------------------------
  slack (MET)                                                       13.07


  Startpoint: REG_FILE/Reg_File_reg[0][1]
              (rising edge-triggered flip-flop clocked by REF_DOMAIN)
  Endpoint: ALU/ALU_OUT_reg[13]
            (rising edge-triggered flip-flop clocked by Gated_Clock)
  Path Group: Gated_Clock
  Path Type: max

  Point                                                   Incr       Path
  --------------------------------------------------------------------------
  clock REF_DOMAIN (rise edge)                            0.00       0.00
  clock network delay (ideal)                             0.00       0.00
  REG_FILE/Reg_File_reg[0][1]/CK (DFFRQX2M)               0.00       0.00 r
  REG_FILE/Reg_File_reg[0][1]/Q (DFFRQX2M)                0.41       0.41 r
  REG_FILE/REG0[1] (RAM)                                  0.00       0.41 r
  ALU/A[1] (ALU_16_bit_OPERAND_WIDTH8_OPCODE_WIDTH4_RESULT_WIDTH16)
                                                          0.00       0.41 r
  ALU/U123/Y (BUFX2M)                                     0.28       0.69 r
  ALU/mult_26/A[1] (ALU_16_bit_OPERAND_WIDTH8_OPCODE_WIDTH4_RESULT_WIDTH16_DW02_mult_0)
                                                          0.00       0.69 r
  ALU/mult_26/U36/Y (INVX2M)                              0.15       0.84 f
  ALU/mult_26/U107/Y (NOR2X1M)                            0.18       1.01 r
  ALU/mult_26/U4/Y (AND2X2M)                              0.16       1.17 r
  ALU/mult_26/S2_2_2/CO (ADDFX2M)                         0.54       1.71 r
  ALU/mult_26/S2_3_2/CO (ADDFX2M)                         0.55       2.26 r
  ALU/mult_26/S2_4_2/CO (ADDFX2M)                         0.55       2.81 r
  ALU/mult_26/S2_5_2/CO (ADDFX2M)                         0.55       3.36 r
  ALU/mult_26/S2_6_2/CO (ADDFX2M)                         0.55       3.92 r
  ALU/mult_26/S4_2/S (ADDFX2M)                            0.58       4.49 f
  ALU/mult_26/U10/Y (CLKXOR2X2M)                          0.31       4.80 r
  ALU/mult_26/FS_1/A[7] (ALU_16_bit_OPERAND_WIDTH8_OPCODE_WIDTH4_RESULT_WIDTH16_DW01_add_1)
                                                          0.00       4.80 r
  ALU/mult_26/FS_1/U3/Y (NAND2X2M)                        0.07       4.87 f
  ALU/mult_26/FS_1/U31/Y (OA21X1M)                        0.37       5.24 f
  ALU/mult_26/FS_1/U28/Y (AOI2BB1X1M)                     0.26       5.51 f
  ALU/mult_26/FS_1/U26/Y (OA21X1M)                        0.40       5.90 f
  ALU/mult_26/FS_1/U22/Y (XNOR2X1M)                       0.10       6.01 r
  ALU/mult_26/FS_1/SUM[11] (ALU_16_bit_OPERAND_WIDTH8_OPCODE_WIDTH4_RESULT_WIDTH16_DW01_add_1)
                                                          0.00       6.01 r
  ALU/mult_26/PRODUCT[13] (ALU_16_bit_OPERAND_WIDTH8_OPCODE_WIDTH4_RESULT_WIDTH16_DW02_mult_0)
                                                          0.00       6.01 r
  ALU/U11/Y (OAI2BB1X2M)                                  0.15       6.16 r
  ALU/ALU_OUT_reg[13]/D (DFFRQX2M)                        0.00       6.16 r
  data arrival time                                                  6.16

  clock Gated_Clock (rise edge)                          20.00      20.00
  clock network delay (ideal)                             0.00      20.00
  clock uncertainty                                      -0.20      19.80
  ALU/ALU_OUT_reg[13]/CK (DFFRQX2M)                       0.00      19.80 r
  library setup time                                     -0.28      19.52
  data required time                                                19.52
  --------------------------------------------------------------------------
  data required time                                                19.52
  data arrival time                                                 -6.16
  --------------------------------------------------------------------------
  slack (MET)                                                       13.36


  Startpoint: REG_FILE/Reg_File_reg[0][1]
              (rising edge-triggered flip-flop clocked by REF_DOMAIN)
  Endpoint: ALU/ALU_OUT_reg[12]
            (rising edge-triggered flip-flop clocked by Gated_Clock)
  Path Group: Gated_Clock
  Path Type: max

  Point                                                   Incr       Path
  --------------------------------------------------------------------------
  clock REF_DOMAIN (rise edge)                            0.00       0.00
  clock network delay (ideal)                             0.00       0.00
  REG_FILE/Reg_File_reg[0][1]/CK (DFFRQX2M)               0.00       0.00 r
  REG_FILE/Reg_File_reg[0][1]/Q (DFFRQX2M)                0.41       0.41 r
  REG_FILE/REG0[1] (RAM)                                  0.00       0.41 r
  ALU/A[1] (ALU_16_bit_OPERAND_WIDTH8_OPCODE_WIDTH4_RESULT_WIDTH16)
                                                          0.00       0.41 r
  ALU/U123/Y (BUFX2M)                                     0.28       0.69 r
  ALU/mult_26/A[1] (ALU_16_bit_OPERAND_WIDTH8_OPCODE_WIDTH4_RESULT_WIDTH16_DW02_mult_0)
                                                          0.00       0.69 r
  ALU/mult_26/U36/Y (INVX2M)                              0.15       0.84 f
  ALU/mult_26/U107/Y (NOR2X1M)                            0.18       1.01 r
  ALU/mult_26/U4/Y (AND2X2M)                              0.16       1.17 r
  ALU/mult_26/S2_2_2/CO (ADDFX2M)                         0.54       1.71 r
  ALU/mult_26/S2_3_2/CO (ADDFX2M)                         0.55       2.26 r
  ALU/mult_26/S2_4_2/CO (ADDFX2M)                         0.55       2.81 r
  ALU/mult_26/S2_5_2/CO (ADDFX2M)                         0.55       3.36 r
  ALU/mult_26/S2_6_2/CO (ADDFX2M)                         0.55       3.92 r
  ALU/mult_26/S4_2/S (ADDFX2M)                            0.58       4.49 f
  ALU/mult_26/U10/Y (CLKXOR2X2M)                          0.31       4.80 r
  ALU/mult_26/FS_1/A[7] (ALU_16_bit_OPERAND_WIDTH8_OPCODE_WIDTH4_RESULT_WIDTH16_DW01_add_1)
                                                          0.00       4.80 r
  ALU/mult_26/FS_1/U3/Y (NAND2X2M)                        0.07       4.87 f
  ALU/mult_26/FS_1/U31/Y (OA21X1M)                        0.37       5.24 f
  ALU/mult_26/FS_1/U28/Y (AOI2BB1X1M)                     0.26       5.51 f
  ALU/mult_26/FS_1/U27/Y (CLKXOR2X2M)                     0.26       5.77 r
  ALU/mult_26/FS_1/SUM[10] (ALU_16_bit_OPERAND_WIDTH8_OPCODE_WIDTH4_RESULT_WIDTH16_DW01_add_1)
                                                          0.00       5.77 r
  ALU/mult_26/PRODUCT[12] (ALU_16_bit_OPERAND_WIDTH8_OPCODE_WIDTH4_RESULT_WIDTH16_DW02_mult_0)
                                                          0.00       5.77 r
  ALU/U10/Y (OAI2BB1X2M)                                  0.12       5.89 r
  ALU/ALU_OUT_reg[12]/D (DFFRQX2M)                        0.00       5.89 r
  data arrival time                                                  5.89

  clock Gated_Clock (rise edge)                          20.00      20.00
  clock network delay (ideal)                             0.00      20.00
  clock uncertainty                                      -0.20      19.80
  ALU/ALU_OUT_reg[12]/CK (DFFRQX2M)                       0.00      19.80 r
  library setup time                                     -0.28      19.52
  data required time                                                19.52
  --------------------------------------------------------------------------
  data required time                                                19.52
  data arrival time                                                 -5.89
  --------------------------------------------------------------------------
  slack (MET)                                                       13.63


  Startpoint: REG_FILE/Reg_File_reg[1][7]
              (rising edge-triggered flip-flop clocked by REF_DOMAIN)
  Endpoint: ALU/ALU_OUT_reg[4]
            (rising edge-triggered flip-flop clocked by Gated_Clock)
  Path Group: Gated_Clock
  Path Type: max

  Point                                                   Incr       Path
  --------------------------------------------------------------------------
  clock REF_DOMAIN (rise edge)                            0.00       0.00
  clock network delay (ideal)                             0.00       0.00
  REG_FILE/Reg_File_reg[1][7]/CK (DFFRQX2M)               0.00       0.00 r
  REG_FILE/Reg_File_reg[1][7]/Q (DFFRQX2M)                0.58       0.58 f
  REG_FILE/REG1[7] (RAM)                                  0.00       0.58 f
  ALU/B[7] (ALU_16_bit_OPERAND_WIDTH8_OPCODE_WIDTH4_RESULT_WIDTH16)
                                                          0.00       0.58 f
  ALU/div_29/b[7] (ALU_16_bit_OPERAND_WIDTH8_OPCODE_WIDTH4_RESULT_WIDTH16_DW_div_uns_0)
                                                          0.00       0.58 f
  ALU/div_29/U71/Y (NOR2X1M)                              0.18       0.76 r
  ALU/div_29/U68/Y (AND3X1M)                              0.20       0.96 r
  ALU/div_29/U66/Y (AND2X1M)                              0.16       1.12 r
  ALU/div_29/U63/Y (AND4X1M)                              0.25       1.38 r
  ALU/div_29/U41/Y (CLKMX2X2M)                            0.24       1.62 f
  ALU/div_29/u_div/u_fa_PartRem_0_6_1/CO (ADDFX2M)        0.44       2.06 f
  ALU/div_29/U64/Y (AND3X1M)                              0.32       2.37 f
  ALU/div_29/U47/Y (CLKMX2X2M)                            0.24       2.61 r
  ALU/div_29/u_div/u_fa_PartRem_0_5_1/CO (ADDFX2M)        0.49       3.10 r
  ALU/div_29/u_div/u_fa_PartRem_0_5_2/CO (ADDFX2M)        0.24       3.34 r
  ALU/div_29/U65/Y (AND2X1M)                              0.24       3.58 r
  ALU/div_29/U52/Y (CLKMX2X2M)                            0.27       3.85 f
  ALU/div_29/u_div/u_fa_PartRem_0_4_1/CO (ADDFX2M)        0.46       4.30 f
  ALU/div_29/u_div/u_fa_PartRem_0_4_2/CO (ADDFX2M)        0.33       4.63 f
  ALU/div_29/u_div/u_fa_PartRem_0_4_3/CO (ADDFX2M)        0.31       4.94 f
  ALU/div_29/U67/Y (AND2X1M)                              0.28       5.22 f
  ALU/div_29/quotient[4] (ALU_16_bit_OPERAND_WIDTH8_OPCODE_WIDTH4_RESULT_WIDTH16_DW_div_uns_0)
                                                          0.00       5.22 f
  ALU/U73/Y (AOI22X1M)                                    0.18       5.40 r
  ALU/U71/Y (OAI21X2M)                                    0.09       5.49 f
  ALU/U78/Y (AOI221XLM)                                   0.32       5.81 r
  ALU/U75/Y (AOI31X2M)                                    0.14       5.95 f
  ALU/ALU_OUT_reg[4]/D (DFFRQX2M)                         0.00       5.95 f
  data arrival time                                                  5.95

  clock Gated_Clock (rise edge)                          20.00      20.00
  clock network delay (ideal)                             0.00      20.00
  clock uncertainty                                      -0.20      19.80
  ALU/ALU_OUT_reg[4]/CK (DFFRQX2M)                        0.00      19.80 r
  library setup time                                     -0.15      19.65
  data required time                                                19.65
  --------------------------------------------------------------------------
  data required time                                                19.65
  data arrival time                                                 -5.95
  --------------------------------------------------------------------------
  slack (MET)                                                       13.70


  Startpoint: REG_FILE/Reg_File_reg[0][1]
              (rising edge-triggered flip-flop clocked by REF_DOMAIN)
  Endpoint: ALU/ALU_OUT_reg[11]
            (rising edge-triggered flip-flop clocked by Gated_Clock)
  Path Group: Gated_Clock
  Path Type: max

  Point                                                   Incr       Path
  --------------------------------------------------------------------------
  clock REF_DOMAIN (rise edge)                            0.00       0.00
  clock network delay (ideal)                             0.00       0.00
  REG_FILE/Reg_File_reg[0][1]/CK (DFFRQX2M)               0.00       0.00 r
  REG_FILE/Reg_File_reg[0][1]/Q (DFFRQX2M)                0.41       0.41 r
  REG_FILE/REG0[1] (RAM)                                  0.00       0.41 r
  ALU/A[1] (ALU_16_bit_OPERAND_WIDTH8_OPCODE_WIDTH4_RESULT_WIDTH16)
                                                          0.00       0.41 r
  ALU/U123/Y (BUFX2M)                                     0.28       0.69 r
  ALU/mult_26/A[1] (ALU_16_bit_OPERAND_WIDTH8_OPCODE_WIDTH4_RESULT_WIDTH16_DW02_mult_0)
                                                          0.00       0.69 r
  ALU/mult_26/U36/Y (INVX2M)                              0.15       0.84 f
  ALU/mult_26/U107/Y (NOR2X1M)                            0.18       1.01 r
  ALU/mult_26/U4/Y (AND2X2M)                              0.16       1.17 r
  ALU/mult_26/S2_2_2/CO (ADDFX2M)                         0.54       1.71 r
  ALU/mult_26/S2_3_2/CO (ADDFX2M)                         0.55       2.26 r
  ALU/mult_26/S2_4_2/CO (ADDFX2M)                         0.55       2.81 r
  ALU/mult_26/S2_5_2/CO (ADDFX2M)                         0.55       3.36 r
  ALU/mult_26/S2_6_2/CO (ADDFX2M)                         0.55       3.92 r
  ALU/mult_26/S4_2/S (ADDFX2M)                            0.58       4.49 f
  ALU/mult_26/U10/Y (CLKXOR2X2M)                          0.31       4.80 r
  ALU/mult_26/FS_1/A[7] (ALU_16_bit_OPERAND_WIDTH8_OPCODE_WIDTH4_RESULT_WIDTH16_DW01_add_1)
                                                          0.00       4.80 r
  ALU/mult_26/FS_1/U3/Y (NAND2X2M)                        0.07       4.87 f
  ALU/mult_26/FS_1/U31/Y (OA21X1M)                        0.37       5.24 f
  ALU/mult_26/FS_1/U15/Y (XNOR2X1M)                       0.10       5.35 r
  ALU/mult_26/FS_1/SUM[9] (ALU_16_bit_OPERAND_WIDTH8_OPCODE_WIDTH4_RESULT_WIDTH16_DW01_add_1)
                                                          0.00       5.35 r
  ALU/mult_26/PRODUCT[11] (ALU_16_bit_OPERAND_WIDTH8_OPCODE_WIDTH4_RESULT_WIDTH16_DW02_mult_0)
                                                          0.00       5.35 r
  ALU/U14/Y (OAI2BB1X2M)                                  0.15       5.50 r
  ALU/ALU_OUT_reg[11]/D (DFFRQX2M)                        0.00       5.50 r
  data arrival time                                                  5.50

  clock Gated_Clock (rise edge)                          20.00      20.00
  clock network delay (ideal)                             0.00      20.00
  clock uncertainty                                      -0.20      19.80
  ALU/ALU_OUT_reg[11]/CK (DFFRQX2M)                       0.00      19.80 r
  library setup time                                     -0.28      19.52
  data required time                                                19.52
  --------------------------------------------------------------------------
  data required time                                                19.52
  data arrival time                                                 -5.50
  --------------------------------------------------------------------------
  slack (MET)                                                       14.02


  Startpoint: REG_FILE/Reg_File_reg[0][1]
              (rising edge-triggered flip-flop clocked by REF_DOMAIN)
  Endpoint: ALU/ALU_OUT_reg[10]
            (rising edge-triggered flip-flop clocked by Gated_Clock)
  Path Group: Gated_Clock
  Path Type: max

  Point                                                   Incr       Path
  --------------------------------------------------------------------------
  clock REF_DOMAIN (rise edge)                            0.00       0.00
  clock network delay (ideal)                             0.00       0.00
  REG_FILE/Reg_File_reg[0][1]/CK (DFFRQX2M)               0.00       0.00 r
  REG_FILE/Reg_File_reg[0][1]/Q (DFFRQX2M)                0.41       0.41 r
  REG_FILE/REG0[1] (RAM)                                  0.00       0.41 r
  ALU/A[1] (ALU_16_bit_OPERAND_WIDTH8_OPCODE_WIDTH4_RESULT_WIDTH16)
                                                          0.00       0.41 r
  ALU/U123/Y (BUFX2M)                                     0.28       0.69 r
  ALU/mult_26/A[1] (ALU_16_bit_OPERAND_WIDTH8_OPCODE_WIDTH4_RESULT_WIDTH16_DW02_mult_0)
                                                          0.00       0.69 r
  ALU/mult_26/U36/Y (INVX2M)                              0.15       0.84 f
  ALU/mult_26/U106/Y (NOR2X1M)                            0.18       1.01 r
  ALU/mult_26/U2/Y (AND2X2M)                              0.16       1.17 r
  ALU/mult_26/S2_2_3/CO (ADDFX2M)                         0.54       1.71 r
  ALU/mult_26/S2_3_3/CO (ADDFX2M)                         0.55       2.26 r
  ALU/mult_26/S2_4_3/CO (ADDFX2M)                         0.55       2.81 r
  ALU/mult_26/S2_5_3/CO (ADDFX2M)                         0.55       3.36 r
  ALU/mult_26/S2_6_3/CO (ADDFX2M)                         0.55       3.92 r
  ALU/mult_26/S4_3/S (ADDFX2M)                            0.58       4.49 f
  ALU/mult_26/U11/Y (CLKXOR2X2M)                          0.30       4.79 r
  ALU/mult_26/FS_1/A[8] (ALU_16_bit_OPERAND_WIDTH8_OPCODE_WIDTH4_RESULT_WIDTH16_DW01_add_1)
                                                          0.00       4.79 r
  ALU/mult_26/FS_1/U33/Y (NOR2X1M)                        0.06       4.86 f
  ALU/mult_26/FS_1/U18/Y (NAND2BX1M)                      0.20       5.06 f
  ALU/mult_26/FS_1/U17/Y (CLKXOR2X2M)                     0.19       5.25 r
  ALU/mult_26/FS_1/SUM[8] (ALU_16_bit_OPERAND_WIDTH8_OPCODE_WIDTH4_RESULT_WIDTH16_DW01_add_1)
                                                          0.00       5.25 r
  ALU/mult_26/PRODUCT[10] (ALU_16_bit_OPERAND_WIDTH8_OPCODE_WIDTH4_RESULT_WIDTH16_DW02_mult_0)
                                                          0.00       5.25 r
  ALU/U13/Y (OAI2BB1X2M)                                  0.12       5.37 r
  ALU/ALU_OUT_reg[10]/D (DFFRQX2M)                        0.00       5.37 r
  data arrival time                                                  5.37

  clock Gated_Clock (rise edge)                          20.00      20.00
  clock network delay (ideal)                             0.00      20.00
  clock uncertainty                                      -0.20      19.80
  ALU/ALU_OUT_reg[10]/CK (DFFRQX2M)                       0.00      19.80 r
  library setup time                                     -0.28      19.52
  data required time                                                19.52
  --------------------------------------------------------------------------
  data required time                                                19.52
  data arrival time                                                 -5.37
  --------------------------------------------------------------------------
  slack (MET)                                                       14.14


  Startpoint: REG_FILE/Reg_File_reg[0][1]
              (rising edge-triggered flip-flop clocked by REF_DOMAIN)
  Endpoint: ALU/ALU_OUT_reg[7]
            (rising edge-triggered flip-flop clocked by Gated_Clock)
  Path Group: Gated_Clock
  Path Type: max

  Point                                                   Incr       Path
  --------------------------------------------------------------------------
  clock REF_DOMAIN (rise edge)                            0.00       0.00
  clock network delay (ideal)                             0.00       0.00
  REG_FILE/Reg_File_reg[0][1]/CK (DFFRQX2M)               0.00       0.00 r
  REG_FILE/Reg_File_reg[0][1]/Q (DFFRQX2M)                0.41       0.41 r
  REG_FILE/REG0[1] (RAM)                                  0.00       0.41 r
  ALU/A[1] (ALU_16_bit_OPERAND_WIDTH8_OPCODE_WIDTH4_RESULT_WIDTH16)
                                                          0.00       0.41 r
  ALU/U123/Y (BUFX2M)                                     0.28       0.69 r
  ALU/mult_26/A[1] (ALU_16_bit_OPERAND_WIDTH8_OPCODE_WIDTH4_RESULT_WIDTH16_DW02_mult_0)
                                                          0.00       0.69 r
  ALU/mult_26/U36/Y (INVX2M)                              0.15       0.84 f
  ALU/mult_26/U109/Y (NOR2X1M)                            0.19       1.03 r
  ALU/mult_26/U5/Y (AND2X2M)                              0.16       1.19 r
  ALU/mult_26/S1_2_0/CO (ADDFX2M)                         0.54       1.73 r
  ALU/mult_26/S1_3_0/CO (ADDFX2M)                         0.55       2.28 r
  ALU/mult_26/S1_4_0/CO (ADDFX2M)                         0.55       2.83 r
  ALU/mult_26/S1_5_0/CO (ADDFX2M)                         0.55       3.38 r
  ALU/mult_26/S1_6_0/CO (ADDFX2M)                         0.55       3.93 r
  ALU/mult_26/S4_0/S (ADDFX2M)                            0.56       4.49 f
  ALU/mult_26/FS_1/A[5] (ALU_16_bit_OPERAND_WIDTH8_OPCODE_WIDTH4_RESULT_WIDTH16_DW01_add_1)
                                                          0.00       4.49 f
  ALU/mult_26/FS_1/U14/Y (BUFX2M)                         0.15       4.64 f
  ALU/mult_26/FS_1/SUM[5] (ALU_16_bit_OPERAND_WIDTH8_OPCODE_WIDTH4_RESULT_WIDTH16_DW01_add_1)
                                                          0.00       4.64 f
  ALU/mult_26/PRODUCT[7] (ALU_16_bit_OPERAND_WIDTH8_OPCODE_WIDTH4_RESULT_WIDTH16_DW02_mult_0)
                                                          0.00       4.64 f
  ALU/U24/Y (OAI2BB2X1M)                                  0.22       4.86 f
  ALU/U128/Y (AOI221XLM)                                  0.33       5.19 r
  ALU/U125/Y (AOI31X2M)                                   0.14       5.33 f
  ALU/ALU_OUT_reg[7]/D (DFFRQX2M)                         0.00       5.33 f
  data arrival time                                                  5.33

  clock Gated_Clock (rise edge)                          20.00      20.00
  clock network delay (ideal)                             0.00      20.00
  clock uncertainty                                      -0.20      19.80
  ALU/ALU_OUT_reg[7]/CK (DFFRQX2M)                        0.00      19.80 r
  library setup time                                     -0.15      19.65
  data required time                                                19.65
  --------------------------------------------------------------------------
  data required time                                                19.65
  data arrival time                                                 -5.33
  --------------------------------------------------------------------------
  slack (MET)                                                       14.32


  Startpoint: REG_FILE/Reg_File_reg[0][1]
              (rising edge-triggered flip-flop clocked by REF_DOMAIN)
  Endpoint: ALU/ALU_OUT_reg[8]
            (rising edge-triggered flip-flop clocked by Gated_Clock)
  Path Group: Gated_Clock
  Path Type: max

  Point                                                   Incr       Path
  --------------------------------------------------------------------------
  clock REF_DOMAIN (rise edge)                            0.00       0.00
  clock network delay (ideal)                             0.00       0.00
  REG_FILE/Reg_File_reg[0][1]/CK (DFFRQX2M)               0.00       0.00 r
  REG_FILE/Reg_File_reg[0][1]/Q (DFFRQX2M)                0.41       0.41 r
  REG_FILE/REG0[1] (RAM)                                  0.00       0.41 r
  ALU/A[1] (ALU_16_bit_OPERAND_WIDTH8_OPCODE_WIDTH4_RESULT_WIDTH16)
                                                          0.00       0.41 r
  ALU/U123/Y (BUFX2M)                                     0.28       0.69 r
  ALU/mult_26/A[1] (ALU_16_bit_OPERAND_WIDTH8_OPCODE_WIDTH4_RESULT_WIDTH16_DW02_mult_0)
                                                          0.00       0.69 r
  ALU/mult_26/U36/Y (INVX2M)                              0.15       0.84 f
  ALU/mult_26/U108/Y (NOR2X1M)                            0.18       1.01 r
  ALU/mult_26/U3/Y (AND2X2M)                              0.16       1.17 r
  ALU/mult_26/S2_2_1/CO (ADDFX2M)                         0.54       1.71 r
  ALU/mult_26/S2_3_1/CO (ADDFX2M)                         0.55       2.26 r
  ALU/mult_26/S2_4_1/CO (ADDFX2M)                         0.55       2.81 r
  ALU/mult_26/S2_5_1/CO (ADDFX2M)                         0.55       3.36 r
  ALU/mult_26/S2_6_1/CO (ADDFX2M)                         0.55       3.92 r
  ALU/mult_26/S4_1/S (ADDFX2M)                            0.59       4.50 f
  ALU/mult_26/U28/Y (INVX2M)                              0.08       4.58 r
  ALU/mult_26/U27/Y (XNOR2X2M)                            0.17       4.75 r
  ALU/mult_26/FS_1/A[6] (ALU_16_bit_OPERAND_WIDTH8_OPCODE_WIDTH4_RESULT_WIDTH16_DW01_add_1)
                                                          0.00       4.75 r
  ALU/mult_26/FS_1/U7/Y (INVX2M)                          0.06       4.82 f
  ALU/mult_26/FS_1/U8/Y (INVX2M)                          0.05       4.87 r
  ALU/mult_26/FS_1/SUM[6] (ALU_16_bit_OPERAND_WIDTH8_OPCODE_WIDTH4_RESULT_WIDTH16_DW01_add_1)
                                                          0.00       4.87 r
  ALU/mult_26/PRODUCT[8] (ALU_16_bit_OPERAND_WIDTH8_OPCODE_WIDTH4_RESULT_WIDTH16_DW02_mult_0)
                                                          0.00       4.87 r
  ALU/U93/Y (AOI22X1M)                                    0.11       4.97 f
  ALU/U91/Y (AOI31X2M)                                    0.18       5.15 r
  ALU/ALU_OUT_reg[8]/D (DFFRQX2M)                         0.00       5.15 r
  data arrival time                                                  5.15

  clock Gated_Clock (rise edge)                          20.00      20.00
  clock network delay (ideal)                             0.00      20.00
  clock uncertainty                                      -0.20      19.80
  ALU/ALU_OUT_reg[8]/CK (DFFRQX2M)                        0.00      19.80 r
  library setup time                                     -0.29      19.51
  data required time                                                19.51
  --------------------------------------------------------------------------
  data required time                                                19.51
  data arrival time                                                 -5.15
  --------------------------------------------------------------------------
  slack (MET)                                                       14.36


  Startpoint: REG_FILE/Reg_File_reg[0][1]
              (rising edge-triggered flip-flop clocked by REF_DOMAIN)
  Endpoint: ALU/ALU_OUT_reg[9]
            (rising edge-triggered flip-flop clocked by Gated_Clock)
  Path Group: Gated_Clock
  Path Type: max

  Point                                                   Incr       Path
  --------------------------------------------------------------------------
  clock REF_DOMAIN (rise edge)                            0.00       0.00
  clock network delay (ideal)                             0.00       0.00
  REG_FILE/Reg_File_reg[0][1]/CK (DFFRQX2M)               0.00       0.00 r
  REG_FILE/Reg_File_reg[0][1]/Q (DFFRQX2M)                0.41       0.41 r
  REG_FILE/REG0[1] (RAM)                                  0.00       0.41 r
  ALU/A[1] (ALU_16_bit_OPERAND_WIDTH8_OPCODE_WIDTH4_RESULT_WIDTH16)
                                                          0.00       0.41 r
  ALU/U123/Y (BUFX2M)                                     0.28       0.69 r
  ALU/mult_26/A[1] (ALU_16_bit_OPERAND_WIDTH8_OPCODE_WIDTH4_RESULT_WIDTH16_DW02_mult_0)
                                                          0.00       0.69 r
  ALU/mult_26/U36/Y (INVX2M)                              0.15       0.84 f
  ALU/mult_26/U108/Y (NOR2X1M)                            0.18       1.01 r
  ALU/mult_26/U3/Y (AND2X2M)                              0.16       1.17 r
  ALU/mult_26/S2_2_1/CO (ADDFX2M)                         0.54       1.71 r
  ALU/mult_26/S2_3_1/CO (ADDFX2M)                         0.55       2.26 r
  ALU/mult_26/S2_4_1/CO (ADDFX2M)                         0.55       2.81 r
  ALU/mult_26/S2_5_1/CO (ADDFX2M)                         0.55       3.36 r
  ALU/mult_26/S2_6_1/CO (ADDFX2M)                         0.55       3.92 r
  ALU/mult_26/S4_1/S (ADDFX2M)                            0.59       4.50 f
  ALU/mult_26/U18/Y (AND2X2M)                             0.20       4.71 f
  ALU/mult_26/FS_1/B[7] (ALU_16_bit_OPERAND_WIDTH8_OPCODE_WIDTH4_RESULT_WIDTH16_DW01_add_1)
                                                          0.00       4.71 f
  ALU/mult_26/FS_1/U6/Y (INVX2M)                          0.06       4.76 r
  ALU/mult_26/FS_1/U5/Y (XNOR2X2M)                        0.15       4.92 r
  ALU/mult_26/FS_1/SUM[7] (ALU_16_bit_OPERAND_WIDTH8_OPCODE_WIDTH4_RESULT_WIDTH16_DW01_add_1)
                                                          0.00       4.92 r
  ALU/mult_26/PRODUCT[9] (ALU_16_bit_OPERAND_WIDTH8_OPCODE_WIDTH4_RESULT_WIDTH16_DW02_mult_0)
                                                          0.00       4.92 r
  ALU/U12/Y (OAI2BB1X2M)                                  0.15       5.06 r
  ALU/ALU_OUT_reg[9]/D (DFFRQX2M)                         0.00       5.06 r
  data arrival time                                                  5.06

  clock Gated_Clock (rise edge)                          20.00      20.00
  clock network delay (ideal)                             0.00      20.00
  clock uncertainty                                      -0.20      19.80
  ALU/ALU_OUT_reg[9]/CK (DFFRQX2M)                        0.00      19.80 r
  library setup time                                     -0.28      19.52
  data required time                                                19.52
  --------------------------------------------------------------------------
  data required time                                                19.52
  data arrival time                                                 -5.06
  --------------------------------------------------------------------------
  slack (MET)                                                       14.45


  Startpoint: REG_FILE/Reg_File_reg[0][1]
              (rising edge-triggered flip-flop clocked by REF_DOMAIN)
  Endpoint: ALU/ALU_OUT_reg[6]
            (rising edge-triggered flip-flop clocked by Gated_Clock)
  Path Group: Gated_Clock
  Path Type: max

  Point                                                   Incr       Path
  --------------------------------------------------------------------------
  clock REF_DOMAIN (rise edge)                            0.00       0.00
  clock network delay (ideal)                             0.00       0.00
  REG_FILE/Reg_File_reg[0][1]/CK (DFFRQX2M)               0.00       0.00 r
  REG_FILE/Reg_File_reg[0][1]/Q (DFFRQX2M)                0.41       0.41 r
  REG_FILE/REG0[1] (RAM)                                  0.00       0.41 r
  ALU/A[1] (ALU_16_bit_OPERAND_WIDTH8_OPCODE_WIDTH4_RESULT_WIDTH16)
                                                          0.00       0.41 r
  ALU/U123/Y (BUFX2M)                                     0.28       0.69 r
  ALU/mult_26/A[1] (ALU_16_bit_OPERAND_WIDTH8_OPCODE_WIDTH4_RESULT_WIDTH16_DW02_mult_0)
                                                          0.00       0.69 r
  ALU/mult_26/U36/Y (INVX2M)                              0.15       0.84 f
  ALU/mult_26/U109/Y (NOR2X1M)                            0.19       1.03 r
  ALU/mult_26/U5/Y (AND2X2M)                              0.16       1.19 r
  ALU/mult_26/S1_2_0/CO (ADDFX2M)                         0.54       1.73 r
  ALU/mult_26/S1_3_0/CO (ADDFX2M)                         0.55       2.28 r
  ALU/mult_26/S1_4_0/CO (ADDFX2M)                         0.55       2.83 r
  ALU/mult_26/S1_5_0/CO (ADDFX2M)                         0.55       3.38 r
  ALU/mult_26/S1_6_0/S (ADDFX2M)                          0.56       3.94 f
  ALU/mult_26/FS_1/A[4] (ALU_16_bit_OPERAND_WIDTH8_OPCODE_WIDTH4_RESULT_WIDTH16_DW01_add_1)
                                                          0.00       3.94 f
  ALU/mult_26/FS_1/U13/Y (BUFX2M)                         0.15       4.09 f
  ALU/mult_26/FS_1/SUM[4] (ALU_16_bit_OPERAND_WIDTH8_OPCODE_WIDTH4_RESULT_WIDTH16_DW01_add_1)
                                                          0.00       4.09 f
  ALU/mult_26/PRODUCT[6] (ALU_16_bit_OPERAND_WIDTH8_OPCODE_WIDTH4_RESULT_WIDTH16_DW02_mult_0)
                                                          0.00       4.09 f
  ALU/U86/Y (AOI222X1M)                                   0.25       4.33 r
  ALU/U83/Y (AOI31X2M)                                    0.14       4.47 f
  ALU/ALU_OUT_reg[6]/D (DFFRQX2M)                         0.00       4.47 f
  data arrival time                                                  4.47

  clock Gated_Clock (rise edge)                          20.00      20.00
  clock network delay (ideal)                             0.00      20.00
  clock uncertainty                                      -0.20      19.80
  ALU/ALU_OUT_reg[6]/CK (DFFRQX2M)                        0.00      19.80 r
  library setup time                                     -0.15      19.65
  data required time                                                19.65
  --------------------------------------------------------------------------
  data required time                                                19.65
  data arrival time                                                 -4.47
  --------------------------------------------------------------------------
  slack (MET)                                                       15.18


  Startpoint: REG_FILE/Reg_File_reg[1][7]
              (rising edge-triggered flip-flop clocked by REF_DOMAIN)
  Endpoint: ALU/ALU_OUT_reg[5]
            (rising edge-triggered flip-flop clocked by Gated_Clock)
  Path Group: Gated_Clock
  Path Type: max

  Point                                                   Incr       Path
  --------------------------------------------------------------------------
  clock REF_DOMAIN (rise edge)                            0.00       0.00
  clock network delay (ideal)                             0.00       0.00
  REG_FILE/Reg_File_reg[1][7]/CK (DFFRQX2M)               0.00       0.00 r
  REG_FILE/Reg_File_reg[1][7]/Q (DFFRQX2M)                0.58       0.58 f
  REG_FILE/REG1[7] (RAM)                                  0.00       0.58 f
  ALU/B[7] (ALU_16_bit_OPERAND_WIDTH8_OPCODE_WIDTH4_RESULT_WIDTH16)
                                                          0.00       0.58 f
  ALU/div_29/b[7] (ALU_16_bit_OPERAND_WIDTH8_OPCODE_WIDTH4_RESULT_WIDTH16_DW_div_uns_0)
                                                          0.00       0.58 f
  ALU/div_29/U71/Y (NOR2X1M)                              0.18       0.76 r
  ALU/div_29/U68/Y (AND3X1M)                              0.20       0.96 r
  ALU/div_29/U66/Y (AND2X1M)                              0.16       1.12 r
  ALU/div_29/U63/Y (AND4X1M)                              0.25       1.38 r
  ALU/div_29/U41/Y (CLKMX2X2M)                            0.24       1.62 f
  ALU/div_29/u_div/u_fa_PartRem_0_6_1/CO (ADDFX2M)        0.44       2.06 f
  ALU/div_29/U64/Y (AND3X1M)                              0.32       2.37 f
  ALU/div_29/U47/Y (CLKMX2X2M)                            0.22       2.60 f
  ALU/div_29/u_div/u_fa_PartRem_0_5_1/CO (ADDFX2M)        0.46       3.05 f
  ALU/div_29/u_div/u_fa_PartRem_0_5_2/CO (ADDFX2M)        0.31       3.36 f
  ALU/div_29/U65/Y (AND2X1M)                              0.26       3.62 f
  ALU/div_29/quotient[5] (ALU_16_bit_OPERAND_WIDTH8_OPCODE_WIDTH4_RESULT_WIDTH16_DW_div_uns_0)
                                                          0.00       3.62 f
  ALU/U89/Y (AOI22X1M)                                    0.17       3.79 r
  ALU/U87/Y (OAI21X2M)                                    0.09       3.88 f
  ALU/U82/Y (AOI221XLM)                                   0.32       4.20 r
  ALU/U79/Y (AOI31X2M)                                    0.14       4.34 f
  ALU/ALU_OUT_reg[5]/D (DFFRQX2M)                         0.00       4.34 f
  data arrival time                                                  4.34

  clock Gated_Clock (rise edge)                          20.00      20.00
  clock network delay (ideal)                             0.00      20.00
  clock uncertainty                                      -0.20      19.80
  ALU/ALU_OUT_reg[5]/CK (DFFRQX2M)                        0.00      19.80 r
  library setup time                                     -0.15      19.65
  data required time                                                19.65
  --------------------------------------------------------------------------
  data required time                                                19.65
  data arrival time                                                 -4.34
  --------------------------------------------------------------------------
  slack (MET)                                                       15.31


  Startpoint: CTRL_UNIT/current_reg[0]
              (rising edge-triggered flip-flop clocked by REF_DOMAIN)
  Endpoint: ALU/OUT_VALID_reg
            (rising edge-triggered flip-flop clocked by Gated_Clock)
  Path Group: Gated_Clock
  Path Type: max

  Point                                                   Incr       Path
  --------------------------------------------------------------------------
  clock REF_DOMAIN (rise edge)                            0.00       0.00
  clock network delay (ideal)                             0.00       0.00
  CTRL_UNIT/current_reg[0]/CK (DFFRQX2M)                  0.00       0.00 r
  CTRL_UNIT/current_reg[0]/Q (DFFRQX2M)                   0.47       0.47 f
  CTRL_UNIT/U52/Y (BUFX2M)                                0.22       0.69 f
  CTRL_UNIT/U16/Y (INVX2M)                                0.15       0.84 r
  CTRL_UNIT/U50/Y (NAND3X2M)                              0.21       1.05 f
  CTRL_UNIT/U5/Y (NOR2X2M)                                0.32       1.36 r
  CTRL_UNIT/ALU_FUN[1] (SYS_CTRL)                         0.00       1.36 r
  ALU/ALU_FUN[1] (ALU_16_bit_OPERAND_WIDTH8_OPCODE_WIDTH4_RESULT_WIDTH16)
                                                          0.00       1.36 r
  ALU/U28/Y (INVX2M)                                      0.17       1.53 f
  ALU/U18/Y (NOR3X2M)                                     0.25       1.78 r
  ALU/U37/Y (AOI21X2M)                                    0.10       1.88 f
  ALU/OUT_VALID_reg/D (DFFRQX2M)                          0.00       1.88 f
  data arrival time                                                  1.88

  clock Gated_Clock (rise edge)                          20.00      20.00
  clock network delay (ideal)                             0.00      20.00
  clock uncertainty                                      -0.20      19.80
  ALU/OUT_VALID_reg/CK (DFFRQX2M)                         0.00      19.80 r
  library setup time                                     -0.15      19.65
  data required time                                                19.65
  --------------------------------------------------------------------------
  data required time                                                19.65
  data arrival time                                                 -1.88
  --------------------------------------------------------------------------
  slack (MET)                                                       17.78


  Startpoint: D1/SYNC_RST_reg
              (rising edge-triggered flip-flop clocked by REF_DOMAIN)
  Endpoint: FIFO/Memory/Memory_reg[7][7]
            (rising edge-triggered flip-flop clocked by REF_DOMAIN)
  Path Group: REF_DOMAIN
  Path Type: max

  Point                                                   Incr       Path
  --------------------------------------------------------------------------
  clock REF_DOMAIN (rise edge)                            0.00       0.00
  clock network delay (ideal)                             0.00       0.00
  D1/SYNC_RST_reg/CK (DFFRQX2M)                           0.00       0.00 r
  D1/SYNC_RST_reg/Q (DFFRQX2M)                            0.39       0.39 r
  D1/SYNC_RST (RST_Sync_NUM_STAGES2_0)                    0.00       0.39 r
  U5/Y (INVX2M)                                           0.05       0.44 f
  U4/Y (INVX4M)                                           0.53       0.97 r
  FIFO/W_RST (fifo_top_width8)                            0.00       0.97 r
  FIFO/U2/Y (INVX2M)                                      0.10       1.07 f
  FIFO/U1/Y (INVX2M)                                      0.39       1.46 r
  FIFO/Write_Full/RST (fifo_wptr_full)                    0.00       1.46 r
  FIFO/Write_Full/U3/Y (INVX2M)                           0.09       1.56 f
  FIFO/Write_Full/U13/Y (NOR2X2M)                         0.10       1.66 r
  FIFO/Write_Full/U10/Y (AND4X2M)                         0.26       1.92 r
  FIFO/Write_Full/w_full (fifo_wptr_full)                 0.00       1.92 r
  FIFO/FULL (fifo_top_width8)                             0.00       1.92 r
  CTRL_UNIT/FIFO_FULL (SYS_CTRL)                          0.00       1.92 r
  CTRL_UNIT/U17/Y (INVX2M)                                0.08       2.00 f
  CTRL_UNIT/U51/Y (NAND2X2M)                              0.13       2.13 r
  CTRL_UNIT/U13/Y (NOR2BX2M)                              0.12       2.25 f
  CTRL_UNIT/U8/Y (OR3X2M)                                 0.26       2.51 f
  CTRL_UNIT/FIFO_WRITE_INC (SYS_CTRL)                     0.00       2.51 f
  FIFO/W_INC (fifo_top_width8)                            0.00       2.51 f
  FIFO/Memory/w_inc (fifo_memory_data_width8)             0.00       2.51 f
  FIFO/Memory/U15/Y (NOR2BX2M)                            0.14       2.65 f
  FIFO/Memory/U83/Y (AND2X2M)                             0.20       2.86 f
  FIFO/Memory/U85/Y (NAND3X2M)                            0.09       2.94 r
  FIFO/Memory/U4/Y (BUFX2M)                               0.25       3.19 r
  FIFO/Memory/U82/Y (OAI2BB2X1M)                          0.19       3.38 r
  FIFO/Memory/Memory_reg[7][7]/D (DFFRQX2M)               0.00       3.38 r
  data arrival time                                                  3.38

  clock REF_DOMAIN (rise edge)                           20.00      20.00
  clock network delay (ideal)                             0.00      20.00
  clock uncertainty                                      -0.20      19.80
  FIFO/Memory/Memory_reg[7][7]/CK (DFFRQX2M)              0.00      19.80 r
  library setup time                                     -0.30      19.50
  data required time                                                19.50
  --------------------------------------------------------------------------
  data required time                                                19.50
  data arrival time                                                 -3.38
  --------------------------------------------------------------------------
  slack (MET)                                                       16.13


  Startpoint: D1/SYNC_RST_reg
              (rising edge-triggered flip-flop clocked by REF_DOMAIN)
  Endpoint: FIFO/Memory/Memory_reg[7][6]
            (rising edge-triggered flip-flop clocked by REF_DOMAIN)
  Path Group: REF_DOMAIN
  Path Type: max

  Point                                                   Incr       Path
  --------------------------------------------------------------------------
  clock REF_DOMAIN (rise edge)                            0.00       0.00
  clock network delay (ideal)                             0.00       0.00
  D1/SYNC_RST_reg/CK (DFFRQX2M)                           0.00       0.00 r
  D1/SYNC_RST_reg/Q (DFFRQX2M)                            0.39       0.39 r
  D1/SYNC_RST (RST_Sync_NUM_STAGES2_0)                    0.00       0.39 r
  U5/Y (INVX2M)                                           0.05       0.44 f
  U4/Y (INVX4M)                                           0.53       0.97 r
  FIFO/W_RST (fifo_top_width8)                            0.00       0.97 r
  FIFO/U2/Y (INVX2M)                                      0.10       1.07 f
  FIFO/U1/Y (INVX2M)                                      0.39       1.46 r
  FIFO/Write_Full/RST (fifo_wptr_full)                    0.00       1.46 r
  FIFO/Write_Full/U3/Y (INVX2M)                           0.09       1.56 f
  FIFO/Write_Full/U13/Y (NOR2X2M)                         0.10       1.66 r
  FIFO/Write_Full/U10/Y (AND4X2M)                         0.26       1.92 r
  FIFO/Write_Full/w_full (fifo_wptr_full)                 0.00       1.92 r
  FIFO/FULL (fifo_top_width8)                             0.00       1.92 r
  CTRL_UNIT/FIFO_FULL (SYS_CTRL)                          0.00       1.92 r
  CTRL_UNIT/U17/Y (INVX2M)                                0.08       2.00 f
  CTRL_UNIT/U51/Y (NAND2X2M)                              0.13       2.13 r
  CTRL_UNIT/U13/Y (NOR2BX2M)                              0.12       2.25 f
  CTRL_UNIT/U8/Y (OR3X2M)                                 0.26       2.51 f
  CTRL_UNIT/FIFO_WRITE_INC (SYS_CTRL)                     0.00       2.51 f
  FIFO/W_INC (fifo_top_width8)                            0.00       2.51 f
  FIFO/Memory/w_inc (fifo_memory_data_width8)             0.00       2.51 f
  FIFO/Memory/U15/Y (NOR2BX2M)                            0.14       2.65 f
  FIFO/Memory/U83/Y (AND2X2M)                             0.20       2.86 f
  FIFO/Memory/U85/Y (NAND3X2M)                            0.09       2.94 r
  FIFO/Memory/U4/Y (BUFX2M)                               0.25       3.19 r
  FIFO/Memory/U81/Y (OAI2BB2X1M)                          0.19       3.38 r
  FIFO/Memory/Memory_reg[7][6]/D (DFFRQX2M)               0.00       3.38 r
  data arrival time                                                  3.38

  clock REF_DOMAIN (rise edge)                           20.00      20.00
  clock network delay (ideal)                             0.00      20.00
  clock uncertainty                                      -0.20      19.80
  FIFO/Memory/Memory_reg[7][6]/CK (DFFRQX2M)              0.00      19.80 r
  library setup time                                     -0.30      19.50
  data required time                                                19.50
  --------------------------------------------------------------------------
  data required time                                                19.50
  data arrival time                                                 -3.38
  --------------------------------------------------------------------------
  slack (MET)                                                       16.13


  Startpoint: D1/SYNC_RST_reg
              (rising edge-triggered flip-flop clocked by REF_DOMAIN)
  Endpoint: FIFO/Memory/Memory_reg[7][5]
            (rising edge-triggered flip-flop clocked by REF_DOMAIN)
  Path Group: REF_DOMAIN
  Path Type: max

  Point                                                   Incr       Path
  --------------------------------------------------------------------------
  clock REF_DOMAIN (rise edge)                            0.00       0.00
  clock network delay (ideal)                             0.00       0.00
  D1/SYNC_RST_reg/CK (DFFRQX2M)                           0.00       0.00 r
  D1/SYNC_RST_reg/Q (DFFRQX2M)                            0.39       0.39 r
  D1/SYNC_RST (RST_Sync_NUM_STAGES2_0)                    0.00       0.39 r
  U5/Y (INVX2M)                                           0.05       0.44 f
  U4/Y (INVX4M)                                           0.53       0.97 r
  FIFO/W_RST (fifo_top_width8)                            0.00       0.97 r
  FIFO/U2/Y (INVX2M)                                      0.10       1.07 f
  FIFO/U1/Y (INVX2M)                                      0.39       1.46 r
  FIFO/Write_Full/RST (fifo_wptr_full)                    0.00       1.46 r
  FIFO/Write_Full/U3/Y (INVX2M)                           0.09       1.56 f
  FIFO/Write_Full/U13/Y (NOR2X2M)                         0.10       1.66 r
  FIFO/Write_Full/U10/Y (AND4X2M)                         0.26       1.92 r
  FIFO/Write_Full/w_full (fifo_wptr_full)                 0.00       1.92 r
  FIFO/FULL (fifo_top_width8)                             0.00       1.92 r
  CTRL_UNIT/FIFO_FULL (SYS_CTRL)                          0.00       1.92 r
  CTRL_UNIT/U17/Y (INVX2M)                                0.08       2.00 f
  CTRL_UNIT/U51/Y (NAND2X2M)                              0.13       2.13 r
  CTRL_UNIT/U13/Y (NOR2BX2M)                              0.12       2.25 f
  CTRL_UNIT/U8/Y (OR3X2M)                                 0.26       2.51 f
  CTRL_UNIT/FIFO_WRITE_INC (SYS_CTRL)                     0.00       2.51 f
  FIFO/W_INC (fifo_top_width8)                            0.00       2.51 f
  FIFO/Memory/w_inc (fifo_memory_data_width8)             0.00       2.51 f
  FIFO/Memory/U15/Y (NOR2BX2M)                            0.14       2.65 f
  FIFO/Memory/U83/Y (AND2X2M)                             0.20       2.86 f
  FIFO/Memory/U85/Y (NAND3X2M)                            0.09       2.94 r
  FIFO/Memory/U4/Y (BUFX2M)                               0.25       3.19 r
  FIFO/Memory/U80/Y (OAI2BB2X1M)                          0.19       3.38 r
  FIFO/Memory/Memory_reg[7][5]/D (DFFRQX2M)               0.00       3.38 r
  data arrival time                                                  3.38

  clock REF_DOMAIN (rise edge)                           20.00      20.00
  clock network delay (ideal)                             0.00      20.00
  clock uncertainty                                      -0.20      19.80
  FIFO/Memory/Memory_reg[7][5]/CK (DFFRQX2M)              0.00      19.80 r
  library setup time                                     -0.30      19.50
  data required time                                                19.50
  --------------------------------------------------------------------------
  data required time                                                19.50
  data arrival time                                                 -3.38
  --------------------------------------------------------------------------
  slack (MET)                                                       16.13


  Startpoint: D1/SYNC_RST_reg
              (rising edge-triggered flip-flop clocked by REF_DOMAIN)
  Endpoint: FIFO/Memory/Memory_reg[7][4]
            (rising edge-triggered flip-flop clocked by REF_DOMAIN)
  Path Group: REF_DOMAIN
  Path Type: max

  Point                                                   Incr       Path
  --------------------------------------------------------------------------
  clock REF_DOMAIN (rise edge)                            0.00       0.00
  clock network delay (ideal)                             0.00       0.00
  D1/SYNC_RST_reg/CK (DFFRQX2M)                           0.00       0.00 r
  D1/SYNC_RST_reg/Q (DFFRQX2M)                            0.39       0.39 r
  D1/SYNC_RST (RST_Sync_NUM_STAGES2_0)                    0.00       0.39 r
  U5/Y (INVX2M)                                           0.05       0.44 f
  U4/Y (INVX4M)                                           0.53       0.97 r
  FIFO/W_RST (fifo_top_width8)                            0.00       0.97 r
  FIFO/U2/Y (INVX2M)                                      0.10       1.07 f
  FIFO/U1/Y (INVX2M)                                      0.39       1.46 r
  FIFO/Write_Full/RST (fifo_wptr_full)                    0.00       1.46 r
  FIFO/Write_Full/U3/Y (INVX2M)                           0.09       1.56 f
  FIFO/Write_Full/U13/Y (NOR2X2M)                         0.10       1.66 r
  FIFO/Write_Full/U10/Y (AND4X2M)                         0.26       1.92 r
  FIFO/Write_Full/w_full (fifo_wptr_full)                 0.00       1.92 r
  FIFO/FULL (fifo_top_width8)                             0.00       1.92 r
  CTRL_UNIT/FIFO_FULL (SYS_CTRL)                          0.00       1.92 r
  CTRL_UNIT/U17/Y (INVX2M)                                0.08       2.00 f
  CTRL_UNIT/U51/Y (NAND2X2M)                              0.13       2.13 r
  CTRL_UNIT/U13/Y (NOR2BX2M)                              0.12       2.25 f
  CTRL_UNIT/U8/Y (OR3X2M)                                 0.26       2.51 f
  CTRL_UNIT/FIFO_WRITE_INC (SYS_CTRL)                     0.00       2.51 f
  FIFO/W_INC (fifo_top_width8)                            0.00       2.51 f
  FIFO/Memory/w_inc (fifo_memory_data_width8)             0.00       2.51 f
  FIFO/Memory/U15/Y (NOR2BX2M)                            0.14       2.65 f
  FIFO/Memory/U83/Y (AND2X2M)                             0.20       2.86 f
  FIFO/Memory/U85/Y (NAND3X2M)                            0.09       2.94 r
  FIFO/Memory/U4/Y (BUFX2M)                               0.25       3.19 r
  FIFO/Memory/U79/Y (OAI2BB2X1M)                          0.19       3.38 r
  FIFO/Memory/Memory_reg[7][4]/D (DFFRQX2M)               0.00       3.38 r
  data arrival time                                                  3.38

  clock REF_DOMAIN (rise edge)                           20.00      20.00
  clock network delay (ideal)                             0.00      20.00
  clock uncertainty                                      -0.20      19.80
  FIFO/Memory/Memory_reg[7][4]/CK (DFFRQX2M)              0.00      19.80 r
  library setup time                                     -0.30      19.50
  data required time                                                19.50
  --------------------------------------------------------------------------
  data required time                                                19.50
  data arrival time                                                 -3.38
  --------------------------------------------------------------------------
  slack (MET)                                                       16.13


  Startpoint: D1/SYNC_RST_reg
              (rising edge-triggered flip-flop clocked by REF_DOMAIN)
  Endpoint: FIFO/Memory/Memory_reg[7][3]
            (rising edge-triggered flip-flop clocked by REF_DOMAIN)
  Path Group: REF_DOMAIN
  Path Type: max

  Point                                                   Incr       Path
  --------------------------------------------------------------------------
  clock REF_DOMAIN (rise edge)                            0.00       0.00
  clock network delay (ideal)                             0.00       0.00
  D1/SYNC_RST_reg/CK (DFFRQX2M)                           0.00       0.00 r
  D1/SYNC_RST_reg/Q (DFFRQX2M)                            0.39       0.39 r
  D1/SYNC_RST (RST_Sync_NUM_STAGES2_0)                    0.00       0.39 r
  U5/Y (INVX2M)                                           0.05       0.44 f
  U4/Y (INVX4M)                                           0.53       0.97 r
  FIFO/W_RST (fifo_top_width8)                            0.00       0.97 r
  FIFO/U2/Y (INVX2M)                                      0.10       1.07 f
  FIFO/U1/Y (INVX2M)                                      0.39       1.46 r
  FIFO/Write_Full/RST (fifo_wptr_full)                    0.00       1.46 r
  FIFO/Write_Full/U3/Y (INVX2M)                           0.09       1.56 f
  FIFO/Write_Full/U13/Y (NOR2X2M)                         0.10       1.66 r
  FIFO/Write_Full/U10/Y (AND4X2M)                         0.26       1.92 r
  FIFO/Write_Full/w_full (fifo_wptr_full)                 0.00       1.92 r
  FIFO/FULL (fifo_top_width8)                             0.00       1.92 r
  CTRL_UNIT/FIFO_FULL (SYS_CTRL)                          0.00       1.92 r
  CTRL_UNIT/U17/Y (INVX2M)                                0.08       2.00 f
  CTRL_UNIT/U51/Y (NAND2X2M)                              0.13       2.13 r
  CTRL_UNIT/U13/Y (NOR2BX2M)                              0.12       2.25 f
  CTRL_UNIT/U8/Y (OR3X2M)                                 0.26       2.51 f
  CTRL_UNIT/FIFO_WRITE_INC (SYS_CTRL)                     0.00       2.51 f
  FIFO/W_INC (fifo_top_width8)                            0.00       2.51 f
  FIFO/Memory/w_inc (fifo_memory_data_width8)             0.00       2.51 f
  FIFO/Memory/U15/Y (NOR2BX2M)                            0.14       2.65 f
  FIFO/Memory/U83/Y (AND2X2M)                             0.20       2.86 f
  FIFO/Memory/U85/Y (NAND3X2M)                            0.09       2.94 r
  FIFO/Memory/U4/Y (BUFX2M)                               0.25       3.19 r
  FIFO/Memory/U78/Y (OAI2BB2X1M)                          0.19       3.38 r
  FIFO/Memory/Memory_reg[7][3]/D (DFFRQX2M)               0.00       3.38 r
  data arrival time                                                  3.38

  clock REF_DOMAIN (rise edge)                           20.00      20.00
  clock network delay (ideal)                             0.00      20.00
  clock uncertainty                                      -0.20      19.80
  FIFO/Memory/Memory_reg[7][3]/CK (DFFRQX2M)              0.00      19.80 r
  library setup time                                     -0.30      19.50
  data required time                                                19.50
  --------------------------------------------------------------------------
  data required time                                                19.50
  data arrival time                                                 -3.38
  --------------------------------------------------------------------------
  slack (MET)                                                       16.13


  Startpoint: D1/SYNC_RST_reg
              (rising edge-triggered flip-flop clocked by REF_DOMAIN)
  Endpoint: FIFO/Memory/Memory_reg[7][2]
            (rising edge-triggered flip-flop clocked by REF_DOMAIN)
  Path Group: REF_DOMAIN
  Path Type: max

  Point                                                   Incr       Path
  --------------------------------------------------------------------------
  clock REF_DOMAIN (rise edge)                            0.00       0.00
  clock network delay (ideal)                             0.00       0.00
  D1/SYNC_RST_reg/CK (DFFRQX2M)                           0.00       0.00 r
  D1/SYNC_RST_reg/Q (DFFRQX2M)                            0.39       0.39 r
  D1/SYNC_RST (RST_Sync_NUM_STAGES2_0)                    0.00       0.39 r
  U5/Y (INVX2M)                                           0.05       0.44 f
  U4/Y (INVX4M)                                           0.53       0.97 r
  FIFO/W_RST (fifo_top_width8)                            0.00       0.97 r
  FIFO/U2/Y (INVX2M)                                      0.10       1.07 f
  FIFO/U1/Y (INVX2M)                                      0.39       1.46 r
  FIFO/Write_Full/RST (fifo_wptr_full)                    0.00       1.46 r
  FIFO/Write_Full/U3/Y (INVX2M)                           0.09       1.56 f
  FIFO/Write_Full/U13/Y (NOR2X2M)                         0.10       1.66 r
  FIFO/Write_Full/U10/Y (AND4X2M)                         0.26       1.92 r
  FIFO/Write_Full/w_full (fifo_wptr_full)                 0.00       1.92 r
  FIFO/FULL (fifo_top_width8)                             0.00       1.92 r
  CTRL_UNIT/FIFO_FULL (SYS_CTRL)                          0.00       1.92 r
  CTRL_UNIT/U17/Y (INVX2M)                                0.08       2.00 f
  CTRL_UNIT/U51/Y (NAND2X2M)                              0.13       2.13 r
  CTRL_UNIT/U13/Y (NOR2BX2M)                              0.12       2.25 f
  CTRL_UNIT/U8/Y (OR3X2M)                                 0.26       2.51 f
  CTRL_UNIT/FIFO_WRITE_INC (SYS_CTRL)                     0.00       2.51 f
  FIFO/W_INC (fifo_top_width8)                            0.00       2.51 f
  FIFO/Memory/w_inc (fifo_memory_data_width8)             0.00       2.51 f
  FIFO/Memory/U15/Y (NOR2BX2M)                            0.14       2.65 f
  FIFO/Memory/U83/Y (AND2X2M)                             0.20       2.86 f
  FIFO/Memory/U85/Y (NAND3X2M)                            0.09       2.94 r
  FIFO/Memory/U4/Y (BUFX2M)                               0.25       3.19 r
  FIFO/Memory/U77/Y (OAI2BB2X1M)                          0.19       3.38 r
  FIFO/Memory/Memory_reg[7][2]/D (DFFRQX2M)               0.00       3.38 r
  data arrival time                                                  3.38

  clock REF_DOMAIN (rise edge)                           20.00      20.00
  clock network delay (ideal)                             0.00      20.00
  clock uncertainty                                      -0.20      19.80
  FIFO/Memory/Memory_reg[7][2]/CK (DFFRQX2M)              0.00      19.80 r
  library setup time                                     -0.30      19.50
  data required time                                                19.50
  --------------------------------------------------------------------------
  data required time                                                19.50
  data arrival time                                                 -3.38
  --------------------------------------------------------------------------
  slack (MET)                                                       16.13


  Startpoint: D1/SYNC_RST_reg
              (rising edge-triggered flip-flop clocked by REF_DOMAIN)
  Endpoint: FIFO/Memory/Memory_reg[7][1]
            (rising edge-triggered flip-flop clocked by REF_DOMAIN)
  Path Group: REF_DOMAIN
  Path Type: max

  Point                                                   Incr       Path
  --------------------------------------------------------------------------
  clock REF_DOMAIN (rise edge)                            0.00       0.00
  clock network delay (ideal)                             0.00       0.00
  D1/SYNC_RST_reg/CK (DFFRQX2M)                           0.00       0.00 r
  D1/SYNC_RST_reg/Q (DFFRQX2M)                            0.39       0.39 r
  D1/SYNC_RST (RST_Sync_NUM_STAGES2_0)                    0.00       0.39 r
  U5/Y (INVX2M)                                           0.05       0.44 f
  U4/Y (INVX4M)                                           0.53       0.97 r
  FIFO/W_RST (fifo_top_width8)                            0.00       0.97 r
  FIFO/U2/Y (INVX2M)                                      0.10       1.07 f
  FIFO/U1/Y (INVX2M)                                      0.39       1.46 r
  FIFO/Write_Full/RST (fifo_wptr_full)                    0.00       1.46 r
  FIFO/Write_Full/U3/Y (INVX2M)                           0.09       1.56 f
  FIFO/Write_Full/U13/Y (NOR2X2M)                         0.10       1.66 r
  FIFO/Write_Full/U10/Y (AND4X2M)                         0.26       1.92 r
  FIFO/Write_Full/w_full (fifo_wptr_full)                 0.00       1.92 r
  FIFO/FULL (fifo_top_width8)                             0.00       1.92 r
  CTRL_UNIT/FIFO_FULL (SYS_CTRL)                          0.00       1.92 r
  CTRL_UNIT/U17/Y (INVX2M)                                0.08       2.00 f
  CTRL_UNIT/U51/Y (NAND2X2M)                              0.13       2.13 r
  CTRL_UNIT/U13/Y (NOR2BX2M)                              0.12       2.25 f
  CTRL_UNIT/U8/Y (OR3X2M)                                 0.26       2.51 f
  CTRL_UNIT/FIFO_WRITE_INC (SYS_CTRL)                     0.00       2.51 f
  FIFO/W_INC (fifo_top_width8)                            0.00       2.51 f
  FIFO/Memory/w_inc (fifo_memory_data_width8)             0.00       2.51 f
  FIFO/Memory/U15/Y (NOR2BX2M)                            0.14       2.65 f
  FIFO/Memory/U83/Y (AND2X2M)                             0.20       2.86 f
  FIFO/Memory/U85/Y (NAND3X2M)                            0.09       2.94 r
  FIFO/Memory/U4/Y (BUFX2M)                               0.25       3.19 r
  FIFO/Memory/U76/Y (OAI2BB2X1M)                          0.19       3.38 r
  FIFO/Memory/Memory_reg[7][1]/D (DFFRQX2M)               0.00       3.38 r
  data arrival time                                                  3.38

  clock REF_DOMAIN (rise edge)                           20.00      20.00
  clock network delay (ideal)                             0.00      20.00
  clock uncertainty                                      -0.20      19.80
  FIFO/Memory/Memory_reg[7][1]/CK (DFFRQX2M)              0.00      19.80 r
  library setup time                                     -0.30      19.50
  data required time                                                19.50
  --------------------------------------------------------------------------
  data required time                                                19.50
  data arrival time                                                 -3.38
  --------------------------------------------------------------------------
  slack (MET)                                                       16.13


  Startpoint: D1/SYNC_RST_reg
              (rising edge-triggered flip-flop clocked by REF_DOMAIN)
  Endpoint: FIFO/Memory/Memory_reg[7][0]
            (rising edge-triggered flip-flop clocked by REF_DOMAIN)
  Path Group: REF_DOMAIN
  Path Type: max

  Point                                                   Incr       Path
  --------------------------------------------------------------------------
  clock REF_DOMAIN (rise edge)                            0.00       0.00
  clock network delay (ideal)                             0.00       0.00
  D1/SYNC_RST_reg/CK (DFFRQX2M)                           0.00       0.00 r
  D1/SYNC_RST_reg/Q (DFFRQX2M)                            0.39       0.39 r
  D1/SYNC_RST (RST_Sync_NUM_STAGES2_0)                    0.00       0.39 r
  U5/Y (INVX2M)                                           0.05       0.44 f
  U4/Y (INVX4M)                                           0.53       0.97 r
  FIFO/W_RST (fifo_top_width8)                            0.00       0.97 r
  FIFO/U2/Y (INVX2M)                                      0.10       1.07 f
  FIFO/U1/Y (INVX2M)                                      0.39       1.46 r
  FIFO/Write_Full/RST (fifo_wptr_full)                    0.00       1.46 r
  FIFO/Write_Full/U3/Y (INVX2M)                           0.09       1.56 f
  FIFO/Write_Full/U13/Y (NOR2X2M)                         0.10       1.66 r
  FIFO/Write_Full/U10/Y (AND4X2M)                         0.26       1.92 r
  FIFO/Write_Full/w_full (fifo_wptr_full)                 0.00       1.92 r
  FIFO/FULL (fifo_top_width8)                             0.00       1.92 r
  CTRL_UNIT/FIFO_FULL (SYS_CTRL)                          0.00       1.92 r
  CTRL_UNIT/U17/Y (INVX2M)                                0.08       2.00 f
  CTRL_UNIT/U51/Y (NAND2X2M)                              0.13       2.13 r
  CTRL_UNIT/U13/Y (NOR2BX2M)                              0.12       2.25 f
  CTRL_UNIT/U8/Y (OR3X2M)                                 0.26       2.51 f
  CTRL_UNIT/FIFO_WRITE_INC (SYS_CTRL)                     0.00       2.51 f
  FIFO/W_INC (fifo_top_width8)                            0.00       2.51 f
  FIFO/Memory/w_inc (fifo_memory_data_width8)             0.00       2.51 f
  FIFO/Memory/U15/Y (NOR2BX2M)                            0.14       2.65 f
  FIFO/Memory/U83/Y (AND2X2M)                             0.20       2.86 f
  FIFO/Memory/U85/Y (NAND3X2M)                            0.09       2.94 r
  FIFO/Memory/U4/Y (BUFX2M)                               0.25       3.19 r
  FIFO/Memory/U75/Y (OAI2BB2X1M)                          0.19       3.38 r
  FIFO/Memory/Memory_reg[7][0]/D (DFFRQX2M)               0.00       3.38 r
  data arrival time                                                  3.38

  clock REF_DOMAIN (rise edge)                           20.00      20.00
  clock network delay (ideal)                             0.00      20.00
  clock uncertainty                                      -0.20      19.80
  FIFO/Memory/Memory_reg[7][0]/CK (DFFRQX2M)              0.00      19.80 r
  library setup time                                     -0.30      19.50
  data required time                                                19.50
  --------------------------------------------------------------------------
  data required time                                                19.50
  data arrival time                                                 -3.38
  --------------------------------------------------------------------------
  slack (MET)                                                       16.13


  Startpoint: D1/SYNC_RST_reg
              (rising edge-triggered flip-flop clocked by REF_DOMAIN)
  Endpoint: FIFO/Memory/Memory_reg[5][7]
            (rising edge-triggered flip-flop clocked by REF_DOMAIN)
  Path Group: REF_DOMAIN
  Path Type: max

  Point                                                   Incr       Path
  --------------------------------------------------------------------------
  clock REF_DOMAIN (rise edge)                            0.00       0.00
  clock network delay (ideal)                             0.00       0.00
  D1/SYNC_RST_reg/CK (DFFRQX2M)                           0.00       0.00 r
  D1/SYNC_RST_reg/Q (DFFRQX2M)                            0.39       0.39 r
  D1/SYNC_RST (RST_Sync_NUM_STAGES2_0)                    0.00       0.39 r
  U5/Y (INVX2M)                                           0.05       0.44 f
  U4/Y (INVX4M)                                           0.53       0.97 r
  FIFO/W_RST (fifo_top_width8)                            0.00       0.97 r
  FIFO/U2/Y (INVX2M)                                      0.10       1.07 f
  FIFO/U1/Y (INVX2M)                                      0.39       1.46 r
  FIFO/Write_Full/RST (fifo_wptr_full)                    0.00       1.46 r
  FIFO/Write_Full/U3/Y (INVX2M)                           0.09       1.56 f
  FIFO/Write_Full/U13/Y (NOR2X2M)                         0.10       1.66 r
  FIFO/Write_Full/U10/Y (AND4X2M)                         0.26       1.92 r
  FIFO/Write_Full/w_full (fifo_wptr_full)                 0.00       1.92 r
  FIFO/FULL (fifo_top_width8)                             0.00       1.92 r
  CTRL_UNIT/FIFO_FULL (SYS_CTRL)                          0.00       1.92 r
  CTRL_UNIT/U17/Y (INVX2M)                                0.08       2.00 f
  CTRL_UNIT/U51/Y (NAND2X2M)                              0.13       2.13 r
  CTRL_UNIT/U13/Y (NOR2BX2M)                              0.12       2.25 f
  CTRL_UNIT/U8/Y (OR3X2M)                                 0.26       2.51 f
  CTRL_UNIT/FIFO_WRITE_INC (SYS_CTRL)                     0.00       2.51 f
  FIFO/W_INC (fifo_top_width8)                            0.00       2.51 f
  FIFO/Memory/w_inc (fifo_memory_data_width8)             0.00       2.51 f
  FIFO/Memory/U15/Y (NOR2BX2M)                            0.14       2.65 f
  FIFO/Memory/U83/Y (AND2X2M)                             0.20       2.86 f
  FIFO/Memory/U86/Y (NAND3X2M)                            0.09       2.94 r
  FIFO/Memory/U2/Y (BUFX2M)                               0.25       3.19 r
  FIFO/Memory/U66/Y (OAI2BB2X1M)                          0.19       3.38 r
  FIFO/Memory/Memory_reg[5][7]/D (DFFRQX2M)               0.00       3.38 r
  data arrival time                                                  3.38

  clock REF_DOMAIN (rise edge)                           20.00      20.00
  clock network delay (ideal)                             0.00      20.00
  clock uncertainty                                      -0.20      19.80
  FIFO/Memory/Memory_reg[5][7]/CK (DFFRQX2M)              0.00      19.80 r
  library setup time                                     -0.30      19.50
  data required time                                                19.50
  --------------------------------------------------------------------------
  data required time                                                19.50
  data arrival time                                                 -3.38
  --------------------------------------------------------------------------
  slack (MET)                                                       16.13


  Startpoint: D1/SYNC_RST_reg
              (rising edge-triggered flip-flop clocked by REF_DOMAIN)
  Endpoint: FIFO/Memory/Memory_reg[5][6]
            (rising edge-triggered flip-flop clocked by REF_DOMAIN)
  Path Group: REF_DOMAIN
  Path Type: max

  Point                                                   Incr       Path
  --------------------------------------------------------------------------
  clock REF_DOMAIN (rise edge)                            0.00       0.00
  clock network delay (ideal)                             0.00       0.00
  D1/SYNC_RST_reg/CK (DFFRQX2M)                           0.00       0.00 r
  D1/SYNC_RST_reg/Q (DFFRQX2M)                            0.39       0.39 r
  D1/SYNC_RST (RST_Sync_NUM_STAGES2_0)                    0.00       0.39 r
  U5/Y (INVX2M)                                           0.05       0.44 f
  U4/Y (INVX4M)                                           0.53       0.97 r
  FIFO/W_RST (fifo_top_width8)                            0.00       0.97 r
  FIFO/U2/Y (INVX2M)                                      0.10       1.07 f
  FIFO/U1/Y (INVX2M)                                      0.39       1.46 r
  FIFO/Write_Full/RST (fifo_wptr_full)                    0.00       1.46 r
  FIFO/Write_Full/U3/Y (INVX2M)                           0.09       1.56 f
  FIFO/Write_Full/U13/Y (NOR2X2M)                         0.10       1.66 r
  FIFO/Write_Full/U10/Y (AND4X2M)                         0.26       1.92 r
  FIFO/Write_Full/w_full (fifo_wptr_full)                 0.00       1.92 r
  FIFO/FULL (fifo_top_width8)                             0.00       1.92 r
  CTRL_UNIT/FIFO_FULL (SYS_CTRL)                          0.00       1.92 r
  CTRL_UNIT/U17/Y (INVX2M)                                0.08       2.00 f
  CTRL_UNIT/U51/Y (NAND2X2M)                              0.13       2.13 r
  CTRL_UNIT/U13/Y (NOR2BX2M)                              0.12       2.25 f
  CTRL_UNIT/U8/Y (OR3X2M)                                 0.26       2.51 f
  CTRL_UNIT/FIFO_WRITE_INC (SYS_CTRL)                     0.00       2.51 f
  FIFO/W_INC (fifo_top_width8)                            0.00       2.51 f
  FIFO/Memory/w_inc (fifo_memory_data_width8)             0.00       2.51 f
  FIFO/Memory/U15/Y (NOR2BX2M)                            0.14       2.65 f
  FIFO/Memory/U83/Y (AND2X2M)                             0.20       2.86 f
  FIFO/Memory/U86/Y (NAND3X2M)                            0.09       2.94 r
  FIFO/Memory/U2/Y (BUFX2M)                               0.25       3.19 r
  FIFO/Memory/U65/Y (OAI2BB2X1M)                          0.19       3.38 r
  FIFO/Memory/Memory_reg[5][6]/D (DFFRQX2M)               0.00       3.38 r
  data arrival time                                                  3.38

  clock REF_DOMAIN (rise edge)                           20.00      20.00
  clock network delay (ideal)                             0.00      20.00
  clock uncertainty                                      -0.20      19.80
  FIFO/Memory/Memory_reg[5][6]/CK (DFFRQX2M)              0.00      19.80 r
  library setup time                                     -0.30      19.50
  data required time                                                19.50
  --------------------------------------------------------------------------
  data required time                                                19.50
  data arrival time                                                 -3.38
  --------------------------------------------------------------------------
  slack (MET)                                                       16.13


  Startpoint: D1/SYNC_RST_reg
              (rising edge-triggered flip-flop clocked by REF_DOMAIN)
  Endpoint: FIFO/Memory/Memory_reg[5][5]
            (rising edge-triggered flip-flop clocked by REF_DOMAIN)
  Path Group: REF_DOMAIN
  Path Type: max

  Point                                                   Incr       Path
  --------------------------------------------------------------------------
  clock REF_DOMAIN (rise edge)                            0.00       0.00
  clock network delay (ideal)                             0.00       0.00
  D1/SYNC_RST_reg/CK (DFFRQX2M)                           0.00       0.00 r
  D1/SYNC_RST_reg/Q (DFFRQX2M)                            0.39       0.39 r
  D1/SYNC_RST (RST_Sync_NUM_STAGES2_0)                    0.00       0.39 r
  U5/Y (INVX2M)                                           0.05       0.44 f
  U4/Y (INVX4M)                                           0.53       0.97 r
  FIFO/W_RST (fifo_top_width8)                            0.00       0.97 r
  FIFO/U2/Y (INVX2M)                                      0.10       1.07 f
  FIFO/U1/Y (INVX2M)                                      0.39       1.46 r
  FIFO/Write_Full/RST (fifo_wptr_full)                    0.00       1.46 r
  FIFO/Write_Full/U3/Y (INVX2M)                           0.09       1.56 f
  FIFO/Write_Full/U13/Y (NOR2X2M)                         0.10       1.66 r
  FIFO/Write_Full/U10/Y (AND4X2M)                         0.26       1.92 r
  FIFO/Write_Full/w_full (fifo_wptr_full)                 0.00       1.92 r
  FIFO/FULL (fifo_top_width8)                             0.00       1.92 r
  CTRL_UNIT/FIFO_FULL (SYS_CTRL)                          0.00       1.92 r
  CTRL_UNIT/U17/Y (INVX2M)                                0.08       2.00 f
  CTRL_UNIT/U51/Y (NAND2X2M)                              0.13       2.13 r
  CTRL_UNIT/U13/Y (NOR2BX2M)                              0.12       2.25 f
  CTRL_UNIT/U8/Y (OR3X2M)                                 0.26       2.51 f
  CTRL_UNIT/FIFO_WRITE_INC (SYS_CTRL)                     0.00       2.51 f
  FIFO/W_INC (fifo_top_width8)                            0.00       2.51 f
  FIFO/Memory/w_inc (fifo_memory_data_width8)             0.00       2.51 f
  FIFO/Memory/U15/Y (NOR2BX2M)                            0.14       2.65 f
  FIFO/Memory/U83/Y (AND2X2M)                             0.20       2.86 f
  FIFO/Memory/U86/Y (NAND3X2M)                            0.09       2.94 r
  FIFO/Memory/U2/Y (BUFX2M)                               0.25       3.19 r
  FIFO/Memory/U64/Y (OAI2BB2X1M)                          0.19       3.38 r
  FIFO/Memory/Memory_reg[5][5]/D (DFFRQX2M)               0.00       3.38 r
  data arrival time                                                  3.38

  clock REF_DOMAIN (rise edge)                           20.00      20.00
  clock network delay (ideal)                             0.00      20.00
  clock uncertainty                                      -0.20      19.80
  FIFO/Memory/Memory_reg[5][5]/CK (DFFRQX2M)              0.00      19.80 r
  library setup time                                     -0.30      19.50
  data required time                                                19.50
  --------------------------------------------------------------------------
  data required time                                                19.50
  data arrival time                                                 -3.38
  --------------------------------------------------------------------------
  slack (MET)                                                       16.13


  Startpoint: D1/SYNC_RST_reg
              (rising edge-triggered flip-flop clocked by REF_DOMAIN)
  Endpoint: FIFO/Memory/Memory_reg[5][4]
            (rising edge-triggered flip-flop clocked by REF_DOMAIN)
  Path Group: REF_DOMAIN
  Path Type: max

  Point                                                   Incr       Path
  --------------------------------------------------------------------------
  clock REF_DOMAIN (rise edge)                            0.00       0.00
  clock network delay (ideal)                             0.00       0.00
  D1/SYNC_RST_reg/CK (DFFRQX2M)                           0.00       0.00 r
  D1/SYNC_RST_reg/Q (DFFRQX2M)                            0.39       0.39 r
  D1/SYNC_RST (RST_Sync_NUM_STAGES2_0)                    0.00       0.39 r
  U5/Y (INVX2M)                                           0.05       0.44 f
  U4/Y (INVX4M)                                           0.53       0.97 r
  FIFO/W_RST (fifo_top_width8)                            0.00       0.97 r
  FIFO/U2/Y (INVX2M)                                      0.10       1.07 f
  FIFO/U1/Y (INVX2M)                                      0.39       1.46 r
  FIFO/Write_Full/RST (fifo_wptr_full)                    0.00       1.46 r
  FIFO/Write_Full/U3/Y (INVX2M)                           0.09       1.56 f
  FIFO/Write_Full/U13/Y (NOR2X2M)                         0.10       1.66 r
  FIFO/Write_Full/U10/Y (AND4X2M)                         0.26       1.92 r
  FIFO/Write_Full/w_full (fifo_wptr_full)                 0.00       1.92 r
  FIFO/FULL (fifo_top_width8)                             0.00       1.92 r
  CTRL_UNIT/FIFO_FULL (SYS_CTRL)                          0.00       1.92 r
  CTRL_UNIT/U17/Y (INVX2M)                                0.08       2.00 f
  CTRL_UNIT/U51/Y (NAND2X2M)                              0.13       2.13 r
  CTRL_UNIT/U13/Y (NOR2BX2M)                              0.12       2.25 f
  CTRL_UNIT/U8/Y (OR3X2M)                                 0.26       2.51 f
  CTRL_UNIT/FIFO_WRITE_INC (SYS_CTRL)                     0.00       2.51 f
  FIFO/W_INC (fifo_top_width8)                            0.00       2.51 f
  FIFO/Memory/w_inc (fifo_memory_data_width8)             0.00       2.51 f
  FIFO/Memory/U15/Y (NOR2BX2M)                            0.14       2.65 f
  FIFO/Memory/U83/Y (AND2X2M)                             0.20       2.86 f
  FIFO/Memory/U86/Y (NAND3X2M)                            0.09       2.94 r
  FIFO/Memory/U2/Y (BUFX2M)                               0.25       3.19 r
  FIFO/Memory/U63/Y (OAI2BB2X1M)                          0.19       3.38 r
  FIFO/Memory/Memory_reg[5][4]/D (DFFRQX2M)               0.00       3.38 r
  data arrival time                                                  3.38

  clock REF_DOMAIN (rise edge)                           20.00      20.00
  clock network delay (ideal)                             0.00      20.00
  clock uncertainty                                      -0.20      19.80
  FIFO/Memory/Memory_reg[5][4]/CK (DFFRQX2M)              0.00      19.80 r
  library setup time                                     -0.30      19.50
  data required time                                                19.50
  --------------------------------------------------------------------------
  data required time                                                19.50
  data arrival time                                                 -3.38
  --------------------------------------------------------------------------
  slack (MET)                                                       16.13


  Startpoint: D1/SYNC_RST_reg
              (rising edge-triggered flip-flop clocked by REF_DOMAIN)
  Endpoint: FIFO/Memory/Memory_reg[5][3]
            (rising edge-triggered flip-flop clocked by REF_DOMAIN)
  Path Group: REF_DOMAIN
  Path Type: max

  Point                                                   Incr       Path
  --------------------------------------------------------------------------
  clock REF_DOMAIN (rise edge)                            0.00       0.00
  clock network delay (ideal)                             0.00       0.00
  D1/SYNC_RST_reg/CK (DFFRQX2M)                           0.00       0.00 r
  D1/SYNC_RST_reg/Q (DFFRQX2M)                            0.39       0.39 r
  D1/SYNC_RST (RST_Sync_NUM_STAGES2_0)                    0.00       0.39 r
  U5/Y (INVX2M)                                           0.05       0.44 f
  U4/Y (INVX4M)                                           0.53       0.97 r
  FIFO/W_RST (fifo_top_width8)                            0.00       0.97 r
  FIFO/U2/Y (INVX2M)                                      0.10       1.07 f
  FIFO/U1/Y (INVX2M)                                      0.39       1.46 r
  FIFO/Write_Full/RST (fifo_wptr_full)                    0.00       1.46 r
  FIFO/Write_Full/U3/Y (INVX2M)                           0.09       1.56 f
  FIFO/Write_Full/U13/Y (NOR2X2M)                         0.10       1.66 r
  FIFO/Write_Full/U10/Y (AND4X2M)                         0.26       1.92 r
  FIFO/Write_Full/w_full (fifo_wptr_full)                 0.00       1.92 r
  FIFO/FULL (fifo_top_width8)                             0.00       1.92 r
  CTRL_UNIT/FIFO_FULL (SYS_CTRL)                          0.00       1.92 r
  CTRL_UNIT/U17/Y (INVX2M)                                0.08       2.00 f
  CTRL_UNIT/U51/Y (NAND2X2M)                              0.13       2.13 r
  CTRL_UNIT/U13/Y (NOR2BX2M)                              0.12       2.25 f
  CTRL_UNIT/U8/Y (OR3X2M)                                 0.26       2.51 f
  CTRL_UNIT/FIFO_WRITE_INC (SYS_CTRL)                     0.00       2.51 f
  FIFO/W_INC (fifo_top_width8)                            0.00       2.51 f
  FIFO/Memory/w_inc (fifo_memory_data_width8)             0.00       2.51 f
  FIFO/Memory/U15/Y (NOR2BX2M)                            0.14       2.65 f
  FIFO/Memory/U83/Y (AND2X2M)                             0.20       2.86 f
  FIFO/Memory/U86/Y (NAND3X2M)                            0.09       2.94 r
  FIFO/Memory/U2/Y (BUFX2M)                               0.25       3.19 r
  FIFO/Memory/U62/Y (OAI2BB2X1M)                          0.19       3.38 r
  FIFO/Memory/Memory_reg[5][3]/D (DFFRQX2M)               0.00       3.38 r
  data arrival time                                                  3.38

  clock REF_DOMAIN (rise edge)                           20.00      20.00
  clock network delay (ideal)                             0.00      20.00
  clock uncertainty                                      -0.20      19.80
  FIFO/Memory/Memory_reg[5][3]/CK (DFFRQX2M)              0.00      19.80 r
  library setup time                                     -0.30      19.50
  data required time                                                19.50
  --------------------------------------------------------------------------
  data required time                                                19.50
  data arrival time                                                 -3.38
  --------------------------------------------------------------------------
  slack (MET)                                                       16.13


  Startpoint: D1/SYNC_RST_reg
              (rising edge-triggered flip-flop clocked by REF_DOMAIN)
  Endpoint: FIFO/Memory/Memory_reg[5][2]
            (rising edge-triggered flip-flop clocked by REF_DOMAIN)
  Path Group: REF_DOMAIN
  Path Type: max

  Point                                                   Incr       Path
  --------------------------------------------------------------------------
  clock REF_DOMAIN (rise edge)                            0.00       0.00
  clock network delay (ideal)                             0.00       0.00
  D1/SYNC_RST_reg/CK (DFFRQX2M)                           0.00       0.00 r
  D1/SYNC_RST_reg/Q (DFFRQX2M)                            0.39       0.39 r
  D1/SYNC_RST (RST_Sync_NUM_STAGES2_0)                    0.00       0.39 r
  U5/Y (INVX2M)                                           0.05       0.44 f
  U4/Y (INVX4M)                                           0.53       0.97 r
  FIFO/W_RST (fifo_top_width8)                            0.00       0.97 r
  FIFO/U2/Y (INVX2M)                                      0.10       1.07 f
  FIFO/U1/Y (INVX2M)                                      0.39       1.46 r
  FIFO/Write_Full/RST (fifo_wptr_full)                    0.00       1.46 r
  FIFO/Write_Full/U3/Y (INVX2M)                           0.09       1.56 f
  FIFO/Write_Full/U13/Y (NOR2X2M)                         0.10       1.66 r
  FIFO/Write_Full/U10/Y (AND4X2M)                         0.26       1.92 r
  FIFO/Write_Full/w_full (fifo_wptr_full)                 0.00       1.92 r
  FIFO/FULL (fifo_top_width8)                             0.00       1.92 r
  CTRL_UNIT/FIFO_FULL (SYS_CTRL)                          0.00       1.92 r
  CTRL_UNIT/U17/Y (INVX2M)                                0.08       2.00 f
  CTRL_UNIT/U51/Y (NAND2X2M)                              0.13       2.13 r
  CTRL_UNIT/U13/Y (NOR2BX2M)                              0.12       2.25 f
  CTRL_UNIT/U8/Y (OR3X2M)                                 0.26       2.51 f
  CTRL_UNIT/FIFO_WRITE_INC (SYS_CTRL)                     0.00       2.51 f
  FIFO/W_INC (fifo_top_width8)                            0.00       2.51 f
  FIFO/Memory/w_inc (fifo_memory_data_width8)             0.00       2.51 f
  FIFO/Memory/U15/Y (NOR2BX2M)                            0.14       2.65 f
  FIFO/Memory/U83/Y (AND2X2M)                             0.20       2.86 f
  FIFO/Memory/U86/Y (NAND3X2M)                            0.09       2.94 r
  FIFO/Memory/U2/Y (BUFX2M)                               0.25       3.19 r
  FIFO/Memory/U61/Y (OAI2BB2X1M)                          0.19       3.38 r
  FIFO/Memory/Memory_reg[5][2]/D (DFFRQX2M)               0.00       3.38 r
  data arrival time                                                  3.38

  clock REF_DOMAIN (rise edge)                           20.00      20.00
  clock network delay (ideal)                             0.00      20.00
  clock uncertainty                                      -0.20      19.80
  FIFO/Memory/Memory_reg[5][2]/CK (DFFRQX2M)              0.00      19.80 r
  library setup time                                     -0.30      19.50
  data required time                                                19.50
  --------------------------------------------------------------------------
  data required time                                                19.50
  data arrival time                                                 -3.38
  --------------------------------------------------------------------------
  slack (MET)                                                       16.13


  Startpoint: D1/SYNC_RST_reg
              (rising edge-triggered flip-flop clocked by REF_DOMAIN)
  Endpoint: FIFO/Memory/Memory_reg[5][1]
            (rising edge-triggered flip-flop clocked by REF_DOMAIN)
  Path Group: REF_DOMAIN
  Path Type: max

  Point                                                   Incr       Path
  --------------------------------------------------------------------------
  clock REF_DOMAIN (rise edge)                            0.00       0.00
  clock network delay (ideal)                             0.00       0.00
  D1/SYNC_RST_reg/CK (DFFRQX2M)                           0.00       0.00 r
  D1/SYNC_RST_reg/Q (DFFRQX2M)                            0.39       0.39 r
  D1/SYNC_RST (RST_Sync_NUM_STAGES2_0)                    0.00       0.39 r
  U5/Y (INVX2M)                                           0.05       0.44 f
  U4/Y (INVX4M)                                           0.53       0.97 r
  FIFO/W_RST (fifo_top_width8)                            0.00       0.97 r
  FIFO/U2/Y (INVX2M)                                      0.10       1.07 f
  FIFO/U1/Y (INVX2M)                                      0.39       1.46 r
  FIFO/Write_Full/RST (fifo_wptr_full)                    0.00       1.46 r
  FIFO/Write_Full/U3/Y (INVX2M)                           0.09       1.56 f
  FIFO/Write_Full/U13/Y (NOR2X2M)                         0.10       1.66 r
  FIFO/Write_Full/U10/Y (AND4X2M)                         0.26       1.92 r
  FIFO/Write_Full/w_full (fifo_wptr_full)                 0.00       1.92 r
  FIFO/FULL (fifo_top_width8)                             0.00       1.92 r
  CTRL_UNIT/FIFO_FULL (SYS_CTRL)                          0.00       1.92 r
  CTRL_UNIT/U17/Y (INVX2M)                                0.08       2.00 f
  CTRL_UNIT/U51/Y (NAND2X2M)                              0.13       2.13 r
  CTRL_UNIT/U13/Y (NOR2BX2M)                              0.12       2.25 f
  CTRL_UNIT/U8/Y (OR3X2M)                                 0.26       2.51 f
  CTRL_UNIT/FIFO_WRITE_INC (SYS_CTRL)                     0.00       2.51 f
  FIFO/W_INC (fifo_top_width8)                            0.00       2.51 f
  FIFO/Memory/w_inc (fifo_memory_data_width8)             0.00       2.51 f
  FIFO/Memory/U15/Y (NOR2BX2M)                            0.14       2.65 f
  FIFO/Memory/U83/Y (AND2X2M)                             0.20       2.86 f
  FIFO/Memory/U86/Y (NAND3X2M)                            0.09       2.94 r
  FIFO/Memory/U2/Y (BUFX2M)                               0.25       3.19 r
  FIFO/Memory/U60/Y (OAI2BB2X1M)                          0.19       3.38 r
  FIFO/Memory/Memory_reg[5][1]/D (DFFRQX2M)               0.00       3.38 r
  data arrival time                                                  3.38

  clock REF_DOMAIN (rise edge)                           20.00      20.00
  clock network delay (ideal)                             0.00      20.00
  clock uncertainty                                      -0.20      19.80
  FIFO/Memory/Memory_reg[5][1]/CK (DFFRQX2M)              0.00      19.80 r
  library setup time                                     -0.30      19.50
  data required time                                                19.50
  --------------------------------------------------------------------------
  data required time                                                19.50
  data arrival time                                                 -3.38
  --------------------------------------------------------------------------
  slack (MET)                                                       16.13


  Startpoint: D1/SYNC_RST_reg
              (rising edge-triggered flip-flop clocked by REF_DOMAIN)
  Endpoint: FIFO/Memory/Memory_reg[5][0]
            (rising edge-triggered flip-flop clocked by REF_DOMAIN)
  Path Group: REF_DOMAIN
  Path Type: max

  Point                                                   Incr       Path
  --------------------------------------------------------------------------
  clock REF_DOMAIN (rise edge)                            0.00       0.00
  clock network delay (ideal)                             0.00       0.00
  D1/SYNC_RST_reg/CK (DFFRQX2M)                           0.00       0.00 r
  D1/SYNC_RST_reg/Q (DFFRQX2M)                            0.39       0.39 r
  D1/SYNC_RST (RST_Sync_NUM_STAGES2_0)                    0.00       0.39 r
  U5/Y (INVX2M)                                           0.05       0.44 f
  U4/Y (INVX4M)                                           0.53       0.97 r
  FIFO/W_RST (fifo_top_width8)                            0.00       0.97 r
  FIFO/U2/Y (INVX2M)                                      0.10       1.07 f
  FIFO/U1/Y (INVX2M)                                      0.39       1.46 r
  FIFO/Write_Full/RST (fifo_wptr_full)                    0.00       1.46 r
  FIFO/Write_Full/U3/Y (INVX2M)                           0.09       1.56 f
  FIFO/Write_Full/U13/Y (NOR2X2M)                         0.10       1.66 r
  FIFO/Write_Full/U10/Y (AND4X2M)                         0.26       1.92 r
  FIFO/Write_Full/w_full (fifo_wptr_full)                 0.00       1.92 r
  FIFO/FULL (fifo_top_width8)                             0.00       1.92 r
  CTRL_UNIT/FIFO_FULL (SYS_CTRL)                          0.00       1.92 r
  CTRL_UNIT/U17/Y (INVX2M)                                0.08       2.00 f
  CTRL_UNIT/U51/Y (NAND2X2M)                              0.13       2.13 r
  CTRL_UNIT/U13/Y (NOR2BX2M)                              0.12       2.25 f
  CTRL_UNIT/U8/Y (OR3X2M)                                 0.26       2.51 f
  CTRL_UNIT/FIFO_WRITE_INC (SYS_CTRL)                     0.00       2.51 f
  FIFO/W_INC (fifo_top_width8)                            0.00       2.51 f
  FIFO/Memory/w_inc (fifo_memory_data_width8)             0.00       2.51 f
  FIFO/Memory/U15/Y (NOR2BX2M)                            0.14       2.65 f
  FIFO/Memory/U83/Y (AND2X2M)                             0.20       2.86 f
  FIFO/Memory/U86/Y (NAND3X2M)                            0.09       2.94 r
  FIFO/Memory/U2/Y (BUFX2M)                               0.25       3.19 r
  FIFO/Memory/U59/Y (OAI2BB2X1M)                          0.19       3.38 r
  FIFO/Memory/Memory_reg[5][0]/D (DFFRQX2M)               0.00       3.38 r
  data arrival time                                                  3.38

  clock REF_DOMAIN (rise edge)                           20.00      20.00
  clock network delay (ideal)                             0.00      20.00
  clock uncertainty                                      -0.20      19.80
  FIFO/Memory/Memory_reg[5][0]/CK (DFFRQX2M)              0.00      19.80 r
  library setup time                                     -0.30      19.50
  data required time                                                19.50
  --------------------------------------------------------------------------
  data required time                                                19.50
  data arrival time                                                 -3.38
  --------------------------------------------------------------------------
  slack (MET)                                                       16.13


  Startpoint: D1/SYNC_RST_reg
              (rising edge-triggered flip-flop clocked by REF_DOMAIN)
  Endpoint: FIFO/Memory/Memory_reg[6][7]
            (rising edge-triggered flip-flop clocked by REF_DOMAIN)
  Path Group: REF_DOMAIN
  Path Type: max

  Point                                                   Incr       Path
  --------------------------------------------------------------------------
  clock REF_DOMAIN (rise edge)                            0.00       0.00
  clock network delay (ideal)                             0.00       0.00
  D1/SYNC_RST_reg/CK (DFFRQX2M)                           0.00       0.00 r
  D1/SYNC_RST_reg/Q (DFFRQX2M)                            0.39       0.39 r
  D1/SYNC_RST (RST_Sync_NUM_STAGES2_0)                    0.00       0.39 r
  U5/Y (INVX2M)                                           0.05       0.44 f
  U4/Y (INVX4M)                                           0.53       0.97 r
  FIFO/W_RST (fifo_top_width8)                            0.00       0.97 r
  FIFO/U2/Y (INVX2M)                                      0.10       1.07 f
  FIFO/U1/Y (INVX2M)                                      0.39       1.46 r
  FIFO/Write_Full/RST (fifo_wptr_full)                    0.00       1.46 r
  FIFO/Write_Full/U3/Y (INVX2M)                           0.09       1.56 f
  FIFO/Write_Full/U13/Y (NOR2X2M)                         0.10       1.66 r
  FIFO/Write_Full/U10/Y (AND4X2M)                         0.26       1.92 r
  FIFO/Write_Full/w_full (fifo_wptr_full)                 0.00       1.92 r
  FIFO/FULL (fifo_top_width8)                             0.00       1.92 r
  CTRL_UNIT/FIFO_FULL (SYS_CTRL)                          0.00       1.92 r
  CTRL_UNIT/U17/Y (INVX2M)                                0.08       2.00 f
  CTRL_UNIT/U51/Y (NAND2X2M)                              0.13       2.13 r
  CTRL_UNIT/U13/Y (NOR2BX2M)                              0.12       2.25 f
  CTRL_UNIT/U8/Y (OR3X2M)                                 0.26       2.51 f
  CTRL_UNIT/FIFO_WRITE_INC (SYS_CTRL)                     0.00       2.51 f
  FIFO/W_INC (fifo_top_width8)                            0.00       2.51 f
  FIFO/Memory/w_inc (fifo_memory_data_width8)             0.00       2.51 f
  FIFO/Memory/U15/Y (NOR2BX2M)                            0.14       2.65 f
  FIFO/Memory/U83/Y (AND2X2M)                             0.20       2.86 f
  FIFO/Memory/U87/Y (NAND3X2M)                            0.09       2.94 r
  FIFO/Memory/U3/Y (BUFX2M)                               0.25       3.19 r
  FIFO/Memory/U74/Y (OAI2BB2X1M)                          0.19       3.38 r
  FIFO/Memory/Memory_reg[6][7]/D (DFFRQX2M)               0.00       3.38 r
  data arrival time                                                  3.38

  clock REF_DOMAIN (rise edge)                           20.00      20.00
  clock network delay (ideal)                             0.00      20.00
  clock uncertainty                                      -0.20      19.80
  FIFO/Memory/Memory_reg[6][7]/CK (DFFRQX2M)              0.00      19.80 r
  library setup time                                     -0.30      19.50
  data required time                                                19.50
  --------------------------------------------------------------------------
  data required time                                                19.50
  data arrival time                                                 -3.38
  --------------------------------------------------------------------------
  slack (MET)                                                       16.13


  Startpoint: D1/SYNC_RST_reg
              (rising edge-triggered flip-flop clocked by REF_DOMAIN)
  Endpoint: FIFO/Memory/Memory_reg[6][6]
            (rising edge-triggered flip-flop clocked by REF_DOMAIN)
  Path Group: REF_DOMAIN
  Path Type: max

  Point                                                   Incr       Path
  --------------------------------------------------------------------------
  clock REF_DOMAIN (rise edge)                            0.00       0.00
  clock network delay (ideal)                             0.00       0.00
  D1/SYNC_RST_reg/CK (DFFRQX2M)                           0.00       0.00 r
  D1/SYNC_RST_reg/Q (DFFRQX2M)                            0.39       0.39 r
  D1/SYNC_RST (RST_Sync_NUM_STAGES2_0)                    0.00       0.39 r
  U5/Y (INVX2M)                                           0.05       0.44 f
  U4/Y (INVX4M)                                           0.53       0.97 r
  FIFO/W_RST (fifo_top_width8)                            0.00       0.97 r
  FIFO/U2/Y (INVX2M)                                      0.10       1.07 f
  FIFO/U1/Y (INVX2M)                                      0.39       1.46 r
  FIFO/Write_Full/RST (fifo_wptr_full)                    0.00       1.46 r
  FIFO/Write_Full/U3/Y (INVX2M)                           0.09       1.56 f
  FIFO/Write_Full/U13/Y (NOR2X2M)                         0.10       1.66 r
  FIFO/Write_Full/U10/Y (AND4X2M)                         0.26       1.92 r
  FIFO/Write_Full/w_full (fifo_wptr_full)                 0.00       1.92 r
  FIFO/FULL (fifo_top_width8)                             0.00       1.92 r
  CTRL_UNIT/FIFO_FULL (SYS_CTRL)                          0.00       1.92 r
  CTRL_UNIT/U17/Y (INVX2M)                                0.08       2.00 f
  CTRL_UNIT/U51/Y (NAND2X2M)                              0.13       2.13 r
  CTRL_UNIT/U13/Y (NOR2BX2M)                              0.12       2.25 f
  CTRL_UNIT/U8/Y (OR3X2M)                                 0.26       2.51 f
  CTRL_UNIT/FIFO_WRITE_INC (SYS_CTRL)                     0.00       2.51 f
  FIFO/W_INC (fifo_top_width8)                            0.00       2.51 f
  FIFO/Memory/w_inc (fifo_memory_data_width8)             0.00       2.51 f
  FIFO/Memory/U15/Y (NOR2BX2M)                            0.14       2.65 f
  FIFO/Memory/U83/Y (AND2X2M)                             0.20       2.86 f
  FIFO/Memory/U87/Y (NAND3X2M)                            0.09       2.94 r
  FIFO/Memory/U3/Y (BUFX2M)                               0.25       3.19 r
  FIFO/Memory/U73/Y (OAI2BB2X1M)                          0.19       3.38 r
  FIFO/Memory/Memory_reg[6][6]/D (DFFRQX2M)               0.00       3.38 r
  data arrival time                                                  3.38

  clock REF_DOMAIN (rise edge)                           20.00      20.00
  clock network delay (ideal)                             0.00      20.00
  clock uncertainty                                      -0.20      19.80
  FIFO/Memory/Memory_reg[6][6]/CK (DFFRQX2M)              0.00      19.80 r
  library setup time                                     -0.30      19.50
  data required time                                                19.50
  --------------------------------------------------------------------------
  data required time                                                19.50
  data arrival time                                                 -3.38
  --------------------------------------------------------------------------
  slack (MET)                                                       16.13


  Startpoint: D1/SYNC_RST_reg
              (rising edge-triggered flip-flop clocked by REF_DOMAIN)
  Endpoint: FIFO/Memory/Memory_reg[6][5]
            (rising edge-triggered flip-flop clocked by REF_DOMAIN)
  Path Group: REF_DOMAIN
  Path Type: max

  Point                                                   Incr       Path
  --------------------------------------------------------------------------
  clock REF_DOMAIN (rise edge)                            0.00       0.00
  clock network delay (ideal)                             0.00       0.00
  D1/SYNC_RST_reg/CK (DFFRQX2M)                           0.00       0.00 r
  D1/SYNC_RST_reg/Q (DFFRQX2M)                            0.39       0.39 r
  D1/SYNC_RST (RST_Sync_NUM_STAGES2_0)                    0.00       0.39 r
  U5/Y (INVX2M)                                           0.05       0.44 f
  U4/Y (INVX4M)                                           0.53       0.97 r
  FIFO/W_RST (fifo_top_width8)                            0.00       0.97 r
  FIFO/U2/Y (INVX2M)                                      0.10       1.07 f
  FIFO/U1/Y (INVX2M)                                      0.39       1.46 r
  FIFO/Write_Full/RST (fifo_wptr_full)                    0.00       1.46 r
  FIFO/Write_Full/U3/Y (INVX2M)                           0.09       1.56 f
  FIFO/Write_Full/U13/Y (NOR2X2M)                         0.10       1.66 r
  FIFO/Write_Full/U10/Y (AND4X2M)                         0.26       1.92 r
  FIFO/Write_Full/w_full (fifo_wptr_full)                 0.00       1.92 r
  FIFO/FULL (fifo_top_width8)                             0.00       1.92 r
  CTRL_UNIT/FIFO_FULL (SYS_CTRL)                          0.00       1.92 r
  CTRL_UNIT/U17/Y (INVX2M)                                0.08       2.00 f
  CTRL_UNIT/U51/Y (NAND2X2M)                              0.13       2.13 r
  CTRL_UNIT/U13/Y (NOR2BX2M)                              0.12       2.25 f
  CTRL_UNIT/U8/Y (OR3X2M)                                 0.26       2.51 f
  CTRL_UNIT/FIFO_WRITE_INC (SYS_CTRL)                     0.00       2.51 f
  FIFO/W_INC (fifo_top_width8)                            0.00       2.51 f
  FIFO/Memory/w_inc (fifo_memory_data_width8)             0.00       2.51 f
  FIFO/Memory/U15/Y (NOR2BX2M)                            0.14       2.65 f
  FIFO/Memory/U83/Y (AND2X2M)                             0.20       2.86 f
  FIFO/Memory/U87/Y (NAND3X2M)                            0.09       2.94 r
  FIFO/Memory/U3/Y (BUFX2M)                               0.25       3.19 r
  FIFO/Memory/U72/Y (OAI2BB2X1M)                          0.19       3.38 r
  FIFO/Memory/Memory_reg[6][5]/D (DFFRQX2M)               0.00       3.38 r
  data arrival time                                                  3.38

  clock REF_DOMAIN (rise edge)                           20.00      20.00
  clock network delay (ideal)                             0.00      20.00
  clock uncertainty                                      -0.20      19.80
  FIFO/Memory/Memory_reg[6][5]/CK (DFFRQX2M)              0.00      19.80 r
  library setup time                                     -0.30      19.50
  data required time                                                19.50
  --------------------------------------------------------------------------
  data required time                                                19.50
  data arrival time                                                 -3.38
  --------------------------------------------------------------------------
  slack (MET)                                                       16.13


  Startpoint: D1/SYNC_RST_reg
              (rising edge-triggered flip-flop clocked by REF_DOMAIN)
  Endpoint: FIFO/Memory/Memory_reg[6][4]
            (rising edge-triggered flip-flop clocked by REF_DOMAIN)
  Path Group: REF_DOMAIN
  Path Type: max

  Point                                                   Incr       Path
  --------------------------------------------------------------------------
  clock REF_DOMAIN (rise edge)                            0.00       0.00
  clock network delay (ideal)                             0.00       0.00
  D1/SYNC_RST_reg/CK (DFFRQX2M)                           0.00       0.00 r
  D1/SYNC_RST_reg/Q (DFFRQX2M)                            0.39       0.39 r
  D1/SYNC_RST (RST_Sync_NUM_STAGES2_0)                    0.00       0.39 r
  U5/Y (INVX2M)                                           0.05       0.44 f
  U4/Y (INVX4M)                                           0.53       0.97 r
  FIFO/W_RST (fifo_top_width8)                            0.00       0.97 r
  FIFO/U2/Y (INVX2M)                                      0.10       1.07 f
  FIFO/U1/Y (INVX2M)                                      0.39       1.46 r
  FIFO/Write_Full/RST (fifo_wptr_full)                    0.00       1.46 r
  FIFO/Write_Full/U3/Y (INVX2M)                           0.09       1.56 f
  FIFO/Write_Full/U13/Y (NOR2X2M)                         0.10       1.66 r
  FIFO/Write_Full/U10/Y (AND4X2M)                         0.26       1.92 r
  FIFO/Write_Full/w_full (fifo_wptr_full)                 0.00       1.92 r
  FIFO/FULL (fifo_top_width8)                             0.00       1.92 r
  CTRL_UNIT/FIFO_FULL (SYS_CTRL)                          0.00       1.92 r
  CTRL_UNIT/U17/Y (INVX2M)                                0.08       2.00 f
  CTRL_UNIT/U51/Y (NAND2X2M)                              0.13       2.13 r
  CTRL_UNIT/U13/Y (NOR2BX2M)                              0.12       2.25 f
  CTRL_UNIT/U8/Y (OR3X2M)                                 0.26       2.51 f
  CTRL_UNIT/FIFO_WRITE_INC (SYS_CTRL)                     0.00       2.51 f
  FIFO/W_INC (fifo_top_width8)                            0.00       2.51 f
  FIFO/Memory/w_inc (fifo_memory_data_width8)             0.00       2.51 f
  FIFO/Memory/U15/Y (NOR2BX2M)                            0.14       2.65 f
  FIFO/Memory/U83/Y (AND2X2M)                             0.20       2.86 f
  FIFO/Memory/U87/Y (NAND3X2M)                            0.09       2.94 r
  FIFO/Memory/U3/Y (BUFX2M)                               0.25       3.19 r
  FIFO/Memory/U71/Y (OAI2BB2X1M)                          0.19       3.38 r
  FIFO/Memory/Memory_reg[6][4]/D (DFFRQX2M)               0.00       3.38 r
  data arrival time                                                  3.38

  clock REF_DOMAIN (rise edge)                           20.00      20.00
  clock network delay (ideal)                             0.00      20.00
  clock uncertainty                                      -0.20      19.80
  FIFO/Memory/Memory_reg[6][4]/CK (DFFRQX2M)              0.00      19.80 r
  library setup time                                     -0.30      19.50
  data required time                                                19.50
  --------------------------------------------------------------------------
  data required time                                                19.50
  data arrival time                                                 -3.38
  --------------------------------------------------------------------------
  slack (MET)                                                       16.13


  Startpoint: D1/SYNC_RST_reg
              (rising edge-triggered flip-flop clocked by REF_DOMAIN)
  Endpoint: FIFO/Memory/Memory_reg[6][3]
            (rising edge-triggered flip-flop clocked by REF_DOMAIN)
  Path Group: REF_DOMAIN
  Path Type: max

  Point                                                   Incr       Path
  --------------------------------------------------------------------------
  clock REF_DOMAIN (rise edge)                            0.00       0.00
  clock network delay (ideal)                             0.00       0.00
  D1/SYNC_RST_reg/CK (DFFRQX2M)                           0.00       0.00 r
  D1/SYNC_RST_reg/Q (DFFRQX2M)                            0.39       0.39 r
  D1/SYNC_RST (RST_Sync_NUM_STAGES2_0)                    0.00       0.39 r
  U5/Y (INVX2M)                                           0.05       0.44 f
  U4/Y (INVX4M)                                           0.53       0.97 r
  FIFO/W_RST (fifo_top_width8)                            0.00       0.97 r
  FIFO/U2/Y (INVX2M)                                      0.10       1.07 f
  FIFO/U1/Y (INVX2M)                                      0.39       1.46 r
  FIFO/Write_Full/RST (fifo_wptr_full)                    0.00       1.46 r
  FIFO/Write_Full/U3/Y (INVX2M)                           0.09       1.56 f
  FIFO/Write_Full/U13/Y (NOR2X2M)                         0.10       1.66 r
  FIFO/Write_Full/U10/Y (AND4X2M)                         0.26       1.92 r
  FIFO/Write_Full/w_full (fifo_wptr_full)                 0.00       1.92 r
  FIFO/FULL (fifo_top_width8)                             0.00       1.92 r
  CTRL_UNIT/FIFO_FULL (SYS_CTRL)                          0.00       1.92 r
  CTRL_UNIT/U17/Y (INVX2M)                                0.08       2.00 f
  CTRL_UNIT/U51/Y (NAND2X2M)                              0.13       2.13 r
  CTRL_UNIT/U13/Y (NOR2BX2M)                              0.12       2.25 f
  CTRL_UNIT/U8/Y (OR3X2M)                                 0.26       2.51 f
  CTRL_UNIT/FIFO_WRITE_INC (SYS_CTRL)                     0.00       2.51 f
  FIFO/W_INC (fifo_top_width8)                            0.00       2.51 f
  FIFO/Memory/w_inc (fifo_memory_data_width8)             0.00       2.51 f
  FIFO/Memory/U15/Y (NOR2BX2M)                            0.14       2.65 f
  FIFO/Memory/U83/Y (AND2X2M)                             0.20       2.86 f
  FIFO/Memory/U87/Y (NAND3X2M)                            0.09       2.94 r
  FIFO/Memory/U3/Y (BUFX2M)                               0.25       3.19 r
  FIFO/Memory/U70/Y (OAI2BB2X1M)                          0.19       3.38 r
  FIFO/Memory/Memory_reg[6][3]/D (DFFRQX2M)               0.00       3.38 r
  data arrival time                                                  3.38

  clock REF_DOMAIN (rise edge)                           20.00      20.00
  clock network delay (ideal)                             0.00      20.00
  clock uncertainty                                      -0.20      19.80
  FIFO/Memory/Memory_reg[6][3]/CK (DFFRQX2M)              0.00      19.80 r
  library setup time                                     -0.30      19.50
  data required time                                                19.50
  --------------------------------------------------------------------------
  data required time                                                19.50
  data arrival time                                                 -3.38
  --------------------------------------------------------------------------
  slack (MET)                                                       16.13


  Startpoint: D1/SYNC_RST_reg
              (rising edge-triggered flip-flop clocked by REF_DOMAIN)
  Endpoint: FIFO/Memory/Memory_reg[6][2]
            (rising edge-triggered flip-flop clocked by REF_DOMAIN)
  Path Group: REF_DOMAIN
  Path Type: max

  Point                                                   Incr       Path
  --------------------------------------------------------------------------
  clock REF_DOMAIN (rise edge)                            0.00       0.00
  clock network delay (ideal)                             0.00       0.00
  D1/SYNC_RST_reg/CK (DFFRQX2M)                           0.00       0.00 r
  D1/SYNC_RST_reg/Q (DFFRQX2M)                            0.39       0.39 r
  D1/SYNC_RST (RST_Sync_NUM_STAGES2_0)                    0.00       0.39 r
  U5/Y (INVX2M)                                           0.05       0.44 f
  U4/Y (INVX4M)                                           0.53       0.97 r
  FIFO/W_RST (fifo_top_width8)                            0.00       0.97 r
  FIFO/U2/Y (INVX2M)                                      0.10       1.07 f
  FIFO/U1/Y (INVX2M)                                      0.39       1.46 r
  FIFO/Write_Full/RST (fifo_wptr_full)                    0.00       1.46 r
  FIFO/Write_Full/U3/Y (INVX2M)                           0.09       1.56 f
  FIFO/Write_Full/U13/Y (NOR2X2M)                         0.10       1.66 r
  FIFO/Write_Full/U10/Y (AND4X2M)                         0.26       1.92 r
  FIFO/Write_Full/w_full (fifo_wptr_full)                 0.00       1.92 r
  FIFO/FULL (fifo_top_width8)                             0.00       1.92 r
  CTRL_UNIT/FIFO_FULL (SYS_CTRL)                          0.00       1.92 r
  CTRL_UNIT/U17/Y (INVX2M)                                0.08       2.00 f
  CTRL_UNIT/U51/Y (NAND2X2M)                              0.13       2.13 r
  CTRL_UNIT/U13/Y (NOR2BX2M)                              0.12       2.25 f
  CTRL_UNIT/U8/Y (OR3X2M)                                 0.26       2.51 f
  CTRL_UNIT/FIFO_WRITE_INC (SYS_CTRL)                     0.00       2.51 f
  FIFO/W_INC (fifo_top_width8)                            0.00       2.51 f
  FIFO/Memory/w_inc (fifo_memory_data_width8)             0.00       2.51 f
  FIFO/Memory/U15/Y (NOR2BX2M)                            0.14       2.65 f
  FIFO/Memory/U83/Y (AND2X2M)                             0.20       2.86 f
  FIFO/Memory/U87/Y (NAND3X2M)                            0.09       2.94 r
  FIFO/Memory/U3/Y (BUFX2M)                               0.25       3.19 r
  FIFO/Memory/U69/Y (OAI2BB2X1M)                          0.19       3.38 r
  FIFO/Memory/Memory_reg[6][2]/D (DFFRQX2M)               0.00       3.38 r
  data arrival time                                                  3.38

  clock REF_DOMAIN (rise edge)                           20.00      20.00
  clock network delay (ideal)                             0.00      20.00
  clock uncertainty                                      -0.20      19.80
  FIFO/Memory/Memory_reg[6][2]/CK (DFFRQX2M)              0.00      19.80 r
  library setup time                                     -0.30      19.50
  data required time                                                19.50
  --------------------------------------------------------------------------
  data required time                                                19.50
  data arrival time                                                 -3.38
  --------------------------------------------------------------------------
  slack (MET)                                                       16.13


  Startpoint: D1/SYNC_RST_reg
              (rising edge-triggered flip-flop clocked by REF_DOMAIN)
  Endpoint: FIFO/Memory/Memory_reg[6][1]
            (rising edge-triggered flip-flop clocked by REF_DOMAIN)
  Path Group: REF_DOMAIN
  Path Type: max

  Point                                                   Incr       Path
  --------------------------------------------------------------------------
  clock REF_DOMAIN (rise edge)                            0.00       0.00
  clock network delay (ideal)                             0.00       0.00
  D1/SYNC_RST_reg/CK (DFFRQX2M)                           0.00       0.00 r
  D1/SYNC_RST_reg/Q (DFFRQX2M)                            0.39       0.39 r
  D1/SYNC_RST (RST_Sync_NUM_STAGES2_0)                    0.00       0.39 r
  U5/Y (INVX2M)                                           0.05       0.44 f
  U4/Y (INVX4M)                                           0.53       0.97 r
  FIFO/W_RST (fifo_top_width8)                            0.00       0.97 r
  FIFO/U2/Y (INVX2M)                                      0.10       1.07 f
  FIFO/U1/Y (INVX2M)                                      0.39       1.46 r
  FIFO/Write_Full/RST (fifo_wptr_full)                    0.00       1.46 r
  FIFO/Write_Full/U3/Y (INVX2M)                           0.09       1.56 f
  FIFO/Write_Full/U13/Y (NOR2X2M)                         0.10       1.66 r
  FIFO/Write_Full/U10/Y (AND4X2M)                         0.26       1.92 r
  FIFO/Write_Full/w_full (fifo_wptr_full)                 0.00       1.92 r
  FIFO/FULL (fifo_top_width8)                             0.00       1.92 r
  CTRL_UNIT/FIFO_FULL (SYS_CTRL)                          0.00       1.92 r
  CTRL_UNIT/U17/Y (INVX2M)                                0.08       2.00 f
  CTRL_UNIT/U51/Y (NAND2X2M)                              0.13       2.13 r
  CTRL_UNIT/U13/Y (NOR2BX2M)                              0.12       2.25 f
  CTRL_UNIT/U8/Y (OR3X2M)                                 0.26       2.51 f
  CTRL_UNIT/FIFO_WRITE_INC (SYS_CTRL)                     0.00       2.51 f
  FIFO/W_INC (fifo_top_width8)                            0.00       2.51 f
  FIFO/Memory/w_inc (fifo_memory_data_width8)             0.00       2.51 f
  FIFO/Memory/U15/Y (NOR2BX2M)                            0.14       2.65 f
  FIFO/Memory/U83/Y (AND2X2M)                             0.20       2.86 f
  FIFO/Memory/U87/Y (NAND3X2M)                            0.09       2.94 r
  FIFO/Memory/U3/Y (BUFX2M)                               0.25       3.19 r
  FIFO/Memory/U68/Y (OAI2BB2X1M)                          0.19       3.38 r
  FIFO/Memory/Memory_reg[6][1]/D (DFFRQX2M)               0.00       3.38 r
  data arrival time                                                  3.38

  clock REF_DOMAIN (rise edge)                           20.00      20.00
  clock network delay (ideal)                             0.00      20.00
  clock uncertainty                                      -0.20      19.80
  FIFO/Memory/Memory_reg[6][1]/CK (DFFRQX2M)              0.00      19.80 r
  library setup time                                     -0.30      19.50
  data required time                                                19.50
  --------------------------------------------------------------------------
  data required time                                                19.50
  data arrival time                                                 -3.38
  --------------------------------------------------------------------------
  slack (MET)                                                       16.13


  Startpoint: D1/SYNC_RST_reg
              (rising edge-triggered flip-flop clocked by REF_DOMAIN)
  Endpoint: FIFO/Memory/Memory_reg[6][0]
            (rising edge-triggered flip-flop clocked by REF_DOMAIN)
  Path Group: REF_DOMAIN
  Path Type: max

  Point                                                   Incr       Path
  --------------------------------------------------------------------------
  clock REF_DOMAIN (rise edge)                            0.00       0.00
  clock network delay (ideal)                             0.00       0.00
  D1/SYNC_RST_reg/CK (DFFRQX2M)                           0.00       0.00 r
  D1/SYNC_RST_reg/Q (DFFRQX2M)                            0.39       0.39 r
  D1/SYNC_RST (RST_Sync_NUM_STAGES2_0)                    0.00       0.39 r
  U5/Y (INVX2M)                                           0.05       0.44 f
  U4/Y (INVX4M)                                           0.53       0.97 r
  FIFO/W_RST (fifo_top_width8)                            0.00       0.97 r
  FIFO/U2/Y (INVX2M)                                      0.10       1.07 f
  FIFO/U1/Y (INVX2M)                                      0.39       1.46 r
  FIFO/Write_Full/RST (fifo_wptr_full)                    0.00       1.46 r
  FIFO/Write_Full/U3/Y (INVX2M)                           0.09       1.56 f
  FIFO/Write_Full/U13/Y (NOR2X2M)                         0.10       1.66 r
  FIFO/Write_Full/U10/Y (AND4X2M)                         0.26       1.92 r
  FIFO/Write_Full/w_full (fifo_wptr_full)                 0.00       1.92 r
  FIFO/FULL (fifo_top_width8)                             0.00       1.92 r
  CTRL_UNIT/FIFO_FULL (SYS_CTRL)                          0.00       1.92 r
  CTRL_UNIT/U17/Y (INVX2M)                                0.08       2.00 f
  CTRL_UNIT/U51/Y (NAND2X2M)                              0.13       2.13 r
  CTRL_UNIT/U13/Y (NOR2BX2M)                              0.12       2.25 f
  CTRL_UNIT/U8/Y (OR3X2M)                                 0.26       2.51 f
  CTRL_UNIT/FIFO_WRITE_INC (SYS_CTRL)                     0.00       2.51 f
  FIFO/W_INC (fifo_top_width8)                            0.00       2.51 f
  FIFO/Memory/w_inc (fifo_memory_data_width8)             0.00       2.51 f
  FIFO/Memory/U15/Y (NOR2BX2M)                            0.14       2.65 f
  FIFO/Memory/U83/Y (AND2X2M)                             0.20       2.86 f
  FIFO/Memory/U87/Y (NAND3X2M)                            0.09       2.94 r
  FIFO/Memory/U3/Y (BUFX2M)                               0.25       3.19 r
  FIFO/Memory/U67/Y (OAI2BB2X1M)                          0.19       3.38 r
  FIFO/Memory/Memory_reg[6][0]/D (DFFRQX2M)               0.00       3.38 r
  data arrival time                                                  3.38

  clock REF_DOMAIN (rise edge)                           20.00      20.00
  clock network delay (ideal)                             0.00      20.00
  clock uncertainty                                      -0.20      19.80
  FIFO/Memory/Memory_reg[6][0]/CK (DFFRQX2M)              0.00      19.80 r
  library setup time                                     -0.30      19.50
  data required time                                                19.50
  --------------------------------------------------------------------------
  data required time                                                19.50
  data arrival time                                                 -3.38
  --------------------------------------------------------------------------
  slack (MET)                                                       16.13


  Startpoint: D1/SYNC_RST_reg
              (rising edge-triggered flip-flop clocked by REF_DOMAIN)
  Endpoint: FIFO/Memory/Memory_reg[2][7]
            (rising edge-triggered flip-flop clocked by REF_DOMAIN)
  Path Group: REF_DOMAIN
  Path Type: max

  Point                                                   Incr       Path
  --------------------------------------------------------------------------
  clock REF_DOMAIN (rise edge)                            0.00       0.00
  clock network delay (ideal)                             0.00       0.00
  D1/SYNC_RST_reg/CK (DFFRQX2M)                           0.00       0.00 r
  D1/SYNC_RST_reg/Q (DFFRQX2M)                            0.39       0.39 r
  D1/SYNC_RST (RST_Sync_NUM_STAGES2_0)                    0.00       0.39 r
  U5/Y (INVX2M)                                           0.05       0.44 f
  U4/Y (INVX4M)                                           0.53       0.97 r
  FIFO/W_RST (fifo_top_width8)                            0.00       0.97 r
  FIFO/U2/Y (INVX2M)                                      0.10       1.07 f
  FIFO/U1/Y (INVX2M)                                      0.39       1.46 r
  FIFO/Write_Full/RST (fifo_wptr_full)                    0.00       1.46 r
  FIFO/Write_Full/U3/Y (INVX2M)                           0.09       1.56 f
  FIFO/Write_Full/U13/Y (NOR2X2M)                         0.10       1.66 r
  FIFO/Write_Full/U10/Y (AND4X2M)                         0.26       1.92 r
  FIFO/Write_Full/w_full (fifo_wptr_full)                 0.00       1.92 r
  FIFO/FULL (fifo_top_width8)                             0.00       1.92 r
  CTRL_UNIT/FIFO_FULL (SYS_CTRL)                          0.00       1.92 r
  CTRL_UNIT/U17/Y (INVX2M)                                0.08       2.00 f
  CTRL_UNIT/U51/Y (NAND2X2M)                              0.13       2.13 r
  CTRL_UNIT/U13/Y (NOR2BX2M)                              0.12       2.25 f
  CTRL_UNIT/U8/Y (OR3X2M)                                 0.26       2.51 f
  CTRL_UNIT/FIFO_WRITE_INC (SYS_CTRL)                     0.00       2.51 f
  FIFO/W_INC (fifo_top_width8)                            0.00       2.51 f
  FIFO/Memory/w_inc (fifo_memory_data_width8)             0.00       2.51 f
  FIFO/Memory/U15/Y (NOR2BX2M)                            0.14       2.65 f
  FIFO/Memory/U18/Y (NOR2BX2M)                            0.17       2.83 f
  FIFO/Memory/U84/Y (NAND3X2M)                            0.07       2.90 r
  FIFO/Memory/U5/Y (BUFX2M)                               0.25       3.15 r
  FIFO/Memory/U58/Y (OAI2BB2X1M)                          0.19       3.33 r
  FIFO/Memory/Memory_reg[2][7]/D (DFFRQX2M)               0.00       3.33 r
  data arrival time                                                  3.33

  clock REF_DOMAIN (rise edge)                           20.00      20.00
  clock network delay (ideal)                             0.00      20.00
  clock uncertainty                                      -0.20      19.80
  FIFO/Memory/Memory_reg[2][7]/CK (DFFRQX2M)              0.00      19.80 r
  library setup time                                     -0.30      19.50
  data required time                                                19.50
  --------------------------------------------------------------------------
  data required time                                                19.50
  data arrival time                                                 -3.33
  --------------------------------------------------------------------------
  slack (MET)                                                       16.17


  Startpoint: D1/SYNC_RST_reg
              (rising edge-triggered flip-flop clocked by REF_DOMAIN)
  Endpoint: FIFO/Memory/Memory_reg[2][6]
            (rising edge-triggered flip-flop clocked by REF_DOMAIN)
  Path Group: REF_DOMAIN
  Path Type: max

  Point                                                   Incr       Path
  --------------------------------------------------------------------------
  clock REF_DOMAIN (rise edge)                            0.00       0.00
  clock network delay (ideal)                             0.00       0.00
  D1/SYNC_RST_reg/CK (DFFRQX2M)                           0.00       0.00 r
  D1/SYNC_RST_reg/Q (DFFRQX2M)                            0.39       0.39 r
  D1/SYNC_RST (RST_Sync_NUM_STAGES2_0)                    0.00       0.39 r
  U5/Y (INVX2M)                                           0.05       0.44 f
  U4/Y (INVX4M)                                           0.53       0.97 r
  FIFO/W_RST (fifo_top_width8)                            0.00       0.97 r
  FIFO/U2/Y (INVX2M)                                      0.10       1.07 f
  FIFO/U1/Y (INVX2M)                                      0.39       1.46 r
  FIFO/Write_Full/RST (fifo_wptr_full)                    0.00       1.46 r
  FIFO/Write_Full/U3/Y (INVX2M)                           0.09       1.56 f
  FIFO/Write_Full/U13/Y (NOR2X2M)                         0.10       1.66 r
  FIFO/Write_Full/U10/Y (AND4X2M)                         0.26       1.92 r
  FIFO/Write_Full/w_full (fifo_wptr_full)                 0.00       1.92 r
  FIFO/FULL (fifo_top_width8)                             0.00       1.92 r
  CTRL_UNIT/FIFO_FULL (SYS_CTRL)                          0.00       1.92 r
  CTRL_UNIT/U17/Y (INVX2M)                                0.08       2.00 f
  CTRL_UNIT/U51/Y (NAND2X2M)                              0.13       2.13 r
  CTRL_UNIT/U13/Y (NOR2BX2M)                              0.12       2.25 f
  CTRL_UNIT/U8/Y (OR3X2M)                                 0.26       2.51 f
  CTRL_UNIT/FIFO_WRITE_INC (SYS_CTRL)                     0.00       2.51 f
  FIFO/W_INC (fifo_top_width8)                            0.00       2.51 f
  FIFO/Memory/w_inc (fifo_memory_data_width8)             0.00       2.51 f
  FIFO/Memory/U15/Y (NOR2BX2M)                            0.14       2.65 f
  FIFO/Memory/U18/Y (NOR2BX2M)                            0.17       2.83 f
  FIFO/Memory/U84/Y (NAND3X2M)                            0.07       2.90 r
  FIFO/Memory/U5/Y (BUFX2M)                               0.25       3.15 r
  FIFO/Memory/U57/Y (OAI2BB2X1M)                          0.19       3.33 r
  FIFO/Memory/Memory_reg[2][6]/D (DFFRQX2M)               0.00       3.33 r
  data arrival time                                                  3.33

  clock REF_DOMAIN (rise edge)                           20.00      20.00
  clock network delay (ideal)                             0.00      20.00
  clock uncertainty                                      -0.20      19.80
  FIFO/Memory/Memory_reg[2][6]/CK (DFFRQX2M)              0.00      19.80 r
  library setup time                                     -0.30      19.50
  data required time                                                19.50
  --------------------------------------------------------------------------
  data required time                                                19.50
  data arrival time                                                 -3.33
  --------------------------------------------------------------------------
  slack (MET)                                                       16.17


  Startpoint: D1/SYNC_RST_reg
              (rising edge-triggered flip-flop clocked by REF_DOMAIN)
  Endpoint: FIFO/Memory/Memory_reg[2][5]
            (rising edge-triggered flip-flop clocked by REF_DOMAIN)
  Path Group: REF_DOMAIN
  Path Type: max

  Point                                                   Incr       Path
  --------------------------------------------------------------------------
  clock REF_DOMAIN (rise edge)                            0.00       0.00
  clock network delay (ideal)                             0.00       0.00
  D1/SYNC_RST_reg/CK (DFFRQX2M)                           0.00       0.00 r
  D1/SYNC_RST_reg/Q (DFFRQX2M)                            0.39       0.39 r
  D1/SYNC_RST (RST_Sync_NUM_STAGES2_0)                    0.00       0.39 r
  U5/Y (INVX2M)                                           0.05       0.44 f
  U4/Y (INVX4M)                                           0.53       0.97 r
  FIFO/W_RST (fifo_top_width8)                            0.00       0.97 r
  FIFO/U2/Y (INVX2M)                                      0.10       1.07 f
  FIFO/U1/Y (INVX2M)                                      0.39       1.46 r
  FIFO/Write_Full/RST (fifo_wptr_full)                    0.00       1.46 r
  FIFO/Write_Full/U3/Y (INVX2M)                           0.09       1.56 f
  FIFO/Write_Full/U13/Y (NOR2X2M)                         0.10       1.66 r
  FIFO/Write_Full/U10/Y (AND4X2M)                         0.26       1.92 r
  FIFO/Write_Full/w_full (fifo_wptr_full)                 0.00       1.92 r
  FIFO/FULL (fifo_top_width8)                             0.00       1.92 r
  CTRL_UNIT/FIFO_FULL (SYS_CTRL)                          0.00       1.92 r
  CTRL_UNIT/U17/Y (INVX2M)                                0.08       2.00 f
  CTRL_UNIT/U51/Y (NAND2X2M)                              0.13       2.13 r
  CTRL_UNIT/U13/Y (NOR2BX2M)                              0.12       2.25 f
  CTRL_UNIT/U8/Y (OR3X2M)                                 0.26       2.51 f
  CTRL_UNIT/FIFO_WRITE_INC (SYS_CTRL)                     0.00       2.51 f
  FIFO/W_INC (fifo_top_width8)                            0.00       2.51 f
  FIFO/Memory/w_inc (fifo_memory_data_width8)             0.00       2.51 f
  FIFO/Memory/U15/Y (NOR2BX2M)                            0.14       2.65 f
  FIFO/Memory/U18/Y (NOR2BX2M)                            0.17       2.83 f
  FIFO/Memory/U84/Y (NAND3X2M)                            0.07       2.90 r
  FIFO/Memory/U5/Y (BUFX2M)                               0.25       3.15 r
  FIFO/Memory/U56/Y (OAI2BB2X1M)                          0.19       3.33 r
  FIFO/Memory/Memory_reg[2][5]/D (DFFRQX2M)               0.00       3.33 r
  data arrival time                                                  3.33

  clock REF_DOMAIN (rise edge)                           20.00      20.00
  clock network delay (ideal)                             0.00      20.00
  clock uncertainty                                      -0.20      19.80
  FIFO/Memory/Memory_reg[2][5]/CK (DFFRQX2M)              0.00      19.80 r
  library setup time                                     -0.30      19.50
  data required time                                                19.50
  --------------------------------------------------------------------------
  data required time                                                19.50
  data arrival time                                                 -3.33
  --------------------------------------------------------------------------
  slack (MET)                                                       16.17


  Startpoint: D1/SYNC_RST_reg
              (rising edge-triggered flip-flop clocked by REF_DOMAIN)
  Endpoint: FIFO/Memory/Memory_reg[2][4]
            (rising edge-triggered flip-flop clocked by REF_DOMAIN)
  Path Group: REF_DOMAIN
  Path Type: max

  Point                                                   Incr       Path
  --------------------------------------------------------------------------
  clock REF_DOMAIN (rise edge)                            0.00       0.00
  clock network delay (ideal)                             0.00       0.00
  D1/SYNC_RST_reg/CK (DFFRQX2M)                           0.00       0.00 r
  D1/SYNC_RST_reg/Q (DFFRQX2M)                            0.39       0.39 r
  D1/SYNC_RST (RST_Sync_NUM_STAGES2_0)                    0.00       0.39 r
  U5/Y (INVX2M)                                           0.05       0.44 f
  U4/Y (INVX4M)                                           0.53       0.97 r
  FIFO/W_RST (fifo_top_width8)                            0.00       0.97 r
  FIFO/U2/Y (INVX2M)                                      0.10       1.07 f
  FIFO/U1/Y (INVX2M)                                      0.39       1.46 r
  FIFO/Write_Full/RST (fifo_wptr_full)                    0.00       1.46 r
  FIFO/Write_Full/U3/Y (INVX2M)                           0.09       1.56 f
  FIFO/Write_Full/U13/Y (NOR2X2M)                         0.10       1.66 r
  FIFO/Write_Full/U10/Y (AND4X2M)                         0.26       1.92 r
  FIFO/Write_Full/w_full (fifo_wptr_full)                 0.00       1.92 r
  FIFO/FULL (fifo_top_width8)                             0.00       1.92 r
  CTRL_UNIT/FIFO_FULL (SYS_CTRL)                          0.00       1.92 r
  CTRL_UNIT/U17/Y (INVX2M)                                0.08       2.00 f
  CTRL_UNIT/U51/Y (NAND2X2M)                              0.13       2.13 r
  CTRL_UNIT/U13/Y (NOR2BX2M)                              0.12       2.25 f
  CTRL_UNIT/U8/Y (OR3X2M)                                 0.26       2.51 f
  CTRL_UNIT/FIFO_WRITE_INC (SYS_CTRL)                     0.00       2.51 f
  FIFO/W_INC (fifo_top_width8)                            0.00       2.51 f
  FIFO/Memory/w_inc (fifo_memory_data_width8)             0.00       2.51 f
  FIFO/Memory/U15/Y (NOR2BX2M)                            0.14       2.65 f
  FIFO/Memory/U18/Y (NOR2BX2M)                            0.17       2.83 f
  FIFO/Memory/U84/Y (NAND3X2M)                            0.07       2.90 r
  FIFO/Memory/U5/Y (BUFX2M)                               0.25       3.15 r
  FIFO/Memory/U55/Y (OAI2BB2X1M)                          0.19       3.33 r
  FIFO/Memory/Memory_reg[2][4]/D (DFFRQX2M)               0.00       3.33 r
  data arrival time                                                  3.33

  clock REF_DOMAIN (rise edge)                           20.00      20.00
  clock network delay (ideal)                             0.00      20.00
  clock uncertainty                                      -0.20      19.80
  FIFO/Memory/Memory_reg[2][4]/CK (DFFRQX2M)              0.00      19.80 r
  library setup time                                     -0.30      19.50
  data required time                                                19.50
  --------------------------------------------------------------------------
  data required time                                                19.50
  data arrival time                                                 -3.33
  --------------------------------------------------------------------------
  slack (MET)                                                       16.17


  Startpoint: D1/SYNC_RST_reg
              (rising edge-triggered flip-flop clocked by REF_DOMAIN)
  Endpoint: FIFO/Memory/Memory_reg[2][3]
            (rising edge-triggered flip-flop clocked by REF_DOMAIN)
  Path Group: REF_DOMAIN
  Path Type: max

  Point                                                   Incr       Path
  --------------------------------------------------------------------------
  clock REF_DOMAIN (rise edge)                            0.00       0.00
  clock network delay (ideal)                             0.00       0.00
  D1/SYNC_RST_reg/CK (DFFRQX2M)                           0.00       0.00 r
  D1/SYNC_RST_reg/Q (DFFRQX2M)                            0.39       0.39 r
  D1/SYNC_RST (RST_Sync_NUM_STAGES2_0)                    0.00       0.39 r
  U5/Y (INVX2M)                                           0.05       0.44 f
  U4/Y (INVX4M)                                           0.53       0.97 r
  FIFO/W_RST (fifo_top_width8)                            0.00       0.97 r
  FIFO/U2/Y (INVX2M)                                      0.10       1.07 f
  FIFO/U1/Y (INVX2M)                                      0.39       1.46 r
  FIFO/Write_Full/RST (fifo_wptr_full)                    0.00       1.46 r
  FIFO/Write_Full/U3/Y (INVX2M)                           0.09       1.56 f
  FIFO/Write_Full/U13/Y (NOR2X2M)                         0.10       1.66 r
  FIFO/Write_Full/U10/Y (AND4X2M)                         0.26       1.92 r
  FIFO/Write_Full/w_full (fifo_wptr_full)                 0.00       1.92 r
  FIFO/FULL (fifo_top_width8)                             0.00       1.92 r
  CTRL_UNIT/FIFO_FULL (SYS_CTRL)                          0.00       1.92 r
  CTRL_UNIT/U17/Y (INVX2M)                                0.08       2.00 f
  CTRL_UNIT/U51/Y (NAND2X2M)                              0.13       2.13 r
  CTRL_UNIT/U13/Y (NOR2BX2M)                              0.12       2.25 f
  CTRL_UNIT/U8/Y (OR3X2M)                                 0.26       2.51 f
  CTRL_UNIT/FIFO_WRITE_INC (SYS_CTRL)                     0.00       2.51 f
  FIFO/W_INC (fifo_top_width8)                            0.00       2.51 f
  FIFO/Memory/w_inc (fifo_memory_data_width8)             0.00       2.51 f
  FIFO/Memory/U15/Y (NOR2BX2M)                            0.14       2.65 f
  FIFO/Memory/U18/Y (NOR2BX2M)                            0.17       2.83 f
  FIFO/Memory/U84/Y (NAND3X2M)                            0.07       2.90 r
  FIFO/Memory/U5/Y (BUFX2M)                               0.25       3.15 r
  FIFO/Memory/U54/Y (OAI2BB2X1M)                          0.19       3.33 r
  FIFO/Memory/Memory_reg[2][3]/D (DFFRQX2M)               0.00       3.33 r
  data arrival time                                                  3.33

  clock REF_DOMAIN (rise edge)                           20.00      20.00
  clock network delay (ideal)                             0.00      20.00
  clock uncertainty                                      -0.20      19.80
  FIFO/Memory/Memory_reg[2][3]/CK (DFFRQX2M)              0.00      19.80 r
  library setup time                                     -0.30      19.50
  data required time                                                19.50
  --------------------------------------------------------------------------
  data required time                                                19.50
  data arrival time                                                 -3.33
  --------------------------------------------------------------------------
  slack (MET)                                                       16.17


  Startpoint: D1/SYNC_RST_reg
              (rising edge-triggered flip-flop clocked by REF_DOMAIN)
  Endpoint: FIFO/Memory/Memory_reg[2][2]
            (rising edge-triggered flip-flop clocked by REF_DOMAIN)
  Path Group: REF_DOMAIN
  Path Type: max

  Point                                                   Incr       Path
  --------------------------------------------------------------------------
  clock REF_DOMAIN (rise edge)                            0.00       0.00
  clock network delay (ideal)                             0.00       0.00
  D1/SYNC_RST_reg/CK (DFFRQX2M)                           0.00       0.00 r
  D1/SYNC_RST_reg/Q (DFFRQX2M)                            0.39       0.39 r
  D1/SYNC_RST (RST_Sync_NUM_STAGES2_0)                    0.00       0.39 r
  U5/Y (INVX2M)                                           0.05       0.44 f
  U4/Y (INVX4M)                                           0.53       0.97 r
  FIFO/W_RST (fifo_top_width8)                            0.00       0.97 r
  FIFO/U2/Y (INVX2M)                                      0.10       1.07 f
  FIFO/U1/Y (INVX2M)                                      0.39       1.46 r
  FIFO/Write_Full/RST (fifo_wptr_full)                    0.00       1.46 r
  FIFO/Write_Full/U3/Y (INVX2M)                           0.09       1.56 f
  FIFO/Write_Full/U13/Y (NOR2X2M)                         0.10       1.66 r
  FIFO/Write_Full/U10/Y (AND4X2M)                         0.26       1.92 r
  FIFO/Write_Full/w_full (fifo_wptr_full)                 0.00       1.92 r
  FIFO/FULL (fifo_top_width8)                             0.00       1.92 r
  CTRL_UNIT/FIFO_FULL (SYS_CTRL)                          0.00       1.92 r
  CTRL_UNIT/U17/Y (INVX2M)                                0.08       2.00 f
  CTRL_UNIT/U51/Y (NAND2X2M)                              0.13       2.13 r
  CTRL_UNIT/U13/Y (NOR2BX2M)                              0.12       2.25 f
  CTRL_UNIT/U8/Y (OR3X2M)                                 0.26       2.51 f
  CTRL_UNIT/FIFO_WRITE_INC (SYS_CTRL)                     0.00       2.51 f
  FIFO/W_INC (fifo_top_width8)                            0.00       2.51 f
  FIFO/Memory/w_inc (fifo_memory_data_width8)             0.00       2.51 f
  FIFO/Memory/U15/Y (NOR2BX2M)                            0.14       2.65 f
  FIFO/Memory/U18/Y (NOR2BX2M)                            0.17       2.83 f
  FIFO/Memory/U84/Y (NAND3X2M)                            0.07       2.90 r
  FIFO/Memory/U5/Y (BUFX2M)                               0.25       3.15 r
  FIFO/Memory/U53/Y (OAI2BB2X1M)                          0.19       3.33 r
  FIFO/Memory/Memory_reg[2][2]/D (DFFRQX2M)               0.00       3.33 r
  data arrival time                                                  3.33

  clock REF_DOMAIN (rise edge)                           20.00      20.00
  clock network delay (ideal)                             0.00      20.00
  clock uncertainty                                      -0.20      19.80
  FIFO/Memory/Memory_reg[2][2]/CK (DFFRQX2M)              0.00      19.80 r
  library setup time                                     -0.30      19.50
  data required time                                                19.50
  --------------------------------------------------------------------------
  data required time                                                19.50
  data arrival time                                                 -3.33
  --------------------------------------------------------------------------
  slack (MET)                                                       16.17


  Startpoint: D1/SYNC_RST_reg
              (rising edge-triggered flip-flop clocked by REF_DOMAIN)
  Endpoint: FIFO/Memory/Memory_reg[2][1]
            (rising edge-triggered flip-flop clocked by REF_DOMAIN)
  Path Group: REF_DOMAIN
  Path Type: max

  Point                                                   Incr       Path
  --------------------------------------------------------------------------
  clock REF_DOMAIN (rise edge)                            0.00       0.00
  clock network delay (ideal)                             0.00       0.00
  D1/SYNC_RST_reg/CK (DFFRQX2M)                           0.00       0.00 r
  D1/SYNC_RST_reg/Q (DFFRQX2M)                            0.39       0.39 r
  D1/SYNC_RST (RST_Sync_NUM_STAGES2_0)                    0.00       0.39 r
  U5/Y (INVX2M)                                           0.05       0.44 f
  U4/Y (INVX4M)                                           0.53       0.97 r
  FIFO/W_RST (fifo_top_width8)                            0.00       0.97 r
  FIFO/U2/Y (INVX2M)                                      0.10       1.07 f
  FIFO/U1/Y (INVX2M)                                      0.39       1.46 r
  FIFO/Write_Full/RST (fifo_wptr_full)                    0.00       1.46 r
  FIFO/Write_Full/U3/Y (INVX2M)                           0.09       1.56 f
  FIFO/Write_Full/U13/Y (NOR2X2M)                         0.10       1.66 r
  FIFO/Write_Full/U10/Y (AND4X2M)                         0.26       1.92 r
  FIFO/Write_Full/w_full (fifo_wptr_full)                 0.00       1.92 r
  FIFO/FULL (fifo_top_width8)                             0.00       1.92 r
  CTRL_UNIT/FIFO_FULL (SYS_CTRL)                          0.00       1.92 r
  CTRL_UNIT/U17/Y (INVX2M)                                0.08       2.00 f
  CTRL_UNIT/U51/Y (NAND2X2M)                              0.13       2.13 r
  CTRL_UNIT/U13/Y (NOR2BX2M)                              0.12       2.25 f
  CTRL_UNIT/U8/Y (OR3X2M)                                 0.26       2.51 f
  CTRL_UNIT/FIFO_WRITE_INC (SYS_CTRL)                     0.00       2.51 f
  FIFO/W_INC (fifo_top_width8)                            0.00       2.51 f
  FIFO/Memory/w_inc (fifo_memory_data_width8)             0.00       2.51 f
  FIFO/Memory/U15/Y (NOR2BX2M)                            0.14       2.65 f
  FIFO/Memory/U18/Y (NOR2BX2M)                            0.17       2.83 f
  FIFO/Memory/U84/Y (NAND3X2M)                            0.07       2.90 r
  FIFO/Memory/U5/Y (BUFX2M)                               0.25       3.15 r
  FIFO/Memory/U52/Y (OAI2BB2X1M)                          0.19       3.33 r
  FIFO/Memory/Memory_reg[2][1]/D (DFFRQX2M)               0.00       3.33 r
  data arrival time                                                  3.33

  clock REF_DOMAIN (rise edge)                           20.00      20.00
  clock network delay (ideal)                             0.00      20.00
  clock uncertainty                                      -0.20      19.80
  FIFO/Memory/Memory_reg[2][1]/CK (DFFRQX2M)              0.00      19.80 r
  library setup time                                     -0.30      19.50
  data required time                                                19.50
  --------------------------------------------------------------------------
  data required time                                                19.50
  data arrival time                                                 -3.33
  --------------------------------------------------------------------------
  slack (MET)                                                       16.17


  Startpoint: D1/SYNC_RST_reg
              (rising edge-triggered flip-flop clocked by REF_DOMAIN)
  Endpoint: FIFO/Memory/Memory_reg[2][0]
            (rising edge-triggered flip-flop clocked by REF_DOMAIN)
  Path Group: REF_DOMAIN
  Path Type: max

  Point                                                   Incr       Path
  --------------------------------------------------------------------------
  clock REF_DOMAIN (rise edge)                            0.00       0.00
  clock network delay (ideal)                             0.00       0.00
  D1/SYNC_RST_reg/CK (DFFRQX2M)                           0.00       0.00 r
  D1/SYNC_RST_reg/Q (DFFRQX2M)                            0.39       0.39 r
  D1/SYNC_RST (RST_Sync_NUM_STAGES2_0)                    0.00       0.39 r
  U5/Y (INVX2M)                                           0.05       0.44 f
  U4/Y (INVX4M)                                           0.53       0.97 r
  FIFO/W_RST (fifo_top_width8)                            0.00       0.97 r
  FIFO/U2/Y (INVX2M)                                      0.10       1.07 f
  FIFO/U1/Y (INVX2M)                                      0.39       1.46 r
  FIFO/Write_Full/RST (fifo_wptr_full)                    0.00       1.46 r
  FIFO/Write_Full/U3/Y (INVX2M)                           0.09       1.56 f
  FIFO/Write_Full/U13/Y (NOR2X2M)                         0.10       1.66 r
  FIFO/Write_Full/U10/Y (AND4X2M)                         0.26       1.92 r
  FIFO/Write_Full/w_full (fifo_wptr_full)                 0.00       1.92 r
  FIFO/FULL (fifo_top_width8)                             0.00       1.92 r
  CTRL_UNIT/FIFO_FULL (SYS_CTRL)                          0.00       1.92 r
  CTRL_UNIT/U17/Y (INVX2M)                                0.08       2.00 f
  CTRL_UNIT/U51/Y (NAND2X2M)                              0.13       2.13 r
  CTRL_UNIT/U13/Y (NOR2BX2M)                              0.12       2.25 f
  CTRL_UNIT/U8/Y (OR3X2M)                                 0.26       2.51 f
  CTRL_UNIT/FIFO_WRITE_INC (SYS_CTRL)                     0.00       2.51 f
  FIFO/W_INC (fifo_top_width8)                            0.00       2.51 f
  FIFO/Memory/w_inc (fifo_memory_data_width8)             0.00       2.51 f
  FIFO/Memory/U15/Y (NOR2BX2M)                            0.14       2.65 f
  FIFO/Memory/U18/Y (NOR2BX2M)                            0.17       2.83 f
  FIFO/Memory/U84/Y (NAND3X2M)                            0.07       2.90 r
  FIFO/Memory/U5/Y (BUFX2M)                               0.25       3.15 r
  FIFO/Memory/U51/Y (OAI2BB2X1M)                          0.19       3.33 r
  FIFO/Memory/Memory_reg[2][0]/D (DFFRQX2M)               0.00       3.33 r
  data arrival time                                                  3.33

  clock REF_DOMAIN (rise edge)                           20.00      20.00
  clock network delay (ideal)                             0.00      20.00
  clock uncertainty                                      -0.20      19.80
  FIFO/Memory/Memory_reg[2][0]/CK (DFFRQX2M)              0.00      19.80 r
  library setup time                                     -0.30      19.50
  data required time                                                19.50
  --------------------------------------------------------------------------
  data required time                                                19.50
  data arrival time                                                 -3.33
  --------------------------------------------------------------------------
  slack (MET)                                                       16.17


  Startpoint: D1/SYNC_RST_reg
              (rising edge-triggered flip-flop clocked by REF_DOMAIN)
  Endpoint: FIFO/Memory/Memory_reg[0][7]
            (rising edge-triggered flip-flop clocked by REF_DOMAIN)
  Path Group: REF_DOMAIN
  Path Type: max

  Point                                                   Incr       Path
  --------------------------------------------------------------------------
  clock REF_DOMAIN (rise edge)                            0.00       0.00
  clock network delay (ideal)                             0.00       0.00
  D1/SYNC_RST_reg/CK (DFFRQX2M)                           0.00       0.00 r
  D1/SYNC_RST_reg/Q (DFFRQX2M)                            0.48       0.48 f
  D1/SYNC_RST (RST_Sync_NUM_STAGES2_0)                    0.00       0.48 f
  U5/Y (INVX2M)                                           0.07       0.56 r
  U4/Y (INVX4M)                                           0.28       0.83 f
  FIFO/W_RST (fifo_top_width8)                            0.00       0.83 f
  FIFO/U2/Y (INVX2M)                                      0.13       0.96 r
  FIFO/U1/Y (INVX2M)                                      0.22       1.18 f
  FIFO/Write_Full/RST (fifo_wptr_full)                    0.00       1.18 f
  FIFO/Write_Full/U3/Y (INVX2M)                           0.11       1.29 r
  FIFO/Write_Full/U13/Y (NOR2X2M)                         0.05       1.33 f
  FIFO/Write_Full/U10/Y (AND4X2M)                         0.26       1.60 f
  FIFO/Write_Full/w_full (fifo_wptr_full)                 0.00       1.60 f
  FIFO/FULL (fifo_top_width8)                             0.00       1.60 f
  CTRL_UNIT/FIFO_FULL (SYS_CTRL)                          0.00       1.60 f
  CTRL_UNIT/U17/Y (INVX2M)                                0.10       1.69 r
  CTRL_UNIT/U51/Y (NAND2X2M)                              0.12       1.81 f
  CTRL_UNIT/U13/Y (NOR2BX2M)                              0.31       2.12 r
  CTRL_UNIT/U8/Y (OR3X2M)                                 0.22       2.34 r
  CTRL_UNIT/FIFO_WRITE_INC (SYS_CTRL)                     0.00       2.34 r
  FIFO/W_INC (fifo_top_width8)                            0.00       2.34 r
  FIFO/Memory/w_inc (fifo_memory_data_width8)             0.00       2.34 r
  FIFO/Memory/U15/Y (NOR2BX2M)                            0.15       2.50 r
  FIFO/Memory/U18/Y (NOR2BX2M)                            0.27       2.77 r
  FIFO/Memory/U14/Y (NAND3X2M)                            0.31       3.08 f
  FIFO/Memory/U26/Y (OAI2BB2X1M)                          0.21       3.29 r
  FIFO/Memory/Memory_reg[0][7]/D (DFFRQX2M)               0.00       3.29 r
  data arrival time                                                  3.29

  clock REF_DOMAIN (rise edge)                           20.00      20.00
  clock network delay (ideal)                             0.00      20.00
  clock uncertainty                                      -0.20      19.80
  FIFO/Memory/Memory_reg[0][7]/CK (DFFRQX2M)              0.00      19.80 r
  library setup time                                     -0.30      19.50
  data required time                                                19.50
  --------------------------------------------------------------------------
  data required time                                                19.50
  data arrival time                                                 -3.29
  --------------------------------------------------------------------------
  slack (MET)                                                       16.21


  Startpoint: D1/SYNC_RST_reg
              (rising edge-triggered flip-flop clocked by REF_DOMAIN)
  Endpoint: FIFO/Memory/Memory_reg[0][6]
            (rising edge-triggered flip-flop clocked by REF_DOMAIN)
  Path Group: REF_DOMAIN
  Path Type: max

  Point                                                   Incr       Path
  --------------------------------------------------------------------------
  clock REF_DOMAIN (rise edge)                            0.00       0.00
  clock network delay (ideal)                             0.00       0.00
  D1/SYNC_RST_reg/CK (DFFRQX2M)                           0.00       0.00 r
  D1/SYNC_RST_reg/Q (DFFRQX2M)                            0.48       0.48 f
  D1/SYNC_RST (RST_Sync_NUM_STAGES2_0)                    0.00       0.48 f
  U5/Y (INVX2M)                                           0.07       0.56 r
  U4/Y (INVX4M)                                           0.28       0.83 f
  FIFO/W_RST (fifo_top_width8)                            0.00       0.83 f
  FIFO/U2/Y (INVX2M)                                      0.13       0.96 r
  FIFO/U1/Y (INVX2M)                                      0.22       1.18 f
  FIFO/Write_Full/RST (fifo_wptr_full)                    0.00       1.18 f
  FIFO/Write_Full/U3/Y (INVX2M)                           0.11       1.29 r
  FIFO/Write_Full/U13/Y (NOR2X2M)                         0.05       1.33 f
  FIFO/Write_Full/U10/Y (AND4X2M)                         0.26       1.60 f
  FIFO/Write_Full/w_full (fifo_wptr_full)                 0.00       1.60 f
  FIFO/FULL (fifo_top_width8)                             0.00       1.60 f
  CTRL_UNIT/FIFO_FULL (SYS_CTRL)                          0.00       1.60 f
  CTRL_UNIT/U17/Y (INVX2M)                                0.10       1.69 r
  CTRL_UNIT/U51/Y (NAND2X2M)                              0.12       1.81 f
  CTRL_UNIT/U13/Y (NOR2BX2M)                              0.31       2.12 r
  CTRL_UNIT/U8/Y (OR3X2M)                                 0.22       2.34 r
  CTRL_UNIT/FIFO_WRITE_INC (SYS_CTRL)                     0.00       2.34 r
  FIFO/W_INC (fifo_top_width8)                            0.00       2.34 r
  FIFO/Memory/w_inc (fifo_memory_data_width8)             0.00       2.34 r
  FIFO/Memory/U15/Y (NOR2BX2M)                            0.15       2.50 r
  FIFO/Memory/U18/Y (NOR2BX2M)                            0.27       2.77 r
  FIFO/Memory/U14/Y (NAND3X2M)                            0.31       3.08 f
  FIFO/Memory/U25/Y (OAI2BB2X1M)                          0.21       3.29 r
  FIFO/Memory/Memory_reg[0][6]/D (DFFRQX2M)               0.00       3.29 r
  data arrival time                                                  3.29

  clock REF_DOMAIN (rise edge)                           20.00      20.00
  clock network delay (ideal)                             0.00      20.00
  clock uncertainty                                      -0.20      19.80
  FIFO/Memory/Memory_reg[0][6]/CK (DFFRQX2M)              0.00      19.80 r
  library setup time                                     -0.30      19.50
  data required time                                                19.50
  --------------------------------------------------------------------------
  data required time                                                19.50
  data arrival time                                                 -3.29
  --------------------------------------------------------------------------
  slack (MET)                                                       16.21


  Startpoint: D1/SYNC_RST_reg
              (rising edge-triggered flip-flop clocked by REF_DOMAIN)
  Endpoint: FIFO/Memory/Memory_reg[0][5]
            (rising edge-triggered flip-flop clocked by REF_DOMAIN)
  Path Group: REF_DOMAIN
  Path Type: max

  Point                                                   Incr       Path
  --------------------------------------------------------------------------
  clock REF_DOMAIN (rise edge)                            0.00       0.00
  clock network delay (ideal)                             0.00       0.00
  D1/SYNC_RST_reg/CK (DFFRQX2M)                           0.00       0.00 r
  D1/SYNC_RST_reg/Q (DFFRQX2M)                            0.48       0.48 f
  D1/SYNC_RST (RST_Sync_NUM_STAGES2_0)                    0.00       0.48 f
  U5/Y (INVX2M)                                           0.07       0.56 r
  U4/Y (INVX4M)                                           0.28       0.83 f
  FIFO/W_RST (fifo_top_width8)                            0.00       0.83 f
  FIFO/U2/Y (INVX2M)                                      0.13       0.96 r
  FIFO/U1/Y (INVX2M)                                      0.22       1.18 f
  FIFO/Write_Full/RST (fifo_wptr_full)                    0.00       1.18 f
  FIFO/Write_Full/U3/Y (INVX2M)                           0.11       1.29 r
  FIFO/Write_Full/U13/Y (NOR2X2M)                         0.05       1.33 f
  FIFO/Write_Full/U10/Y (AND4X2M)                         0.26       1.60 f
  FIFO/Write_Full/w_full (fifo_wptr_full)                 0.00       1.60 f
  FIFO/FULL (fifo_top_width8)                             0.00       1.60 f
  CTRL_UNIT/FIFO_FULL (SYS_CTRL)                          0.00       1.60 f
  CTRL_UNIT/U17/Y (INVX2M)                                0.10       1.69 r
  CTRL_UNIT/U51/Y (NAND2X2M)                              0.12       1.81 f
  CTRL_UNIT/U13/Y (NOR2BX2M)                              0.31       2.12 r
  CTRL_UNIT/U8/Y (OR3X2M)                                 0.22       2.34 r
  CTRL_UNIT/FIFO_WRITE_INC (SYS_CTRL)                     0.00       2.34 r
  FIFO/W_INC (fifo_top_width8)                            0.00       2.34 r
  FIFO/Memory/w_inc (fifo_memory_data_width8)             0.00       2.34 r
  FIFO/Memory/U15/Y (NOR2BX2M)                            0.15       2.50 r
  FIFO/Memory/U18/Y (NOR2BX2M)                            0.27       2.77 r
  FIFO/Memory/U14/Y (NAND3X2M)                            0.31       3.08 f
  FIFO/Memory/U24/Y (OAI2BB2X1M)                          0.21       3.29 r
  FIFO/Memory/Memory_reg[0][5]/D (DFFRQX2M)               0.00       3.29 r
  data arrival time                                                  3.29

  clock REF_DOMAIN (rise edge)                           20.00      20.00
  clock network delay (ideal)                             0.00      20.00
  clock uncertainty                                      -0.20      19.80
  FIFO/Memory/Memory_reg[0][5]/CK (DFFRQX2M)              0.00      19.80 r
  library setup time                                     -0.30      19.50
  data required time                                                19.50
  --------------------------------------------------------------------------
  data required time                                                19.50
  data arrival time                                                 -3.29
  --------------------------------------------------------------------------
  slack (MET)                                                       16.21


  Startpoint: D1/SYNC_RST_reg
              (rising edge-triggered flip-flop clocked by REF_DOMAIN)
  Endpoint: FIFO/Memory/Memory_reg[0][4]
            (rising edge-triggered flip-flop clocked by REF_DOMAIN)
  Path Group: REF_DOMAIN
  Path Type: max

  Point                                                   Incr       Path
  --------------------------------------------------------------------------
  clock REF_DOMAIN (rise edge)                            0.00       0.00
  clock network delay (ideal)                             0.00       0.00
  D1/SYNC_RST_reg/CK (DFFRQX2M)                           0.00       0.00 r
  D1/SYNC_RST_reg/Q (DFFRQX2M)                            0.48       0.48 f
  D1/SYNC_RST (RST_Sync_NUM_STAGES2_0)                    0.00       0.48 f
  U5/Y (INVX2M)                                           0.07       0.56 r
  U4/Y (INVX4M)                                           0.28       0.83 f
  FIFO/W_RST (fifo_top_width8)                            0.00       0.83 f
  FIFO/U2/Y (INVX2M)                                      0.13       0.96 r
  FIFO/U1/Y (INVX2M)                                      0.22       1.18 f
  FIFO/Write_Full/RST (fifo_wptr_full)                    0.00       1.18 f
  FIFO/Write_Full/U3/Y (INVX2M)                           0.11       1.29 r
  FIFO/Write_Full/U13/Y (NOR2X2M)                         0.05       1.33 f
  FIFO/Write_Full/U10/Y (AND4X2M)                         0.26       1.60 f
  FIFO/Write_Full/w_full (fifo_wptr_full)                 0.00       1.60 f
  FIFO/FULL (fifo_top_width8)                             0.00       1.60 f
  CTRL_UNIT/FIFO_FULL (SYS_CTRL)                          0.00       1.60 f
  CTRL_UNIT/U17/Y (INVX2M)                                0.10       1.69 r
  CTRL_UNIT/U51/Y (NAND2X2M)                              0.12       1.81 f
  CTRL_UNIT/U13/Y (NOR2BX2M)                              0.31       2.12 r
  CTRL_UNIT/U8/Y (OR3X2M)                                 0.22       2.34 r
  CTRL_UNIT/FIFO_WRITE_INC (SYS_CTRL)                     0.00       2.34 r
  FIFO/W_INC (fifo_top_width8)                            0.00       2.34 r
  FIFO/Memory/w_inc (fifo_memory_data_width8)             0.00       2.34 r
  FIFO/Memory/U15/Y (NOR2BX2M)                            0.15       2.50 r
  FIFO/Memory/U18/Y (NOR2BX2M)                            0.27       2.77 r
  FIFO/Memory/U14/Y (NAND3X2M)                            0.31       3.08 f
  FIFO/Memory/U23/Y (OAI2BB2X1M)                          0.21       3.29 r
  FIFO/Memory/Memory_reg[0][4]/D (DFFRQX2M)               0.00       3.29 r
  data arrival time                                                  3.29

  clock REF_DOMAIN (rise edge)                           20.00      20.00
  clock network delay (ideal)                             0.00      20.00
  clock uncertainty                                      -0.20      19.80
  FIFO/Memory/Memory_reg[0][4]/CK (DFFRQX2M)              0.00      19.80 r
  library setup time                                     -0.30      19.50
  data required time                                                19.50
  --------------------------------------------------------------------------
  data required time                                                19.50
  data arrival time                                                 -3.29
  --------------------------------------------------------------------------
  slack (MET)                                                       16.21


  Startpoint: D1/SYNC_RST_reg
              (rising edge-triggered flip-flop clocked by REF_DOMAIN)
  Endpoint: FIFO/Memory/Memory_reg[0][3]
            (rising edge-triggered flip-flop clocked by REF_DOMAIN)
  Path Group: REF_DOMAIN
  Path Type: max

  Point                                                   Incr       Path
  --------------------------------------------------------------------------
  clock REF_DOMAIN (rise edge)                            0.00       0.00
  clock network delay (ideal)                             0.00       0.00
  D1/SYNC_RST_reg/CK (DFFRQX2M)                           0.00       0.00 r
  D1/SYNC_RST_reg/Q (DFFRQX2M)                            0.48       0.48 f
  D1/SYNC_RST (RST_Sync_NUM_STAGES2_0)                    0.00       0.48 f
  U5/Y (INVX2M)                                           0.07       0.56 r
  U4/Y (INVX4M)                                           0.28       0.83 f
  FIFO/W_RST (fifo_top_width8)                            0.00       0.83 f
  FIFO/U2/Y (INVX2M)                                      0.13       0.96 r
  FIFO/U1/Y (INVX2M)                                      0.22       1.18 f
  FIFO/Write_Full/RST (fifo_wptr_full)                    0.00       1.18 f
  FIFO/Write_Full/U3/Y (INVX2M)                           0.11       1.29 r
  FIFO/Write_Full/U13/Y (NOR2X2M)                         0.05       1.33 f
  FIFO/Write_Full/U10/Y (AND4X2M)                         0.26       1.60 f
  FIFO/Write_Full/w_full (fifo_wptr_full)                 0.00       1.60 f
  FIFO/FULL (fifo_top_width8)                             0.00       1.60 f
  CTRL_UNIT/FIFO_FULL (SYS_CTRL)                          0.00       1.60 f
  CTRL_UNIT/U17/Y (INVX2M)                                0.10       1.69 r
  CTRL_UNIT/U51/Y (NAND2X2M)                              0.12       1.81 f
  CTRL_UNIT/U13/Y (NOR2BX2M)                              0.31       2.12 r
  CTRL_UNIT/U8/Y (OR3X2M)                                 0.22       2.34 r
  CTRL_UNIT/FIFO_WRITE_INC (SYS_CTRL)                     0.00       2.34 r
  FIFO/W_INC (fifo_top_width8)                            0.00       2.34 r
  FIFO/Memory/w_inc (fifo_memory_data_width8)             0.00       2.34 r
  FIFO/Memory/U15/Y (NOR2BX2M)                            0.15       2.50 r
  FIFO/Memory/U18/Y (NOR2BX2M)                            0.27       2.77 r
  FIFO/Memory/U14/Y (NAND3X2M)                            0.31       3.08 f
  FIFO/Memory/U22/Y (OAI2BB2X1M)                          0.21       3.29 r
  FIFO/Memory/Memory_reg[0][3]/D (DFFRQX2M)               0.00       3.29 r
  data arrival time                                                  3.29

  clock REF_DOMAIN (rise edge)                           20.00      20.00
  clock network delay (ideal)                             0.00      20.00
  clock uncertainty                                      -0.20      19.80
  FIFO/Memory/Memory_reg[0][3]/CK (DFFRQX2M)              0.00      19.80 r
  library setup time                                     -0.30      19.50
  data required time                                                19.50
  --------------------------------------------------------------------------
  data required time                                                19.50
  data arrival time                                                 -3.29
  --------------------------------------------------------------------------
  slack (MET)                                                       16.21


  Startpoint: D1/SYNC_RST_reg
              (rising edge-triggered flip-flop clocked by REF_DOMAIN)
  Endpoint: FIFO/Memory/Memory_reg[0][2]
            (rising edge-triggered flip-flop clocked by REF_DOMAIN)
  Path Group: REF_DOMAIN
  Path Type: max

  Point                                                   Incr       Path
  --------------------------------------------------------------------------
  clock REF_DOMAIN (rise edge)                            0.00       0.00
  clock network delay (ideal)                             0.00       0.00
  D1/SYNC_RST_reg/CK (DFFRQX2M)                           0.00       0.00 r
  D1/SYNC_RST_reg/Q (DFFRQX2M)                            0.48       0.48 f
  D1/SYNC_RST (RST_Sync_NUM_STAGES2_0)                    0.00       0.48 f
  U5/Y (INVX2M)                                           0.07       0.56 r
  U4/Y (INVX4M)                                           0.28       0.83 f
  FIFO/W_RST (fifo_top_width8)                            0.00       0.83 f
  FIFO/U2/Y (INVX2M)                                      0.13       0.96 r
  FIFO/U1/Y (INVX2M)                                      0.22       1.18 f
  FIFO/Write_Full/RST (fifo_wptr_full)                    0.00       1.18 f
  FIFO/Write_Full/U3/Y (INVX2M)                           0.11       1.29 r
  FIFO/Write_Full/U13/Y (NOR2X2M)                         0.05       1.33 f
  FIFO/Write_Full/U10/Y (AND4X2M)                         0.26       1.60 f
  FIFO/Write_Full/w_full (fifo_wptr_full)                 0.00       1.60 f
  FIFO/FULL (fifo_top_width8)                             0.00       1.60 f
  CTRL_UNIT/FIFO_FULL (SYS_CTRL)                          0.00       1.60 f
  CTRL_UNIT/U17/Y (INVX2M)                                0.10       1.69 r
  CTRL_UNIT/U51/Y (NAND2X2M)                              0.12       1.81 f
  CTRL_UNIT/U13/Y (NOR2BX2M)                              0.31       2.12 r
  CTRL_UNIT/U8/Y (OR3X2M)                                 0.22       2.34 r
  CTRL_UNIT/FIFO_WRITE_INC (SYS_CTRL)                     0.00       2.34 r
  FIFO/W_INC (fifo_top_width8)                            0.00       2.34 r
  FIFO/Memory/w_inc (fifo_memory_data_width8)             0.00       2.34 r
  FIFO/Memory/U15/Y (NOR2BX2M)                            0.15       2.50 r
  FIFO/Memory/U18/Y (NOR2BX2M)                            0.27       2.77 r
  FIFO/Memory/U14/Y (NAND3X2M)                            0.31       3.08 f
  FIFO/Memory/U21/Y (OAI2BB2X1M)                          0.21       3.29 r
  FIFO/Memory/Memory_reg[0][2]/D (DFFRQX2M)               0.00       3.29 r
  data arrival time                                                  3.29

  clock REF_DOMAIN (rise edge)                           20.00      20.00
  clock network delay (ideal)                             0.00      20.00
  clock uncertainty                                      -0.20      19.80
  FIFO/Memory/Memory_reg[0][2]/CK (DFFRQX2M)              0.00      19.80 r
  library setup time                                     -0.30      19.50
  data required time                                                19.50
  --------------------------------------------------------------------------
  data required time                                                19.50
  data arrival time                                                 -3.29
  --------------------------------------------------------------------------
  slack (MET)                                                       16.21


  Startpoint: D1/SYNC_RST_reg
              (rising edge-triggered flip-flop clocked by REF_DOMAIN)
  Endpoint: FIFO/Memory/Memory_reg[0][1]
            (rising edge-triggered flip-flop clocked by REF_DOMAIN)
  Path Group: REF_DOMAIN
  Path Type: max

  Point                                                   Incr       Path
  --------------------------------------------------------------------------
  clock REF_DOMAIN (rise edge)                            0.00       0.00
  clock network delay (ideal)                             0.00       0.00
  D1/SYNC_RST_reg/CK (DFFRQX2M)                           0.00       0.00 r
  D1/SYNC_RST_reg/Q (DFFRQX2M)                            0.48       0.48 f
  D1/SYNC_RST (RST_Sync_NUM_STAGES2_0)                    0.00       0.48 f
  U5/Y (INVX2M)                                           0.07       0.56 r
  U4/Y (INVX4M)                                           0.28       0.83 f
  FIFO/W_RST (fifo_top_width8)                            0.00       0.83 f
  FIFO/U2/Y (INVX2M)                                      0.13       0.96 r
  FIFO/U1/Y (INVX2M)                                      0.22       1.18 f
  FIFO/Write_Full/RST (fifo_wptr_full)                    0.00       1.18 f
  FIFO/Write_Full/U3/Y (INVX2M)                           0.11       1.29 r
  FIFO/Write_Full/U13/Y (NOR2X2M)                         0.05       1.33 f
  FIFO/Write_Full/U10/Y (AND4X2M)                         0.26       1.60 f
  FIFO/Write_Full/w_full (fifo_wptr_full)                 0.00       1.60 f
  FIFO/FULL (fifo_top_width8)                             0.00       1.60 f
  CTRL_UNIT/FIFO_FULL (SYS_CTRL)                          0.00       1.60 f
  CTRL_UNIT/U17/Y (INVX2M)                                0.10       1.69 r
  CTRL_UNIT/U51/Y (NAND2X2M)                              0.12       1.81 f
  CTRL_UNIT/U13/Y (NOR2BX2M)                              0.31       2.12 r
  CTRL_UNIT/U8/Y (OR3X2M)                                 0.22       2.34 r
  CTRL_UNIT/FIFO_WRITE_INC (SYS_CTRL)                     0.00       2.34 r
  FIFO/W_INC (fifo_top_width8)                            0.00       2.34 r
  FIFO/Memory/w_inc (fifo_memory_data_width8)             0.00       2.34 r
  FIFO/Memory/U15/Y (NOR2BX2M)                            0.15       2.50 r
  FIFO/Memory/U18/Y (NOR2BX2M)                            0.27       2.77 r
  FIFO/Memory/U14/Y (NAND3X2M)                            0.31       3.08 f
  FIFO/Memory/U20/Y (OAI2BB2X1M)                          0.21       3.29 r
  FIFO/Memory/Memory_reg[0][1]/D (DFFRQX2M)               0.00       3.29 r
  data arrival time                                                  3.29

  clock REF_DOMAIN (rise edge)                           20.00      20.00
  clock network delay (ideal)                             0.00      20.00
  clock uncertainty                                      -0.20      19.80
  FIFO/Memory/Memory_reg[0][1]/CK (DFFRQX2M)              0.00      19.80 r
  library setup time                                     -0.30      19.50
  data required time                                                19.50
  --------------------------------------------------------------------------
  data required time                                                19.50
  data arrival time                                                 -3.29
  --------------------------------------------------------------------------
  slack (MET)                                                       16.21


  Startpoint: D1/SYNC_RST_reg
              (rising edge-triggered flip-flop clocked by REF_DOMAIN)
  Endpoint: FIFO/Memory/Memory_reg[0][0]
            (rising edge-triggered flip-flop clocked by REF_DOMAIN)
  Path Group: REF_DOMAIN
  Path Type: max

  Point                                                   Incr       Path
  --------------------------------------------------------------------------
  clock REF_DOMAIN (rise edge)                            0.00       0.00
  clock network delay (ideal)                             0.00       0.00
  D1/SYNC_RST_reg/CK (DFFRQX2M)                           0.00       0.00 r
  D1/SYNC_RST_reg/Q (DFFRQX2M)                            0.48       0.48 f
  D1/SYNC_RST (RST_Sync_NUM_STAGES2_0)                    0.00       0.48 f
  U5/Y (INVX2M)                                           0.07       0.56 r
  U4/Y (INVX4M)                                           0.28       0.83 f
  FIFO/W_RST (fifo_top_width8)                            0.00       0.83 f
  FIFO/U2/Y (INVX2M)                                      0.13       0.96 r
  FIFO/U1/Y (INVX2M)                                      0.22       1.18 f
  FIFO/Write_Full/RST (fifo_wptr_full)                    0.00       1.18 f
  FIFO/Write_Full/U3/Y (INVX2M)                           0.11       1.29 r
  FIFO/Write_Full/U13/Y (NOR2X2M)                         0.05       1.33 f
  FIFO/Write_Full/U10/Y (AND4X2M)                         0.26       1.60 f
  FIFO/Write_Full/w_full (fifo_wptr_full)                 0.00       1.60 f
  FIFO/FULL (fifo_top_width8)                             0.00       1.60 f
  CTRL_UNIT/FIFO_FULL (SYS_CTRL)                          0.00       1.60 f
  CTRL_UNIT/U17/Y (INVX2M)                                0.10       1.69 r
  CTRL_UNIT/U51/Y (NAND2X2M)                              0.12       1.81 f
  CTRL_UNIT/U13/Y (NOR2BX2M)                              0.31       2.12 r
  CTRL_UNIT/U8/Y (OR3X2M)                                 0.22       2.34 r
  CTRL_UNIT/FIFO_WRITE_INC (SYS_CTRL)                     0.00       2.34 r
  FIFO/W_INC (fifo_top_width8)                            0.00       2.34 r
  FIFO/Memory/w_inc (fifo_memory_data_width8)             0.00       2.34 r
  FIFO/Memory/U15/Y (NOR2BX2M)                            0.15       2.50 r
  FIFO/Memory/U18/Y (NOR2BX2M)                            0.27       2.77 r
  FIFO/Memory/U14/Y (NAND3X2M)                            0.31       3.08 f
  FIFO/Memory/U19/Y (OAI2BB2X1M)                          0.21       3.29 r
  FIFO/Memory/Memory_reg[0][0]/D (DFFRQX2M)               0.00       3.29 r
  data arrival time                                                  3.29

  clock REF_DOMAIN (rise edge)                           20.00      20.00
  clock network delay (ideal)                             0.00      20.00
  clock uncertainty                                      -0.20      19.80
  FIFO/Memory/Memory_reg[0][0]/CK (DFFRQX2M)              0.00      19.80 r
  library setup time                                     -0.30      19.50
  data required time                                                19.50
  --------------------------------------------------------------------------
  data required time                                                19.50
  data arrival time                                                 -3.29
  --------------------------------------------------------------------------
  slack (MET)                                                       16.21


  Startpoint: D1/SYNC_RST_reg
              (rising edge-triggered flip-flop clocked by REF_DOMAIN)
  Endpoint: FIFO/Memory/Memory_reg[4][7]
            (rising edge-triggered flip-flop clocked by REF_DOMAIN)
  Path Group: REF_DOMAIN
  Path Type: max

  Point                                                   Incr       Path
  --------------------------------------------------------------------------
  clock REF_DOMAIN (rise edge)                            0.00       0.00
  clock network delay (ideal)                             0.00       0.00
  D1/SYNC_RST_reg/CK (DFFRQX2M)                           0.00       0.00 r
  D1/SYNC_RST_reg/Q (DFFRQX2M)                            0.39       0.39 r
  D1/SYNC_RST (RST_Sync_NUM_STAGES2_0)                    0.00       0.39 r
  U5/Y (INVX2M)                                           0.05       0.44 f
  U4/Y (INVX4M)                                           0.53       0.97 r
  FIFO/W_RST (fifo_top_width8)                            0.00       0.97 r
  FIFO/U2/Y (INVX2M)                                      0.10       1.07 f
  FIFO/U1/Y (INVX2M)                                      0.39       1.46 r
  FIFO/Write_Full/RST (fifo_wptr_full)                    0.00       1.46 r
  FIFO/Write_Full/U3/Y (INVX2M)                           0.09       1.56 f
  FIFO/Write_Full/U13/Y (NOR2X2M)                         0.10       1.66 r
  FIFO/Write_Full/U10/Y (AND4X2M)                         0.26       1.92 r
  FIFO/Write_Full/w_full (fifo_wptr_full)                 0.00       1.92 r
  FIFO/FULL (fifo_top_width8)                             0.00       1.92 r
  CTRL_UNIT/FIFO_FULL (SYS_CTRL)                          0.00       1.92 r
  CTRL_UNIT/U17/Y (INVX2M)                                0.08       2.00 f
  CTRL_UNIT/U51/Y (NAND2X2M)                              0.13       2.13 r
  CTRL_UNIT/U13/Y (NOR2BX2M)                              0.12       2.25 f
  CTRL_UNIT/U8/Y (OR3X2M)                                 0.26       2.51 f
  CTRL_UNIT/FIFO_WRITE_INC (SYS_CTRL)                     0.00       2.51 f
  FIFO/W_INC (fifo_top_width8)                            0.00       2.51 f
  FIFO/Memory/w_inc (fifo_memory_data_width8)             0.00       2.51 f
  FIFO/Memory/U15/Y (NOR2BX2M)                            0.14       2.65 f
  FIFO/Memory/U83/Y (AND2X2M)                             0.20       2.86 f
  FIFO/Memory/U13/Y (NAND3X2M)                            0.24       3.09 r
  FIFO/Memory/U50/Y (OAI2BB2X1M)                          0.19       3.29 r
  FIFO/Memory/Memory_reg[4][7]/D (DFFRQX2M)               0.00       3.29 r
  data arrival time                                                  3.29

  clock REF_DOMAIN (rise edge)                           20.00      20.00
  clock network delay (ideal)                             0.00      20.00
  clock uncertainty                                      -0.20      19.80
  FIFO/Memory/Memory_reg[4][7]/CK (DFFRQX2M)              0.00      19.80 r
  library setup time                                     -0.30      19.50
  data required time                                                19.50
  --------------------------------------------------------------------------
  data required time                                                19.50
  data arrival time                                                 -3.29
  --------------------------------------------------------------------------
  slack (MET)                                                       16.21


  Startpoint: D1/SYNC_RST_reg
              (rising edge-triggered flip-flop clocked by REF_DOMAIN)
  Endpoint: FIFO/Memory/Memory_reg[4][6]
            (rising edge-triggered flip-flop clocked by REF_DOMAIN)
  Path Group: REF_DOMAIN
  Path Type: max

  Point                                                   Incr       Path
  --------------------------------------------------------------------------
  clock REF_DOMAIN (rise edge)                            0.00       0.00
  clock network delay (ideal)                             0.00       0.00
  D1/SYNC_RST_reg/CK (DFFRQX2M)                           0.00       0.00 r
  D1/SYNC_RST_reg/Q (DFFRQX2M)                            0.39       0.39 r
  D1/SYNC_RST (RST_Sync_NUM_STAGES2_0)                    0.00       0.39 r
  U5/Y (INVX2M)                                           0.05       0.44 f
  U4/Y (INVX4M)                                           0.53       0.97 r
  FIFO/W_RST (fifo_top_width8)                            0.00       0.97 r
  FIFO/U2/Y (INVX2M)                                      0.10       1.07 f
  FIFO/U1/Y (INVX2M)                                      0.39       1.46 r
  FIFO/Write_Full/RST (fifo_wptr_full)                    0.00       1.46 r
  FIFO/Write_Full/U3/Y (INVX2M)                           0.09       1.56 f
  FIFO/Write_Full/U13/Y (NOR2X2M)                         0.10       1.66 r
  FIFO/Write_Full/U10/Y (AND4X2M)                         0.26       1.92 r
  FIFO/Write_Full/w_full (fifo_wptr_full)                 0.00       1.92 r
  FIFO/FULL (fifo_top_width8)                             0.00       1.92 r
  CTRL_UNIT/FIFO_FULL (SYS_CTRL)                          0.00       1.92 r
  CTRL_UNIT/U17/Y (INVX2M)                                0.08       2.00 f
  CTRL_UNIT/U51/Y (NAND2X2M)                              0.13       2.13 r
  CTRL_UNIT/U13/Y (NOR2BX2M)                              0.12       2.25 f
  CTRL_UNIT/U8/Y (OR3X2M)                                 0.26       2.51 f
  CTRL_UNIT/FIFO_WRITE_INC (SYS_CTRL)                     0.00       2.51 f
  FIFO/W_INC (fifo_top_width8)                            0.00       2.51 f
  FIFO/Memory/w_inc (fifo_memory_data_width8)             0.00       2.51 f
  FIFO/Memory/U15/Y (NOR2BX2M)                            0.14       2.65 f
  FIFO/Memory/U83/Y (AND2X2M)                             0.20       2.86 f
  FIFO/Memory/U13/Y (NAND3X2M)                            0.24       3.09 r
  FIFO/Memory/U49/Y (OAI2BB2X1M)                          0.19       3.29 r
  FIFO/Memory/Memory_reg[4][6]/D (DFFRQX2M)               0.00       3.29 r
  data arrival time                                                  3.29

  clock REF_DOMAIN (rise edge)                           20.00      20.00
  clock network delay (ideal)                             0.00      20.00
  clock uncertainty                                      -0.20      19.80
  FIFO/Memory/Memory_reg[4][6]/CK (DFFRQX2M)              0.00      19.80 r
  library setup time                                     -0.30      19.50
  data required time                                                19.50
  --------------------------------------------------------------------------
  data required time                                                19.50
  data arrival time                                                 -3.29
  --------------------------------------------------------------------------
  slack (MET)                                                       16.21


  Startpoint: D1/SYNC_RST_reg
              (rising edge-triggered flip-flop clocked by REF_DOMAIN)
  Endpoint: FIFO/Memory/Memory_reg[4][5]
            (rising edge-triggered flip-flop clocked by REF_DOMAIN)
  Path Group: REF_DOMAIN
  Path Type: max

  Point                                                   Incr       Path
  --------------------------------------------------------------------------
  clock REF_DOMAIN (rise edge)                            0.00       0.00
  clock network delay (ideal)                             0.00       0.00
  D1/SYNC_RST_reg/CK (DFFRQX2M)                           0.00       0.00 r
  D1/SYNC_RST_reg/Q (DFFRQX2M)                            0.39       0.39 r
  D1/SYNC_RST (RST_Sync_NUM_STAGES2_0)                    0.00       0.39 r
  U5/Y (INVX2M)                                           0.05       0.44 f
  U4/Y (INVX4M)                                           0.53       0.97 r
  FIFO/W_RST (fifo_top_width8)                            0.00       0.97 r
  FIFO/U2/Y (INVX2M)                                      0.10       1.07 f
  FIFO/U1/Y (INVX2M)                                      0.39       1.46 r
  FIFO/Write_Full/RST (fifo_wptr_full)                    0.00       1.46 r
  FIFO/Write_Full/U3/Y (INVX2M)                           0.09       1.56 f
  FIFO/Write_Full/U13/Y (NOR2X2M)                         0.10       1.66 r
  FIFO/Write_Full/U10/Y (AND4X2M)                         0.26       1.92 r
  FIFO/Write_Full/w_full (fifo_wptr_full)                 0.00       1.92 r
  FIFO/FULL (fifo_top_width8)                             0.00       1.92 r
  CTRL_UNIT/FIFO_FULL (SYS_CTRL)                          0.00       1.92 r
  CTRL_UNIT/U17/Y (INVX2M)                                0.08       2.00 f
  CTRL_UNIT/U51/Y (NAND2X2M)                              0.13       2.13 r
  CTRL_UNIT/U13/Y (NOR2BX2M)                              0.12       2.25 f
  CTRL_UNIT/U8/Y (OR3X2M)                                 0.26       2.51 f
  CTRL_UNIT/FIFO_WRITE_INC (SYS_CTRL)                     0.00       2.51 f
  FIFO/W_INC (fifo_top_width8)                            0.00       2.51 f
  FIFO/Memory/w_inc (fifo_memory_data_width8)             0.00       2.51 f
  FIFO/Memory/U15/Y (NOR2BX2M)                            0.14       2.65 f
  FIFO/Memory/U83/Y (AND2X2M)                             0.20       2.86 f
  FIFO/Memory/U13/Y (NAND3X2M)                            0.24       3.09 r
  FIFO/Memory/U48/Y (OAI2BB2X1M)                          0.19       3.29 r
  FIFO/Memory/Memory_reg[4][5]/D (DFFRQX2M)               0.00       3.29 r
  data arrival time                                                  3.29

  clock REF_DOMAIN (rise edge)                           20.00      20.00
  clock network delay (ideal)                             0.00      20.00
  clock uncertainty                                      -0.20      19.80
  FIFO/Memory/Memory_reg[4][5]/CK (DFFRQX2M)              0.00      19.80 r
  library setup time                                     -0.30      19.50
  data required time                                                19.50
  --------------------------------------------------------------------------
  data required time                                                19.50
  data arrival time                                                 -3.29
  --------------------------------------------------------------------------
  slack (MET)                                                       16.21


  Startpoint: D1/SYNC_RST_reg
              (rising edge-triggered flip-flop clocked by REF_DOMAIN)
  Endpoint: FIFO/Memory/Memory_reg[4][4]
            (rising edge-triggered flip-flop clocked by REF_DOMAIN)
  Path Group: REF_DOMAIN
  Path Type: max

  Point                                                   Incr       Path
  --------------------------------------------------------------------------
  clock REF_DOMAIN (rise edge)                            0.00       0.00
  clock network delay (ideal)                             0.00       0.00
  D1/SYNC_RST_reg/CK (DFFRQX2M)                           0.00       0.00 r
  D1/SYNC_RST_reg/Q (DFFRQX2M)                            0.39       0.39 r
  D1/SYNC_RST (RST_Sync_NUM_STAGES2_0)                    0.00       0.39 r
  U5/Y (INVX2M)                                           0.05       0.44 f
  U4/Y (INVX4M)                                           0.53       0.97 r
  FIFO/W_RST (fifo_top_width8)                            0.00       0.97 r
  FIFO/U2/Y (INVX2M)                                      0.10       1.07 f
  FIFO/U1/Y (INVX2M)                                      0.39       1.46 r
  FIFO/Write_Full/RST (fifo_wptr_full)                    0.00       1.46 r
  FIFO/Write_Full/U3/Y (INVX2M)                           0.09       1.56 f
  FIFO/Write_Full/U13/Y (NOR2X2M)                         0.10       1.66 r
  FIFO/Write_Full/U10/Y (AND4X2M)                         0.26       1.92 r
  FIFO/Write_Full/w_full (fifo_wptr_full)                 0.00       1.92 r
  FIFO/FULL (fifo_top_width8)                             0.00       1.92 r
  CTRL_UNIT/FIFO_FULL (SYS_CTRL)                          0.00       1.92 r
  CTRL_UNIT/U17/Y (INVX2M)                                0.08       2.00 f
  CTRL_UNIT/U51/Y (NAND2X2M)                              0.13       2.13 r
  CTRL_UNIT/U13/Y (NOR2BX2M)                              0.12       2.25 f
  CTRL_UNIT/U8/Y (OR3X2M)                                 0.26       2.51 f
  CTRL_UNIT/FIFO_WRITE_INC (SYS_CTRL)                     0.00       2.51 f
  FIFO/W_INC (fifo_top_width8)                            0.00       2.51 f
  FIFO/Memory/w_inc (fifo_memory_data_width8)             0.00       2.51 f
  FIFO/Memory/U15/Y (NOR2BX2M)                            0.14       2.65 f
  FIFO/Memory/U83/Y (AND2X2M)                             0.20       2.86 f
  FIFO/Memory/U13/Y (NAND3X2M)                            0.24       3.09 r
  FIFO/Memory/U47/Y (OAI2BB2X1M)                          0.19       3.29 r
  FIFO/Memory/Memory_reg[4][4]/D (DFFRQX2M)               0.00       3.29 r
  data arrival time                                                  3.29

  clock REF_DOMAIN (rise edge)                           20.00      20.00
  clock network delay (ideal)                             0.00      20.00
  clock uncertainty                                      -0.20      19.80
  FIFO/Memory/Memory_reg[4][4]/CK (DFFRQX2M)              0.00      19.80 r
  library setup time                                     -0.30      19.50
  data required time                                                19.50
  --------------------------------------------------------------------------
  data required time                                                19.50
  data arrival time                                                 -3.29
  --------------------------------------------------------------------------
  slack (MET)                                                       16.21


  Startpoint: D1/SYNC_RST_reg
              (rising edge-triggered flip-flop clocked by REF_DOMAIN)
  Endpoint: FIFO/Memory/Memory_reg[4][3]
            (rising edge-triggered flip-flop clocked by REF_DOMAIN)
  Path Group: REF_DOMAIN
  Path Type: max

  Point                                                   Incr       Path
  --------------------------------------------------------------------------
  clock REF_DOMAIN (rise edge)                            0.00       0.00
  clock network delay (ideal)                             0.00       0.00
  D1/SYNC_RST_reg/CK (DFFRQX2M)                           0.00       0.00 r
  D1/SYNC_RST_reg/Q (DFFRQX2M)                            0.39       0.39 r
  D1/SYNC_RST (RST_Sync_NUM_STAGES2_0)                    0.00       0.39 r
  U5/Y (INVX2M)                                           0.05       0.44 f
  U4/Y (INVX4M)                                           0.53       0.97 r
  FIFO/W_RST (fifo_top_width8)                            0.00       0.97 r
  FIFO/U2/Y (INVX2M)                                      0.10       1.07 f
  FIFO/U1/Y (INVX2M)                                      0.39       1.46 r
  FIFO/Write_Full/RST (fifo_wptr_full)                    0.00       1.46 r
  FIFO/Write_Full/U3/Y (INVX2M)                           0.09       1.56 f
  FIFO/Write_Full/U13/Y (NOR2X2M)                         0.10       1.66 r
  FIFO/Write_Full/U10/Y (AND4X2M)                         0.26       1.92 r
  FIFO/Write_Full/w_full (fifo_wptr_full)                 0.00       1.92 r
  FIFO/FULL (fifo_top_width8)                             0.00       1.92 r
  CTRL_UNIT/FIFO_FULL (SYS_CTRL)                          0.00       1.92 r
  CTRL_UNIT/U17/Y (INVX2M)                                0.08       2.00 f
  CTRL_UNIT/U51/Y (NAND2X2M)                              0.13       2.13 r
  CTRL_UNIT/U13/Y (NOR2BX2M)                              0.12       2.25 f
  CTRL_UNIT/U8/Y (OR3X2M)                                 0.26       2.51 f
  CTRL_UNIT/FIFO_WRITE_INC (SYS_CTRL)                     0.00       2.51 f
  FIFO/W_INC (fifo_top_width8)                            0.00       2.51 f
  FIFO/Memory/w_inc (fifo_memory_data_width8)             0.00       2.51 f
  FIFO/Memory/U15/Y (NOR2BX2M)                            0.14       2.65 f
  FIFO/Memory/U83/Y (AND2X2M)                             0.20       2.86 f
  FIFO/Memory/U13/Y (NAND3X2M)                            0.24       3.09 r
  FIFO/Memory/U46/Y (OAI2BB2X1M)                          0.19       3.29 r
  FIFO/Memory/Memory_reg[4][3]/D (DFFRQX2M)               0.00       3.29 r
  data arrival time                                                  3.29

  clock REF_DOMAIN (rise edge)                           20.00      20.00
  clock network delay (ideal)                             0.00      20.00
  clock uncertainty                                      -0.20      19.80
  FIFO/Memory/Memory_reg[4][3]/CK (DFFRQX2M)              0.00      19.80 r
  library setup time                                     -0.30      19.50
  data required time                                                19.50
  --------------------------------------------------------------------------
  data required time                                                19.50
  data arrival time                                                 -3.29
  --------------------------------------------------------------------------
  slack (MET)                                                       16.21


  Startpoint: D1/SYNC_RST_reg
              (rising edge-triggered flip-flop clocked by REF_DOMAIN)
  Endpoint: FIFO/Memory/Memory_reg[4][2]
            (rising edge-triggered flip-flop clocked by REF_DOMAIN)
  Path Group: REF_DOMAIN
  Path Type: max

  Point                                                   Incr       Path
  --------------------------------------------------------------------------
  clock REF_DOMAIN (rise edge)                            0.00       0.00
  clock network delay (ideal)                             0.00       0.00
  D1/SYNC_RST_reg/CK (DFFRQX2M)                           0.00       0.00 r
  D1/SYNC_RST_reg/Q (DFFRQX2M)                            0.39       0.39 r
  D1/SYNC_RST (RST_Sync_NUM_STAGES2_0)                    0.00       0.39 r
  U5/Y (INVX2M)                                           0.05       0.44 f
  U4/Y (INVX4M)                                           0.53       0.97 r
  FIFO/W_RST (fifo_top_width8)                            0.00       0.97 r
  FIFO/U2/Y (INVX2M)                                      0.10       1.07 f
  FIFO/U1/Y (INVX2M)                                      0.39       1.46 r
  FIFO/Write_Full/RST (fifo_wptr_full)                    0.00       1.46 r
  FIFO/Write_Full/U3/Y (INVX2M)                           0.09       1.56 f
  FIFO/Write_Full/U13/Y (NOR2X2M)                         0.10       1.66 r
  FIFO/Write_Full/U10/Y (AND4X2M)                         0.26       1.92 r
  FIFO/Write_Full/w_full (fifo_wptr_full)                 0.00       1.92 r
  FIFO/FULL (fifo_top_width8)                             0.00       1.92 r
  CTRL_UNIT/FIFO_FULL (SYS_CTRL)                          0.00       1.92 r
  CTRL_UNIT/U17/Y (INVX2M)                                0.08       2.00 f
  CTRL_UNIT/U51/Y (NAND2X2M)                              0.13       2.13 r
  CTRL_UNIT/U13/Y (NOR2BX2M)                              0.12       2.25 f
  CTRL_UNIT/U8/Y (OR3X2M)                                 0.26       2.51 f
  CTRL_UNIT/FIFO_WRITE_INC (SYS_CTRL)                     0.00       2.51 f
  FIFO/W_INC (fifo_top_width8)                            0.00       2.51 f
  FIFO/Memory/w_inc (fifo_memory_data_width8)             0.00       2.51 f
  FIFO/Memory/U15/Y (NOR2BX2M)                            0.14       2.65 f
  FIFO/Memory/U83/Y (AND2X2M)                             0.20       2.86 f
  FIFO/Memory/U13/Y (NAND3X2M)                            0.24       3.09 r
  FIFO/Memory/U45/Y (OAI2BB2X1M)                          0.19       3.29 r
  FIFO/Memory/Memory_reg[4][2]/D (DFFRQX2M)               0.00       3.29 r
  data arrival time                                                  3.29

  clock REF_DOMAIN (rise edge)                           20.00      20.00
  clock network delay (ideal)                             0.00      20.00
  clock uncertainty                                      -0.20      19.80
  FIFO/Memory/Memory_reg[4][2]/CK (DFFRQX2M)              0.00      19.80 r
  library setup time                                     -0.30      19.50
  data required time                                                19.50
  --------------------------------------------------------------------------
  data required time                                                19.50
  data arrival time                                                 -3.29
  --------------------------------------------------------------------------
  slack (MET)                                                       16.21


  Startpoint: D1/SYNC_RST_reg
              (rising edge-triggered flip-flop clocked by REF_DOMAIN)
  Endpoint: FIFO/Memory/Memory_reg[4][1]
            (rising edge-triggered flip-flop clocked by REF_DOMAIN)
  Path Group: REF_DOMAIN
  Path Type: max

  Point                                                   Incr       Path
  --------------------------------------------------------------------------
  clock REF_DOMAIN (rise edge)                            0.00       0.00
  clock network delay (ideal)                             0.00       0.00
  D1/SYNC_RST_reg/CK (DFFRQX2M)                           0.00       0.00 r
  D1/SYNC_RST_reg/Q (DFFRQX2M)                            0.39       0.39 r
  D1/SYNC_RST (RST_Sync_NUM_STAGES2_0)                    0.00       0.39 r
  U5/Y (INVX2M)                                           0.05       0.44 f
  U4/Y (INVX4M)                                           0.53       0.97 r
  FIFO/W_RST (fifo_top_width8)                            0.00       0.97 r
  FIFO/U2/Y (INVX2M)                                      0.10       1.07 f
  FIFO/U1/Y (INVX2M)                                      0.39       1.46 r
  FIFO/Write_Full/RST (fifo_wptr_full)                    0.00       1.46 r
  FIFO/Write_Full/U3/Y (INVX2M)                           0.09       1.56 f
  FIFO/Write_Full/U13/Y (NOR2X2M)                         0.10       1.66 r
  FIFO/Write_Full/U10/Y (AND4X2M)                         0.26       1.92 r
  FIFO/Write_Full/w_full (fifo_wptr_full)                 0.00       1.92 r
  FIFO/FULL (fifo_top_width8)                             0.00       1.92 r
  CTRL_UNIT/FIFO_FULL (SYS_CTRL)                          0.00       1.92 r
  CTRL_UNIT/U17/Y (INVX2M)                                0.08       2.00 f
  CTRL_UNIT/U51/Y (NAND2X2M)                              0.13       2.13 r
  CTRL_UNIT/U13/Y (NOR2BX2M)                              0.12       2.25 f
  CTRL_UNIT/U8/Y (OR3X2M)                                 0.26       2.51 f
  CTRL_UNIT/FIFO_WRITE_INC (SYS_CTRL)                     0.00       2.51 f
  FIFO/W_INC (fifo_top_width8)                            0.00       2.51 f
  FIFO/Memory/w_inc (fifo_memory_data_width8)             0.00       2.51 f
  FIFO/Memory/U15/Y (NOR2BX2M)                            0.14       2.65 f
  FIFO/Memory/U83/Y (AND2X2M)                             0.20       2.86 f
  FIFO/Memory/U13/Y (NAND3X2M)                            0.24       3.09 r
  FIFO/Memory/U44/Y (OAI2BB2X1M)                          0.19       3.29 r
  FIFO/Memory/Memory_reg[4][1]/D (DFFRQX2M)               0.00       3.29 r
  data arrival time                                                  3.29

  clock REF_DOMAIN (rise edge)                           20.00      20.00
  clock network delay (ideal)                             0.00      20.00
  clock uncertainty                                      -0.20      19.80
  FIFO/Memory/Memory_reg[4][1]/CK (DFFRQX2M)              0.00      19.80 r
  library setup time                                     -0.30      19.50
  data required time                                                19.50
  --------------------------------------------------------------------------
  data required time                                                19.50
  data arrival time                                                 -3.29
  --------------------------------------------------------------------------
  slack (MET)                                                       16.21


  Startpoint: D1/SYNC_RST_reg
              (rising edge-triggered flip-flop clocked by REF_DOMAIN)
  Endpoint: FIFO/Memory/Memory_reg[4][0]
            (rising edge-triggered flip-flop clocked by REF_DOMAIN)
  Path Group: REF_DOMAIN
  Path Type: max

  Point                                                   Incr       Path
  --------------------------------------------------------------------------
  clock REF_DOMAIN (rise edge)                            0.00       0.00
  clock network delay (ideal)                             0.00       0.00
  D1/SYNC_RST_reg/CK (DFFRQX2M)                           0.00       0.00 r
  D1/SYNC_RST_reg/Q (DFFRQX2M)                            0.39       0.39 r
  D1/SYNC_RST (RST_Sync_NUM_STAGES2_0)                    0.00       0.39 r
  U5/Y (INVX2M)                                           0.05       0.44 f
  U4/Y (INVX4M)                                           0.53       0.97 r
  FIFO/W_RST (fifo_top_width8)                            0.00       0.97 r
  FIFO/U2/Y (INVX2M)                                      0.10       1.07 f
  FIFO/U1/Y (INVX2M)                                      0.39       1.46 r
  FIFO/Write_Full/RST (fifo_wptr_full)                    0.00       1.46 r
  FIFO/Write_Full/U3/Y (INVX2M)                           0.09       1.56 f
  FIFO/Write_Full/U13/Y (NOR2X2M)                         0.10       1.66 r
  FIFO/Write_Full/U10/Y (AND4X2M)                         0.26       1.92 r
  FIFO/Write_Full/w_full (fifo_wptr_full)                 0.00       1.92 r
  FIFO/FULL (fifo_top_width8)                             0.00       1.92 r
  CTRL_UNIT/FIFO_FULL (SYS_CTRL)                          0.00       1.92 r
  CTRL_UNIT/U17/Y (INVX2M)                                0.08       2.00 f
  CTRL_UNIT/U51/Y (NAND2X2M)                              0.13       2.13 r
  CTRL_UNIT/U13/Y (NOR2BX2M)                              0.12       2.25 f
  CTRL_UNIT/U8/Y (OR3X2M)                                 0.26       2.51 f
  CTRL_UNIT/FIFO_WRITE_INC (SYS_CTRL)                     0.00       2.51 f
  FIFO/W_INC (fifo_top_width8)                            0.00       2.51 f
  FIFO/Memory/w_inc (fifo_memory_data_width8)             0.00       2.51 f
  FIFO/Memory/U15/Y (NOR2BX2M)                            0.14       2.65 f
  FIFO/Memory/U83/Y (AND2X2M)                             0.20       2.86 f
  FIFO/Memory/U13/Y (NAND3X2M)                            0.24       3.09 r
  FIFO/Memory/U43/Y (OAI2BB2X1M)                          0.19       3.29 r
  FIFO/Memory/Memory_reg[4][0]/D (DFFRQX2M)               0.00       3.29 r
  data arrival time                                                  3.29

  clock REF_DOMAIN (rise edge)                           20.00      20.00
  clock network delay (ideal)                             0.00      20.00
  clock uncertainty                                      -0.20      19.80
  FIFO/Memory/Memory_reg[4][0]/CK (DFFRQX2M)              0.00      19.80 r
  library setup time                                     -0.30      19.50
  data required time                                                19.50
  --------------------------------------------------------------------------
  data required time                                                19.50
  data arrival time                                                 -3.29
  --------------------------------------------------------------------------
  slack (MET)                                                       16.21


  Startpoint: D1/SYNC_RST_reg
              (rising edge-triggered flip-flop clocked by REF_DOMAIN)
  Endpoint: FIFO/Memory/Memory_reg[3][7]
            (rising edge-triggered flip-flop clocked by REF_DOMAIN)
  Path Group: REF_DOMAIN
  Path Type: max

  Point                                                   Incr       Path
  --------------------------------------------------------------------------
  clock REF_DOMAIN (rise edge)                            0.00       0.00
  clock network delay (ideal)                             0.00       0.00
  D1/SYNC_RST_reg/CK (DFFRQX2M)                           0.00       0.00 r
  D1/SYNC_RST_reg/Q (DFFRQX2M)                            0.48       0.48 f
  D1/SYNC_RST (RST_Sync_NUM_STAGES2_0)                    0.00       0.48 f
  U5/Y (INVX2M)                                           0.07       0.56 r
  U4/Y (INVX4M)                                           0.28       0.83 f
  FIFO/W_RST (fifo_top_width8)                            0.00       0.83 f
  FIFO/U2/Y (INVX2M)                                      0.13       0.96 r
  FIFO/U1/Y (INVX2M)                                      0.22       1.18 f
  FIFO/Write_Full/RST (fifo_wptr_full)                    0.00       1.18 f
  FIFO/Write_Full/U3/Y (INVX2M)                           0.11       1.29 r
  FIFO/Write_Full/U13/Y (NOR2X2M)                         0.05       1.33 f
  FIFO/Write_Full/U10/Y (AND4X2M)                         0.26       1.60 f
  FIFO/Write_Full/w_full (fifo_wptr_full)                 0.00       1.60 f
  FIFO/FULL (fifo_top_width8)                             0.00       1.60 f
  CTRL_UNIT/FIFO_FULL (SYS_CTRL)                          0.00       1.60 f
  CTRL_UNIT/U17/Y (INVX2M)                                0.10       1.69 r
  CTRL_UNIT/U51/Y (NAND2X2M)                              0.12       1.81 f
  CTRL_UNIT/U13/Y (NOR2BX2M)                              0.31       2.12 r
  CTRL_UNIT/U8/Y (OR3X2M)                                 0.22       2.34 r
  CTRL_UNIT/FIFO_WRITE_INC (SYS_CTRL)                     0.00       2.34 r
  FIFO/W_INC (fifo_top_width8)                            0.00       2.34 r
  FIFO/Memory/w_inc (fifo_memory_data_width8)             0.00       2.34 r
  FIFO/Memory/U15/Y (NOR2BX2M)                            0.15       2.50 r
  FIFO/Memory/U18/Y (NOR2BX2M)                            0.27       2.77 r
  FIFO/Memory/U16/Y (NAND3X2M)                            0.31       3.08 f
  FIFO/Memory/U34/Y (OAI2BB2X1M)                          0.20       3.28 r
  FIFO/Memory/Memory_reg[3][7]/D (DFFRQX2M)               0.00       3.28 r
  data arrival time                                                  3.28

  clock REF_DOMAIN (rise edge)                           20.00      20.00
  clock network delay (ideal)                             0.00      20.00
  clock uncertainty                                      -0.20      19.80
  FIFO/Memory/Memory_reg[3][7]/CK (DFFRQX2M)              0.00      19.80 r
  library setup time                                     -0.30      19.50
  data required time                                                19.50
  --------------------------------------------------------------------------
  data required time                                                19.50
  data arrival time                                                 -3.28
  --------------------------------------------------------------------------
  slack (MET)                                                       16.23


  Startpoint: D1/SYNC_RST_reg
              (rising edge-triggered flip-flop clocked by REF_DOMAIN)
  Endpoint: FIFO/Memory/Memory_reg[3][6]
            (rising edge-triggered flip-flop clocked by REF_DOMAIN)
  Path Group: REF_DOMAIN
  Path Type: max

  Point                                                   Incr       Path
  --------------------------------------------------------------------------
  clock REF_DOMAIN (rise edge)                            0.00       0.00
  clock network delay (ideal)                             0.00       0.00
  D1/SYNC_RST_reg/CK (DFFRQX2M)                           0.00       0.00 r
  D1/SYNC_RST_reg/Q (DFFRQX2M)                            0.48       0.48 f
  D1/SYNC_RST (RST_Sync_NUM_STAGES2_0)                    0.00       0.48 f
  U5/Y (INVX2M)                                           0.07       0.56 r
  U4/Y (INVX4M)                                           0.28       0.83 f
  FIFO/W_RST (fifo_top_width8)                            0.00       0.83 f
  FIFO/U2/Y (INVX2M)                                      0.13       0.96 r
  FIFO/U1/Y (INVX2M)                                      0.22       1.18 f
  FIFO/Write_Full/RST (fifo_wptr_full)                    0.00       1.18 f
  FIFO/Write_Full/U3/Y (INVX2M)                           0.11       1.29 r
  FIFO/Write_Full/U13/Y (NOR2X2M)                         0.05       1.33 f
  FIFO/Write_Full/U10/Y (AND4X2M)                         0.26       1.60 f
  FIFO/Write_Full/w_full (fifo_wptr_full)                 0.00       1.60 f
  FIFO/FULL (fifo_top_width8)                             0.00       1.60 f
  CTRL_UNIT/FIFO_FULL (SYS_CTRL)                          0.00       1.60 f
  CTRL_UNIT/U17/Y (INVX2M)                                0.10       1.69 r
  CTRL_UNIT/U51/Y (NAND2X2M)                              0.12       1.81 f
  CTRL_UNIT/U13/Y (NOR2BX2M)                              0.31       2.12 r
  CTRL_UNIT/U8/Y (OR3X2M)                                 0.22       2.34 r
  CTRL_UNIT/FIFO_WRITE_INC (SYS_CTRL)                     0.00       2.34 r
  FIFO/W_INC (fifo_top_width8)                            0.00       2.34 r
  FIFO/Memory/w_inc (fifo_memory_data_width8)             0.00       2.34 r
  FIFO/Memory/U15/Y (NOR2BX2M)                            0.15       2.50 r
  FIFO/Memory/U18/Y (NOR2BX2M)                            0.27       2.77 r
  FIFO/Memory/U16/Y (NAND3X2M)                            0.31       3.08 f
  FIFO/Memory/U33/Y (OAI2BB2X1M)                          0.20       3.28 r
  FIFO/Memory/Memory_reg[3][6]/D (DFFRQX2M)               0.00       3.28 r
  data arrival time                                                  3.28

  clock REF_DOMAIN (rise edge)                           20.00      20.00
  clock network delay (ideal)                             0.00      20.00
  clock uncertainty                                      -0.20      19.80
  FIFO/Memory/Memory_reg[3][6]/CK (DFFRQX2M)              0.00      19.80 r
  library setup time                                     -0.30      19.50
  data required time                                                19.50
  --------------------------------------------------------------------------
  data required time                                                19.50
  data arrival time                                                 -3.28
  --------------------------------------------------------------------------
  slack (MET)                                                       16.23


  Startpoint: D1/SYNC_RST_reg
              (rising edge-triggered flip-flop clocked by REF_DOMAIN)
  Endpoint: FIFO/Memory/Memory_reg[3][5]
            (rising edge-triggered flip-flop clocked by REF_DOMAIN)
  Path Group: REF_DOMAIN
  Path Type: max

  Point                                                   Incr       Path
  --------------------------------------------------------------------------
  clock REF_DOMAIN (rise edge)                            0.00       0.00
  clock network delay (ideal)                             0.00       0.00
  D1/SYNC_RST_reg/CK (DFFRQX2M)                           0.00       0.00 r
  D1/SYNC_RST_reg/Q (DFFRQX2M)                            0.48       0.48 f
  D1/SYNC_RST (RST_Sync_NUM_STAGES2_0)                    0.00       0.48 f
  U5/Y (INVX2M)                                           0.07       0.56 r
  U4/Y (INVX4M)                                           0.28       0.83 f
  FIFO/W_RST (fifo_top_width8)                            0.00       0.83 f
  FIFO/U2/Y (INVX2M)                                      0.13       0.96 r
  FIFO/U1/Y (INVX2M)                                      0.22       1.18 f
  FIFO/Write_Full/RST (fifo_wptr_full)                    0.00       1.18 f
  FIFO/Write_Full/U3/Y (INVX2M)                           0.11       1.29 r
  FIFO/Write_Full/U13/Y (NOR2X2M)                         0.05       1.33 f
  FIFO/Write_Full/U10/Y (AND4X2M)                         0.26       1.60 f
  FIFO/Write_Full/w_full (fifo_wptr_full)                 0.00       1.60 f
  FIFO/FULL (fifo_top_width8)                             0.00       1.60 f
  CTRL_UNIT/FIFO_FULL (SYS_CTRL)                          0.00       1.60 f
  CTRL_UNIT/U17/Y (INVX2M)                                0.10       1.69 r
  CTRL_UNIT/U51/Y (NAND2X2M)                              0.12       1.81 f
  CTRL_UNIT/U13/Y (NOR2BX2M)                              0.31       2.12 r
  CTRL_UNIT/U8/Y (OR3X2M)                                 0.22       2.34 r
  CTRL_UNIT/FIFO_WRITE_INC (SYS_CTRL)                     0.00       2.34 r
  FIFO/W_INC (fifo_top_width8)                            0.00       2.34 r
  FIFO/Memory/w_inc (fifo_memory_data_width8)             0.00       2.34 r
  FIFO/Memory/U15/Y (NOR2BX2M)                            0.15       2.50 r
  FIFO/Memory/U18/Y (NOR2BX2M)                            0.27       2.77 r
  FIFO/Memory/U16/Y (NAND3X2M)                            0.31       3.08 f
  FIFO/Memory/U32/Y (OAI2BB2X1M)                          0.20       3.28 r
  FIFO/Memory/Memory_reg[3][5]/D (DFFRQX2M)               0.00       3.28 r
  data arrival time                                                  3.28

  clock REF_DOMAIN (rise edge)                           20.00      20.00
  clock network delay (ideal)                             0.00      20.00
  clock uncertainty                                      -0.20      19.80
  FIFO/Memory/Memory_reg[3][5]/CK (DFFRQX2M)              0.00      19.80 r
  library setup time                                     -0.30      19.50
  data required time                                                19.50
  --------------------------------------------------------------------------
  data required time                                                19.50
  data arrival time                                                 -3.28
  --------------------------------------------------------------------------
  slack (MET)                                                       16.23


  Startpoint: D1/SYNC_RST_reg
              (rising edge-triggered flip-flop clocked by REF_DOMAIN)
  Endpoint: FIFO/Memory/Memory_reg[3][4]
            (rising edge-triggered flip-flop clocked by REF_DOMAIN)
  Path Group: REF_DOMAIN
  Path Type: max

  Point                                                   Incr       Path
  --------------------------------------------------------------------------
  clock REF_DOMAIN (rise edge)                            0.00       0.00
  clock network delay (ideal)                             0.00       0.00
  D1/SYNC_RST_reg/CK (DFFRQX2M)                           0.00       0.00 r
  D1/SYNC_RST_reg/Q (DFFRQX2M)                            0.48       0.48 f
  D1/SYNC_RST (RST_Sync_NUM_STAGES2_0)                    0.00       0.48 f
  U5/Y (INVX2M)                                           0.07       0.56 r
  U4/Y (INVX4M)                                           0.28       0.83 f
  FIFO/W_RST (fifo_top_width8)                            0.00       0.83 f
  FIFO/U2/Y (INVX2M)                                      0.13       0.96 r
  FIFO/U1/Y (INVX2M)                                      0.22       1.18 f
  FIFO/Write_Full/RST (fifo_wptr_full)                    0.00       1.18 f
  FIFO/Write_Full/U3/Y (INVX2M)                           0.11       1.29 r
  FIFO/Write_Full/U13/Y (NOR2X2M)                         0.05       1.33 f
  FIFO/Write_Full/U10/Y (AND4X2M)                         0.26       1.60 f
  FIFO/Write_Full/w_full (fifo_wptr_full)                 0.00       1.60 f
  FIFO/FULL (fifo_top_width8)                             0.00       1.60 f
  CTRL_UNIT/FIFO_FULL (SYS_CTRL)                          0.00       1.60 f
  CTRL_UNIT/U17/Y (INVX2M)                                0.10       1.69 r
  CTRL_UNIT/U51/Y (NAND2X2M)                              0.12       1.81 f
  CTRL_UNIT/U13/Y (NOR2BX2M)                              0.31       2.12 r
  CTRL_UNIT/U8/Y (OR3X2M)                                 0.22       2.34 r
  CTRL_UNIT/FIFO_WRITE_INC (SYS_CTRL)                     0.00       2.34 r
  FIFO/W_INC (fifo_top_width8)                            0.00       2.34 r
  FIFO/Memory/w_inc (fifo_memory_data_width8)             0.00       2.34 r
  FIFO/Memory/U15/Y (NOR2BX2M)                            0.15       2.50 r
  FIFO/Memory/U18/Y (NOR2BX2M)                            0.27       2.77 r
  FIFO/Memory/U16/Y (NAND3X2M)                            0.31       3.08 f
  FIFO/Memory/U31/Y (OAI2BB2X1M)                          0.20       3.28 r
  FIFO/Memory/Memory_reg[3][4]/D (DFFRQX2M)               0.00       3.28 r
  data arrival time                                                  3.28

  clock REF_DOMAIN (rise edge)                           20.00      20.00
  clock network delay (ideal)                             0.00      20.00
  clock uncertainty                                      -0.20      19.80
  FIFO/Memory/Memory_reg[3][4]/CK (DFFRQX2M)              0.00      19.80 r
  library setup time                                     -0.30      19.50
  data required time                                                19.50
  --------------------------------------------------------------------------
  data required time                                                19.50
  data arrival time                                                 -3.28
  --------------------------------------------------------------------------
  slack (MET)                                                       16.23


  Startpoint: D1/SYNC_RST_reg
              (rising edge-triggered flip-flop clocked by REF_DOMAIN)
  Endpoint: FIFO/Memory/Memory_reg[3][3]
            (rising edge-triggered flip-flop clocked by REF_DOMAIN)
  Path Group: REF_DOMAIN
  Path Type: max

  Point                                                   Incr       Path
  --------------------------------------------------------------------------
  clock REF_DOMAIN (rise edge)                            0.00       0.00
  clock network delay (ideal)                             0.00       0.00
  D1/SYNC_RST_reg/CK (DFFRQX2M)                           0.00       0.00 r
  D1/SYNC_RST_reg/Q (DFFRQX2M)                            0.48       0.48 f
  D1/SYNC_RST (RST_Sync_NUM_STAGES2_0)                    0.00       0.48 f
  U5/Y (INVX2M)                                           0.07       0.56 r
  U4/Y (INVX4M)                                           0.28       0.83 f
  FIFO/W_RST (fifo_top_width8)                            0.00       0.83 f
  FIFO/U2/Y (INVX2M)                                      0.13       0.96 r
  FIFO/U1/Y (INVX2M)                                      0.22       1.18 f
  FIFO/Write_Full/RST (fifo_wptr_full)                    0.00       1.18 f
  FIFO/Write_Full/U3/Y (INVX2M)                           0.11       1.29 r
  FIFO/Write_Full/U13/Y (NOR2X2M)                         0.05       1.33 f
  FIFO/Write_Full/U10/Y (AND4X2M)                         0.26       1.60 f
  FIFO/Write_Full/w_full (fifo_wptr_full)                 0.00       1.60 f
  FIFO/FULL (fifo_top_width8)                             0.00       1.60 f
  CTRL_UNIT/FIFO_FULL (SYS_CTRL)                          0.00       1.60 f
  CTRL_UNIT/U17/Y (INVX2M)                                0.10       1.69 r
  CTRL_UNIT/U51/Y (NAND2X2M)                              0.12       1.81 f
  CTRL_UNIT/U13/Y (NOR2BX2M)                              0.31       2.12 r
  CTRL_UNIT/U8/Y (OR3X2M)                                 0.22       2.34 r
  CTRL_UNIT/FIFO_WRITE_INC (SYS_CTRL)                     0.00       2.34 r
  FIFO/W_INC (fifo_top_width8)                            0.00       2.34 r
  FIFO/Memory/w_inc (fifo_memory_data_width8)             0.00       2.34 r
  FIFO/Memory/U15/Y (NOR2BX2M)                            0.15       2.50 r
  FIFO/Memory/U18/Y (NOR2BX2M)                            0.27       2.77 r
  FIFO/Memory/U16/Y (NAND3X2M)                            0.31       3.08 f
  FIFO/Memory/U30/Y (OAI2BB2X1M)                          0.20       3.28 r
  FIFO/Memory/Memory_reg[3][3]/D (DFFRQX2M)               0.00       3.28 r
  data arrival time                                                  3.28

  clock REF_DOMAIN (rise edge)                           20.00      20.00
  clock network delay (ideal)                             0.00      20.00
  clock uncertainty                                      -0.20      19.80
  FIFO/Memory/Memory_reg[3][3]/CK (DFFRQX2M)              0.00      19.80 r
  library setup time                                     -0.30      19.50
  data required time                                                19.50
  --------------------------------------------------------------------------
  data required time                                                19.50
  data arrival time                                                 -3.28
  --------------------------------------------------------------------------
  slack (MET)                                                       16.23


  Startpoint: D1/SYNC_RST_reg
              (rising edge-triggered flip-flop clocked by REF_DOMAIN)
  Endpoint: FIFO/Memory/Memory_reg[3][2]
            (rising edge-triggered flip-flop clocked by REF_DOMAIN)
  Path Group: REF_DOMAIN
  Path Type: max

  Point                                                   Incr       Path
  --------------------------------------------------------------------------
  clock REF_DOMAIN (rise edge)                            0.00       0.00
  clock network delay (ideal)                             0.00       0.00
  D1/SYNC_RST_reg/CK (DFFRQX2M)                           0.00       0.00 r
  D1/SYNC_RST_reg/Q (DFFRQX2M)                            0.48       0.48 f
  D1/SYNC_RST (RST_Sync_NUM_STAGES2_0)                    0.00       0.48 f
  U5/Y (INVX2M)                                           0.07       0.56 r
  U4/Y (INVX4M)                                           0.28       0.83 f
  FIFO/W_RST (fifo_top_width8)                            0.00       0.83 f
  FIFO/U2/Y (INVX2M)                                      0.13       0.96 r
  FIFO/U1/Y (INVX2M)                                      0.22       1.18 f
  FIFO/Write_Full/RST (fifo_wptr_full)                    0.00       1.18 f
  FIFO/Write_Full/U3/Y (INVX2M)                           0.11       1.29 r
  FIFO/Write_Full/U13/Y (NOR2X2M)                         0.05       1.33 f
  FIFO/Write_Full/U10/Y (AND4X2M)                         0.26       1.60 f
  FIFO/Write_Full/w_full (fifo_wptr_full)                 0.00       1.60 f
  FIFO/FULL (fifo_top_width8)                             0.00       1.60 f
  CTRL_UNIT/FIFO_FULL (SYS_CTRL)                          0.00       1.60 f
  CTRL_UNIT/U17/Y (INVX2M)                                0.10       1.69 r
  CTRL_UNIT/U51/Y (NAND2X2M)                              0.12       1.81 f
  CTRL_UNIT/U13/Y (NOR2BX2M)                              0.31       2.12 r
  CTRL_UNIT/U8/Y (OR3X2M)                                 0.22       2.34 r
  CTRL_UNIT/FIFO_WRITE_INC (SYS_CTRL)                     0.00       2.34 r
  FIFO/W_INC (fifo_top_width8)                            0.00       2.34 r
  FIFO/Memory/w_inc (fifo_memory_data_width8)             0.00       2.34 r
  FIFO/Memory/U15/Y (NOR2BX2M)                            0.15       2.50 r
  FIFO/Memory/U18/Y (NOR2BX2M)                            0.27       2.77 r
  FIFO/Memory/U16/Y (NAND3X2M)                            0.31       3.08 f
  FIFO/Memory/U29/Y (OAI2BB2X1M)                          0.20       3.28 r
  FIFO/Memory/Memory_reg[3][2]/D (DFFRQX2M)               0.00       3.28 r
  data arrival time                                                  3.28

  clock REF_DOMAIN (rise edge)                           20.00      20.00
  clock network delay (ideal)                             0.00      20.00
  clock uncertainty                                      -0.20      19.80
  FIFO/Memory/Memory_reg[3][2]/CK (DFFRQX2M)              0.00      19.80 r
  library setup time                                     -0.30      19.50
  data required time                                                19.50
  --------------------------------------------------------------------------
  data required time                                                19.50
  data arrival time                                                 -3.28
  --------------------------------------------------------------------------
  slack (MET)                                                       16.23


  Startpoint: D1/SYNC_RST_reg
              (rising edge-triggered flip-flop clocked by REF_DOMAIN)
  Endpoint: FIFO/Memory/Memory_reg[3][1]
            (rising edge-triggered flip-flop clocked by REF_DOMAIN)
  Path Group: REF_DOMAIN
  Path Type: max

  Point                                                   Incr       Path
  --------------------------------------------------------------------------
  clock REF_DOMAIN (rise edge)                            0.00       0.00
  clock network delay (ideal)                             0.00       0.00
  D1/SYNC_RST_reg/CK (DFFRQX2M)                           0.00       0.00 r
  D1/SYNC_RST_reg/Q (DFFRQX2M)                            0.48       0.48 f
  D1/SYNC_RST (RST_Sync_NUM_STAGES2_0)                    0.00       0.48 f
  U5/Y (INVX2M)                                           0.07       0.56 r
  U4/Y (INVX4M)                                           0.28       0.83 f
  FIFO/W_RST (fifo_top_width8)                            0.00       0.83 f
  FIFO/U2/Y (INVX2M)                                      0.13       0.96 r
  FIFO/U1/Y (INVX2M)                                      0.22       1.18 f
  FIFO/Write_Full/RST (fifo_wptr_full)                    0.00       1.18 f
  FIFO/Write_Full/U3/Y (INVX2M)                           0.11       1.29 r
  FIFO/Write_Full/U13/Y (NOR2X2M)                         0.05       1.33 f
  FIFO/Write_Full/U10/Y (AND4X2M)                         0.26       1.60 f
  FIFO/Write_Full/w_full (fifo_wptr_full)                 0.00       1.60 f
  FIFO/FULL (fifo_top_width8)                             0.00       1.60 f
  CTRL_UNIT/FIFO_FULL (SYS_CTRL)                          0.00       1.60 f
  CTRL_UNIT/U17/Y (INVX2M)                                0.10       1.69 r
  CTRL_UNIT/U51/Y (NAND2X2M)                              0.12       1.81 f
  CTRL_UNIT/U13/Y (NOR2BX2M)                              0.31       2.12 r
  CTRL_UNIT/U8/Y (OR3X2M)                                 0.22       2.34 r
  CTRL_UNIT/FIFO_WRITE_INC (SYS_CTRL)                     0.00       2.34 r
  FIFO/W_INC (fifo_top_width8)                            0.00       2.34 r
  FIFO/Memory/w_inc (fifo_memory_data_width8)             0.00       2.34 r
  FIFO/Memory/U15/Y (NOR2BX2M)                            0.15       2.50 r
  FIFO/Memory/U18/Y (NOR2BX2M)                            0.27       2.77 r
  FIFO/Memory/U16/Y (NAND3X2M)                            0.31       3.08 f
  FIFO/Memory/U28/Y (OAI2BB2X1M)                          0.20       3.28 r
  FIFO/Memory/Memory_reg[3][1]/D (DFFRQX2M)               0.00       3.28 r
  data arrival time                                                  3.28

  clock REF_DOMAIN (rise edge)                           20.00      20.00
  clock network delay (ideal)                             0.00      20.00
  clock uncertainty                                      -0.20      19.80
  FIFO/Memory/Memory_reg[3][1]/CK (DFFRQX2M)              0.00      19.80 r
  library setup time                                     -0.30      19.50
  data required time                                                19.50
  --------------------------------------------------------------------------
  data required time                                                19.50
  data arrival time                                                 -3.28
  --------------------------------------------------------------------------
  slack (MET)                                                       16.23


  Startpoint: D1/SYNC_RST_reg
              (rising edge-triggered flip-flop clocked by REF_DOMAIN)
  Endpoint: FIFO/Memory/Memory_reg[3][0]
            (rising edge-triggered flip-flop clocked by REF_DOMAIN)
  Path Group: REF_DOMAIN
  Path Type: max

  Point                                                   Incr       Path
  --------------------------------------------------------------------------
  clock REF_DOMAIN (rise edge)                            0.00       0.00
  clock network delay (ideal)                             0.00       0.00
  D1/SYNC_RST_reg/CK (DFFRQX2M)                           0.00       0.00 r
  D1/SYNC_RST_reg/Q (DFFRQX2M)                            0.48       0.48 f
  D1/SYNC_RST (RST_Sync_NUM_STAGES2_0)                    0.00       0.48 f
  U5/Y (INVX2M)                                           0.07       0.56 r
  U4/Y (INVX4M)                                           0.28       0.83 f
  FIFO/W_RST (fifo_top_width8)                            0.00       0.83 f
  FIFO/U2/Y (INVX2M)                                      0.13       0.96 r
  FIFO/U1/Y (INVX2M)                                      0.22       1.18 f
  FIFO/Write_Full/RST (fifo_wptr_full)                    0.00       1.18 f
  FIFO/Write_Full/U3/Y (INVX2M)                           0.11       1.29 r
  FIFO/Write_Full/U13/Y (NOR2X2M)                         0.05       1.33 f
  FIFO/Write_Full/U10/Y (AND4X2M)                         0.26       1.60 f
  FIFO/Write_Full/w_full (fifo_wptr_full)                 0.00       1.60 f
  FIFO/FULL (fifo_top_width8)                             0.00       1.60 f
  CTRL_UNIT/FIFO_FULL (SYS_CTRL)                          0.00       1.60 f
  CTRL_UNIT/U17/Y (INVX2M)                                0.10       1.69 r
  CTRL_UNIT/U51/Y (NAND2X2M)                              0.12       1.81 f
  CTRL_UNIT/U13/Y (NOR2BX2M)                              0.31       2.12 r
  CTRL_UNIT/U8/Y (OR3X2M)                                 0.22       2.34 r
  CTRL_UNIT/FIFO_WRITE_INC (SYS_CTRL)                     0.00       2.34 r
  FIFO/W_INC (fifo_top_width8)                            0.00       2.34 r
  FIFO/Memory/w_inc (fifo_memory_data_width8)             0.00       2.34 r
  FIFO/Memory/U15/Y (NOR2BX2M)                            0.15       2.50 r
  FIFO/Memory/U18/Y (NOR2BX2M)                            0.27       2.77 r
  FIFO/Memory/U16/Y (NAND3X2M)                            0.31       3.08 f
  FIFO/Memory/U27/Y (OAI2BB2X1M)                          0.20       3.28 r
  FIFO/Memory/Memory_reg[3][0]/D (DFFRQX2M)               0.00       3.28 r
  data arrival time                                                  3.28

  clock REF_DOMAIN (rise edge)                           20.00      20.00
  clock network delay (ideal)                             0.00      20.00
  clock uncertainty                                      -0.20      19.80
  FIFO/Memory/Memory_reg[3][0]/CK (DFFRQX2M)              0.00      19.80 r
  library setup time                                     -0.30      19.50
  data required time                                                19.50
  --------------------------------------------------------------------------
  data required time                                                19.50
  data arrival time                                                 -3.28
  --------------------------------------------------------------------------
  slack (MET)                                                       16.23


  Startpoint: D1/SYNC_RST_reg
              (rising edge-triggered flip-flop clocked by REF_DOMAIN)
  Endpoint: FIFO/Memory/Memory_reg[1][7]
            (rising edge-triggered flip-flop clocked by REF_DOMAIN)
  Path Group: REF_DOMAIN
  Path Type: max

  Point                                                   Incr       Path
  --------------------------------------------------------------------------
  clock REF_DOMAIN (rise edge)                            0.00       0.00
  clock network delay (ideal)                             0.00       0.00
  D1/SYNC_RST_reg/CK (DFFRQX2M)                           0.00       0.00 r
  D1/SYNC_RST_reg/Q (DFFRQX2M)                            0.48       0.48 f
  D1/SYNC_RST (RST_Sync_NUM_STAGES2_0)                    0.00       0.48 f
  U5/Y (INVX2M)                                           0.07       0.56 r
  U4/Y (INVX4M)                                           0.28       0.83 f
  FIFO/W_RST (fifo_top_width8)                            0.00       0.83 f
  FIFO/U2/Y (INVX2M)                                      0.13       0.96 r
  FIFO/U1/Y (INVX2M)                                      0.22       1.18 f
  FIFO/Write_Full/RST (fifo_wptr_full)                    0.00       1.18 f
  FIFO/Write_Full/U3/Y (INVX2M)                           0.11       1.29 r
  FIFO/Write_Full/U13/Y (NOR2X2M)                         0.05       1.33 f
  FIFO/Write_Full/U10/Y (AND4X2M)                         0.26       1.60 f
  FIFO/Write_Full/w_full (fifo_wptr_full)                 0.00       1.60 f
  FIFO/FULL (fifo_top_width8)                             0.00       1.60 f
  CTRL_UNIT/FIFO_FULL (SYS_CTRL)                          0.00       1.60 f
  CTRL_UNIT/U17/Y (INVX2M)                                0.10       1.69 r
  CTRL_UNIT/U51/Y (NAND2X2M)                              0.12       1.81 f
  CTRL_UNIT/U13/Y (NOR2BX2M)                              0.31       2.12 r
  CTRL_UNIT/U8/Y (OR3X2M)                                 0.22       2.34 r
  CTRL_UNIT/FIFO_WRITE_INC (SYS_CTRL)                     0.00       2.34 r
  FIFO/W_INC (fifo_top_width8)                            0.00       2.34 r
  FIFO/Memory/w_inc (fifo_memory_data_width8)             0.00       2.34 r
  FIFO/Memory/U15/Y (NOR2BX2M)                            0.15       2.50 r
  FIFO/Memory/U18/Y (NOR2BX2M)                            0.27       2.77 r
  FIFO/Memory/U17/Y (NAND3X2M)                            0.31       3.08 f
  FIFO/Memory/U42/Y (OAI2BB2X1M)                          0.20       3.27 r
  FIFO/Memory/Memory_reg[1][7]/D (DFFRQX2M)               0.00       3.27 r
  data arrival time                                                  3.27

  clock REF_DOMAIN (rise edge)                           20.00      20.00
  clock network delay (ideal)                             0.00      20.00
  clock uncertainty                                      -0.20      19.80
  FIFO/Memory/Memory_reg[1][7]/CK (DFFRQX2M)              0.00      19.80 r
  library setup time                                     -0.30      19.50
  data required time                                                19.50
  --------------------------------------------------------------------------
  data required time                                                19.50
  data arrival time                                                 -3.27
  --------------------------------------------------------------------------
  slack (MET)                                                       16.23


  Startpoint: D1/SYNC_RST_reg
              (rising edge-triggered flip-flop clocked by REF_DOMAIN)
  Endpoint: FIFO/Memory/Memory_reg[1][6]
            (rising edge-triggered flip-flop clocked by REF_DOMAIN)
  Path Group: REF_DOMAIN
  Path Type: max

  Point                                                   Incr       Path
  --------------------------------------------------------------------------
  clock REF_DOMAIN (rise edge)                            0.00       0.00
  clock network delay (ideal)                             0.00       0.00
  D1/SYNC_RST_reg/CK (DFFRQX2M)                           0.00       0.00 r
  D1/SYNC_RST_reg/Q (DFFRQX2M)                            0.48       0.48 f
  D1/SYNC_RST (RST_Sync_NUM_STAGES2_0)                    0.00       0.48 f
  U5/Y (INVX2M)                                           0.07       0.56 r
  U4/Y (INVX4M)                                           0.28       0.83 f
  FIFO/W_RST (fifo_top_width8)                            0.00       0.83 f
  FIFO/U2/Y (INVX2M)                                      0.13       0.96 r
  FIFO/U1/Y (INVX2M)                                      0.22       1.18 f
  FIFO/Write_Full/RST (fifo_wptr_full)                    0.00       1.18 f
  FIFO/Write_Full/U3/Y (INVX2M)                           0.11       1.29 r
  FIFO/Write_Full/U13/Y (NOR2X2M)                         0.05       1.33 f
  FIFO/Write_Full/U10/Y (AND4X2M)                         0.26       1.60 f
  FIFO/Write_Full/w_full (fifo_wptr_full)                 0.00       1.60 f
  FIFO/FULL (fifo_top_width8)                             0.00       1.60 f
  CTRL_UNIT/FIFO_FULL (SYS_CTRL)                          0.00       1.60 f
  CTRL_UNIT/U17/Y (INVX2M)                                0.10       1.69 r
  CTRL_UNIT/U51/Y (NAND2X2M)                              0.12       1.81 f
  CTRL_UNIT/U13/Y (NOR2BX2M)                              0.31       2.12 r
  CTRL_UNIT/U8/Y (OR3X2M)                                 0.22       2.34 r
  CTRL_UNIT/FIFO_WRITE_INC (SYS_CTRL)                     0.00       2.34 r
  FIFO/W_INC (fifo_top_width8)                            0.00       2.34 r
  FIFO/Memory/w_inc (fifo_memory_data_width8)             0.00       2.34 r
  FIFO/Memory/U15/Y (NOR2BX2M)                            0.15       2.50 r
  FIFO/Memory/U18/Y (NOR2BX2M)                            0.27       2.77 r
  FIFO/Memory/U17/Y (NAND3X2M)                            0.31       3.08 f
  FIFO/Memory/U41/Y (OAI2BB2X1M)                          0.20       3.27 r
  FIFO/Memory/Memory_reg[1][6]/D (DFFRQX2M)               0.00       3.27 r
  data arrival time                                                  3.27

  clock REF_DOMAIN (rise edge)                           20.00      20.00
  clock network delay (ideal)                             0.00      20.00
  clock uncertainty                                      -0.20      19.80
  FIFO/Memory/Memory_reg[1][6]/CK (DFFRQX2M)              0.00      19.80 r
  library setup time                                     -0.30      19.50
  data required time                                                19.50
  --------------------------------------------------------------------------
  data required time                                                19.50
  data arrival time                                                 -3.27
  --------------------------------------------------------------------------
  slack (MET)                                                       16.23


  Startpoint: D1/SYNC_RST_reg
              (rising edge-triggered flip-flop clocked by REF_DOMAIN)
  Endpoint: FIFO/Memory/Memory_reg[1][5]
            (rising edge-triggered flip-flop clocked by REF_DOMAIN)
  Path Group: REF_DOMAIN
  Path Type: max

  Point                                                   Incr       Path
  --------------------------------------------------------------------------
  clock REF_DOMAIN (rise edge)                            0.00       0.00
  clock network delay (ideal)                             0.00       0.00
  D1/SYNC_RST_reg/CK (DFFRQX2M)                           0.00       0.00 r
  D1/SYNC_RST_reg/Q (DFFRQX2M)                            0.48       0.48 f
  D1/SYNC_RST (RST_Sync_NUM_STAGES2_0)                    0.00       0.48 f
  U5/Y (INVX2M)                                           0.07       0.56 r
  U4/Y (INVX4M)                                           0.28       0.83 f
  FIFO/W_RST (fifo_top_width8)                            0.00       0.83 f
  FIFO/U2/Y (INVX2M)                                      0.13       0.96 r
  FIFO/U1/Y (INVX2M)                                      0.22       1.18 f
  FIFO/Write_Full/RST (fifo_wptr_full)                    0.00       1.18 f
  FIFO/Write_Full/U3/Y (INVX2M)                           0.11       1.29 r
  FIFO/Write_Full/U13/Y (NOR2X2M)                         0.05       1.33 f
  FIFO/Write_Full/U10/Y (AND4X2M)                         0.26       1.60 f
  FIFO/Write_Full/w_full (fifo_wptr_full)                 0.00       1.60 f
  FIFO/FULL (fifo_top_width8)                             0.00       1.60 f
  CTRL_UNIT/FIFO_FULL (SYS_CTRL)                          0.00       1.60 f
  CTRL_UNIT/U17/Y (INVX2M)                                0.10       1.69 r
  CTRL_UNIT/U51/Y (NAND2X2M)                              0.12       1.81 f
  CTRL_UNIT/U13/Y (NOR2BX2M)                              0.31       2.12 r
  CTRL_UNIT/U8/Y (OR3X2M)                                 0.22       2.34 r
  CTRL_UNIT/FIFO_WRITE_INC (SYS_CTRL)                     0.00       2.34 r
  FIFO/W_INC (fifo_top_width8)                            0.00       2.34 r
  FIFO/Memory/w_inc (fifo_memory_data_width8)             0.00       2.34 r
  FIFO/Memory/U15/Y (NOR2BX2M)                            0.15       2.50 r
  FIFO/Memory/U18/Y (NOR2BX2M)                            0.27       2.77 r
  FIFO/Memory/U17/Y (NAND3X2M)                            0.31       3.08 f
  FIFO/Memory/U40/Y (OAI2BB2X1M)                          0.20       3.27 r
  FIFO/Memory/Memory_reg[1][5]/D (DFFRQX2M)               0.00       3.27 r
  data arrival time                                                  3.27

  clock REF_DOMAIN (rise edge)                           20.00      20.00
  clock network delay (ideal)                             0.00      20.00
  clock uncertainty                                      -0.20      19.80
  FIFO/Memory/Memory_reg[1][5]/CK (DFFRQX2M)              0.00      19.80 r
  library setup time                                     -0.30      19.50
  data required time                                                19.50
  --------------------------------------------------------------------------
  data required time                                                19.50
  data arrival time                                                 -3.27
  --------------------------------------------------------------------------
  slack (MET)                                                       16.23


  Startpoint: D1/SYNC_RST_reg
              (rising edge-triggered flip-flop clocked by REF_DOMAIN)
  Endpoint: FIFO/Memory/Memory_reg[1][4]
            (rising edge-triggered flip-flop clocked by REF_DOMAIN)
  Path Group: REF_DOMAIN
  Path Type: max

  Point                                                   Incr       Path
  --------------------------------------------------------------------------
  clock REF_DOMAIN (rise edge)                            0.00       0.00
  clock network delay (ideal)                             0.00       0.00
  D1/SYNC_RST_reg/CK (DFFRQX2M)                           0.00       0.00 r
  D1/SYNC_RST_reg/Q (DFFRQX2M)                            0.48       0.48 f
  D1/SYNC_RST (RST_Sync_NUM_STAGES2_0)                    0.00       0.48 f
  U5/Y (INVX2M)                                           0.07       0.56 r
  U4/Y (INVX4M)                                           0.28       0.83 f
  FIFO/W_RST (fifo_top_width8)                            0.00       0.83 f
  FIFO/U2/Y (INVX2M)                                      0.13       0.96 r
  FIFO/U1/Y (INVX2M)                                      0.22       1.18 f
  FIFO/Write_Full/RST (fifo_wptr_full)                    0.00       1.18 f
  FIFO/Write_Full/U3/Y (INVX2M)                           0.11       1.29 r
  FIFO/Write_Full/U13/Y (NOR2X2M)                         0.05       1.33 f
  FIFO/Write_Full/U10/Y (AND4X2M)                         0.26       1.60 f
  FIFO/Write_Full/w_full (fifo_wptr_full)                 0.00       1.60 f
  FIFO/FULL (fifo_top_width8)                             0.00       1.60 f
  CTRL_UNIT/FIFO_FULL (SYS_CTRL)                          0.00       1.60 f
  CTRL_UNIT/U17/Y (INVX2M)                                0.10       1.69 r
  CTRL_UNIT/U51/Y (NAND2X2M)                              0.12       1.81 f
  CTRL_UNIT/U13/Y (NOR2BX2M)                              0.31       2.12 r
  CTRL_UNIT/U8/Y (OR3X2M)                                 0.22       2.34 r
  CTRL_UNIT/FIFO_WRITE_INC (SYS_CTRL)                     0.00       2.34 r
  FIFO/W_INC (fifo_top_width8)                            0.00       2.34 r
  FIFO/Memory/w_inc (fifo_memory_data_width8)             0.00       2.34 r
  FIFO/Memory/U15/Y (NOR2BX2M)                            0.15       2.50 r
  FIFO/Memory/U18/Y (NOR2BX2M)                            0.27       2.77 r
  FIFO/Memory/U17/Y (NAND3X2M)                            0.31       3.08 f
  FIFO/Memory/U39/Y (OAI2BB2X1M)                          0.20       3.27 r
  FIFO/Memory/Memory_reg[1][4]/D (DFFRQX2M)               0.00       3.27 r
  data arrival time                                                  3.27

  clock REF_DOMAIN (rise edge)                           20.00      20.00
  clock network delay (ideal)                             0.00      20.00
  clock uncertainty                                      -0.20      19.80
  FIFO/Memory/Memory_reg[1][4]/CK (DFFRQX2M)              0.00      19.80 r
  library setup time                                     -0.30      19.50
  data required time                                                19.50
  --------------------------------------------------------------------------
  data required time                                                19.50
  data arrival time                                                 -3.27
  --------------------------------------------------------------------------
  slack (MET)                                                       16.23


  Startpoint: D1/SYNC_RST_reg
              (rising edge-triggered flip-flop clocked by REF_DOMAIN)
  Endpoint: FIFO/Memory/Memory_reg[1][3]
            (rising edge-triggered flip-flop clocked by REF_DOMAIN)
  Path Group: REF_DOMAIN
  Path Type: max

  Point                                                   Incr       Path
  --------------------------------------------------------------------------
  clock REF_DOMAIN (rise edge)                            0.00       0.00
  clock network delay (ideal)                             0.00       0.00
  D1/SYNC_RST_reg/CK (DFFRQX2M)                           0.00       0.00 r
  D1/SYNC_RST_reg/Q (DFFRQX2M)                            0.48       0.48 f
  D1/SYNC_RST (RST_Sync_NUM_STAGES2_0)                    0.00       0.48 f
  U5/Y (INVX2M)                                           0.07       0.56 r
  U4/Y (INVX4M)                                           0.28       0.83 f
  FIFO/W_RST (fifo_top_width8)                            0.00       0.83 f
  FIFO/U2/Y (INVX2M)                                      0.13       0.96 r
  FIFO/U1/Y (INVX2M)                                      0.22       1.18 f
  FIFO/Write_Full/RST (fifo_wptr_full)                    0.00       1.18 f
  FIFO/Write_Full/U3/Y (INVX2M)                           0.11       1.29 r
  FIFO/Write_Full/U13/Y (NOR2X2M)                         0.05       1.33 f
  FIFO/Write_Full/U10/Y (AND4X2M)                         0.26       1.60 f
  FIFO/Write_Full/w_full (fifo_wptr_full)                 0.00       1.60 f
  FIFO/FULL (fifo_top_width8)                             0.00       1.60 f
  CTRL_UNIT/FIFO_FULL (SYS_CTRL)                          0.00       1.60 f
  CTRL_UNIT/U17/Y (INVX2M)                                0.10       1.69 r
  CTRL_UNIT/U51/Y (NAND2X2M)                              0.12       1.81 f
  CTRL_UNIT/U13/Y (NOR2BX2M)                              0.31       2.12 r
  CTRL_UNIT/U8/Y (OR3X2M)                                 0.22       2.34 r
  CTRL_UNIT/FIFO_WRITE_INC (SYS_CTRL)                     0.00       2.34 r
  FIFO/W_INC (fifo_top_width8)                            0.00       2.34 r
  FIFO/Memory/w_inc (fifo_memory_data_width8)             0.00       2.34 r
  FIFO/Memory/U15/Y (NOR2BX2M)                            0.15       2.50 r
  FIFO/Memory/U18/Y (NOR2BX2M)                            0.27       2.77 r
  FIFO/Memory/U17/Y (NAND3X2M)                            0.31       3.08 f
  FIFO/Memory/U38/Y (OAI2BB2X1M)                          0.20       3.27 r
  FIFO/Memory/Memory_reg[1][3]/D (DFFRQX2M)               0.00       3.27 r
  data arrival time                                                  3.27

  clock REF_DOMAIN (rise edge)                           20.00      20.00
  clock network delay (ideal)                             0.00      20.00
  clock uncertainty                                      -0.20      19.80
  FIFO/Memory/Memory_reg[1][3]/CK (DFFRQX2M)              0.00      19.80 r
  library setup time                                     -0.30      19.50
  data required time                                                19.50
  --------------------------------------------------------------------------
  data required time                                                19.50
  data arrival time                                                 -3.27
  --------------------------------------------------------------------------
  slack (MET)                                                       16.23


  Startpoint: D1/SYNC_RST_reg
              (rising edge-triggered flip-flop clocked by REF_DOMAIN)
  Endpoint: FIFO/Memory/Memory_reg[1][2]
            (rising edge-triggered flip-flop clocked by REF_DOMAIN)
  Path Group: REF_DOMAIN
  Path Type: max

  Point                                                   Incr       Path
  --------------------------------------------------------------------------
  clock REF_DOMAIN (rise edge)                            0.00       0.00
  clock network delay (ideal)                             0.00       0.00
  D1/SYNC_RST_reg/CK (DFFRQX2M)                           0.00       0.00 r
  D1/SYNC_RST_reg/Q (DFFRQX2M)                            0.48       0.48 f
  D1/SYNC_RST (RST_Sync_NUM_STAGES2_0)                    0.00       0.48 f
  U5/Y (INVX2M)                                           0.07       0.56 r
  U4/Y (INVX4M)                                           0.28       0.83 f
  FIFO/W_RST (fifo_top_width8)                            0.00       0.83 f
  FIFO/U2/Y (INVX2M)                                      0.13       0.96 r
  FIFO/U1/Y (INVX2M)                                      0.22       1.18 f
  FIFO/Write_Full/RST (fifo_wptr_full)                    0.00       1.18 f
  FIFO/Write_Full/U3/Y (INVX2M)                           0.11       1.29 r
  FIFO/Write_Full/U13/Y (NOR2X2M)                         0.05       1.33 f
  FIFO/Write_Full/U10/Y (AND4X2M)                         0.26       1.60 f
  FIFO/Write_Full/w_full (fifo_wptr_full)                 0.00       1.60 f
  FIFO/FULL (fifo_top_width8)                             0.00       1.60 f
  CTRL_UNIT/FIFO_FULL (SYS_CTRL)                          0.00       1.60 f
  CTRL_UNIT/U17/Y (INVX2M)                                0.10       1.69 r
  CTRL_UNIT/U51/Y (NAND2X2M)                              0.12       1.81 f
  CTRL_UNIT/U13/Y (NOR2BX2M)                              0.31       2.12 r
  CTRL_UNIT/U8/Y (OR3X2M)                                 0.22       2.34 r
  CTRL_UNIT/FIFO_WRITE_INC (SYS_CTRL)                     0.00       2.34 r
  FIFO/W_INC (fifo_top_width8)                            0.00       2.34 r
  FIFO/Memory/w_inc (fifo_memory_data_width8)             0.00       2.34 r
  FIFO/Memory/U15/Y (NOR2BX2M)                            0.15       2.50 r
  FIFO/Memory/U18/Y (NOR2BX2M)                            0.27       2.77 r
  FIFO/Memory/U17/Y (NAND3X2M)                            0.31       3.08 f
  FIFO/Memory/U37/Y (OAI2BB2X1M)                          0.20       3.27 r
  FIFO/Memory/Memory_reg[1][2]/D (DFFRQX2M)               0.00       3.27 r
  data arrival time                                                  3.27

  clock REF_DOMAIN (rise edge)                           20.00      20.00
  clock network delay (ideal)                             0.00      20.00
  clock uncertainty                                      -0.20      19.80
  FIFO/Memory/Memory_reg[1][2]/CK (DFFRQX2M)              0.00      19.80 r
  library setup time                                     -0.30      19.50
  data required time                                                19.50
  --------------------------------------------------------------------------
  data required time                                                19.50
  data arrival time                                                 -3.27
  --------------------------------------------------------------------------
  slack (MET)                                                       16.23


  Startpoint: D1/SYNC_RST_reg
              (rising edge-triggered flip-flop clocked by REF_DOMAIN)
  Endpoint: FIFO/Memory/Memory_reg[1][1]
            (rising edge-triggered flip-flop clocked by REF_DOMAIN)
  Path Group: REF_DOMAIN
  Path Type: max

  Point                                                   Incr       Path
  --------------------------------------------------------------------------
  clock REF_DOMAIN (rise edge)                            0.00       0.00
  clock network delay (ideal)                             0.00       0.00
  D1/SYNC_RST_reg/CK (DFFRQX2M)                           0.00       0.00 r
  D1/SYNC_RST_reg/Q (DFFRQX2M)                            0.48       0.48 f
  D1/SYNC_RST (RST_Sync_NUM_STAGES2_0)                    0.00       0.48 f
  U5/Y (INVX2M)                                           0.07       0.56 r
  U4/Y (INVX4M)                                           0.28       0.83 f
  FIFO/W_RST (fifo_top_width8)                            0.00       0.83 f
  FIFO/U2/Y (INVX2M)                                      0.13       0.96 r
  FIFO/U1/Y (INVX2M)                                      0.22       1.18 f
  FIFO/Write_Full/RST (fifo_wptr_full)                    0.00       1.18 f
  FIFO/Write_Full/U3/Y (INVX2M)                           0.11       1.29 r
  FIFO/Write_Full/U13/Y (NOR2X2M)                         0.05       1.33 f
  FIFO/Write_Full/U10/Y (AND4X2M)                         0.26       1.60 f
  FIFO/Write_Full/w_full (fifo_wptr_full)                 0.00       1.60 f
  FIFO/FULL (fifo_top_width8)                             0.00       1.60 f
  CTRL_UNIT/FIFO_FULL (SYS_CTRL)                          0.00       1.60 f
  CTRL_UNIT/U17/Y (INVX2M)                                0.10       1.69 r
  CTRL_UNIT/U51/Y (NAND2X2M)                              0.12       1.81 f
  CTRL_UNIT/U13/Y (NOR2BX2M)                              0.31       2.12 r
  CTRL_UNIT/U8/Y (OR3X2M)                                 0.22       2.34 r
  CTRL_UNIT/FIFO_WRITE_INC (SYS_CTRL)                     0.00       2.34 r
  FIFO/W_INC (fifo_top_width8)                            0.00       2.34 r
  FIFO/Memory/w_inc (fifo_memory_data_width8)             0.00       2.34 r
  FIFO/Memory/U15/Y (NOR2BX2M)                            0.15       2.50 r
  FIFO/Memory/U18/Y (NOR2BX2M)                            0.27       2.77 r
  FIFO/Memory/U17/Y (NAND3X2M)                            0.31       3.08 f
  FIFO/Memory/U36/Y (OAI2BB2X1M)                          0.20       3.27 r
  FIFO/Memory/Memory_reg[1][1]/D (DFFRQX2M)               0.00       3.27 r
  data arrival time                                                  3.27

  clock REF_DOMAIN (rise edge)                           20.00      20.00
  clock network delay (ideal)                             0.00      20.00
  clock uncertainty                                      -0.20      19.80
  FIFO/Memory/Memory_reg[1][1]/CK (DFFRQX2M)              0.00      19.80 r
  library setup time                                     -0.30      19.50
  data required time                                                19.50
  --------------------------------------------------------------------------
  data required time                                                19.50
  data arrival time                                                 -3.27
  --------------------------------------------------------------------------
  slack (MET)                                                       16.23


  Startpoint: D1/SYNC_RST_reg
              (rising edge-triggered flip-flop clocked by REF_DOMAIN)
  Endpoint: FIFO/Memory/Memory_reg[1][0]
            (rising edge-triggered flip-flop clocked by REF_DOMAIN)
  Path Group: REF_DOMAIN
  Path Type: max

  Point                                                   Incr       Path
  --------------------------------------------------------------------------
  clock REF_DOMAIN (rise edge)                            0.00       0.00
  clock network delay (ideal)                             0.00       0.00
  D1/SYNC_RST_reg/CK (DFFRQX2M)                           0.00       0.00 r
  D1/SYNC_RST_reg/Q (DFFRQX2M)                            0.48       0.48 f
  D1/SYNC_RST (RST_Sync_NUM_STAGES2_0)                    0.00       0.48 f
  U5/Y (INVX2M)                                           0.07       0.56 r
  U4/Y (INVX4M)                                           0.28       0.83 f
  FIFO/W_RST (fifo_top_width8)                            0.00       0.83 f
  FIFO/U2/Y (INVX2M)                                      0.13       0.96 r
  FIFO/U1/Y (INVX2M)                                      0.22       1.18 f
  FIFO/Write_Full/RST (fifo_wptr_full)                    0.00       1.18 f
  FIFO/Write_Full/U3/Y (INVX2M)                           0.11       1.29 r
  FIFO/Write_Full/U13/Y (NOR2X2M)                         0.05       1.33 f
  FIFO/Write_Full/U10/Y (AND4X2M)                         0.26       1.60 f
  FIFO/Write_Full/w_full (fifo_wptr_full)                 0.00       1.60 f
  FIFO/FULL (fifo_top_width8)                             0.00       1.60 f
  CTRL_UNIT/FIFO_FULL (SYS_CTRL)                          0.00       1.60 f
  CTRL_UNIT/U17/Y (INVX2M)                                0.10       1.69 r
  CTRL_UNIT/U51/Y (NAND2X2M)                              0.12       1.81 f
  CTRL_UNIT/U13/Y (NOR2BX2M)                              0.31       2.12 r
  CTRL_UNIT/U8/Y (OR3X2M)                                 0.22       2.34 r
  CTRL_UNIT/FIFO_WRITE_INC (SYS_CTRL)                     0.00       2.34 r
  FIFO/W_INC (fifo_top_width8)                            0.00       2.34 r
  FIFO/Memory/w_inc (fifo_memory_data_width8)             0.00       2.34 r
  FIFO/Memory/U15/Y (NOR2BX2M)                            0.15       2.50 r
  FIFO/Memory/U18/Y (NOR2BX2M)                            0.27       2.77 r
  FIFO/Memory/U17/Y (NAND3X2M)                            0.31       3.08 f
  FIFO/Memory/U35/Y (OAI2BB2X1M)                          0.20       3.27 r
  FIFO/Memory/Memory_reg[1][0]/D (DFFRQX2M)               0.00       3.27 r
  data arrival time                                                  3.27

  clock REF_DOMAIN (rise edge)                           20.00      20.00
  clock network delay (ideal)                             0.00      20.00
  clock uncertainty                                      -0.20      19.80
  FIFO/Memory/Memory_reg[1][0]/CK (DFFRQX2M)              0.00      19.80 r
  library setup time                                     -0.30      19.50
  data required time                                                19.50
  --------------------------------------------------------------------------
  data required time                                                19.50
  data arrival time                                                 -3.27
  --------------------------------------------------------------------------
  slack (MET)                                                       16.23


  Startpoint: D1/SYNC_RST_reg
              (rising edge-triggered flip-flop clocked by REF_DOMAIN)
  Endpoint: FIFO/Write_Full/internal_reg[2]
            (rising edge-triggered flip-flop clocked by REF_DOMAIN)
  Path Group: REF_DOMAIN
  Path Type: max

  Point                                                   Incr       Path
  --------------------------------------------------------------------------
  clock REF_DOMAIN (rise edge)                            0.00       0.00
  clock network delay (ideal)                             0.00       0.00
  D1/SYNC_RST_reg/CK (DFFRQX2M)                           0.00       0.00 r
  D1/SYNC_RST_reg/Q (DFFRQX2M)                            0.39       0.39 r
  D1/SYNC_RST (RST_Sync_NUM_STAGES2_0)                    0.00       0.39 r
  U5/Y (INVX2M)                                           0.05       0.44 f
  U4/Y (INVX4M)                                           0.53       0.97 r
  FIFO/W_RST (fifo_top_width8)                            0.00       0.97 r
  FIFO/U2/Y (INVX2M)                                      0.10       1.07 f
  FIFO/U1/Y (INVX2M)                                      0.39       1.46 r
  FIFO/Write_Full/RST (fifo_wptr_full)                    0.00       1.46 r
  FIFO/Write_Full/U3/Y (INVX2M)                           0.09       1.56 f
  FIFO/Write_Full/U13/Y (NOR2X2M)                         0.10       1.66 r
  FIFO/Write_Full/U10/Y (AND4X2M)                         0.26       1.92 r
  FIFO/Write_Full/w_full (fifo_wptr_full)                 0.00       1.92 r
  FIFO/FULL (fifo_top_width8)                             0.00       1.92 r
  CTRL_UNIT/FIFO_FULL (SYS_CTRL)                          0.00       1.92 r
  CTRL_UNIT/U17/Y (INVX2M)                                0.08       2.00 f
  CTRL_UNIT/U51/Y (NAND2X2M)                              0.13       2.13 r
  CTRL_UNIT/U13/Y (NOR2BX2M)                              0.12       2.25 f
  CTRL_UNIT/U8/Y (OR3X2M)                                 0.26       2.51 f
  CTRL_UNIT/FIFO_WRITE_INC (SYS_CTRL)                     0.00       2.51 f
  FIFO/W_INC (fifo_top_width8)                            0.00       2.51 f
  FIFO/Write_Full/w_inc (fifo_wptr_full)                  0.00       2.51 f
  FIFO/Write_Full/U4/Y (NOR2BX2M)                         0.15       2.66 f
  FIFO/Write_Full/U17/Y (AND2X2M)                         0.15       2.81 f
  FIFO/Write_Full/U15/Y (NAND2X2M)                        0.08       2.89 r
  FIFO/Write_Full/U8/Y (CLKXOR2X2M)                       0.21       3.10 r
  FIFO/Write_Full/internal_reg[2]/D (DFFRQX2M)            0.00       3.10 r
  data arrival time                                                  3.10

  clock REF_DOMAIN (rise edge)                           20.00      20.00
  clock network delay (ideal)                             0.00      20.00
  clock uncertainty                                      -0.20      19.80
  FIFO/Write_Full/internal_reg[2]/CK (DFFRQX2M)           0.00      19.80 r
  library setup time                                     -0.28      19.52
  data required time                                                19.52
  --------------------------------------------------------------------------
  data required time                                                19.52
  data arrival time                                                 -3.10
  --------------------------------------------------------------------------
  slack (MET)                                                       16.42


  Startpoint: D1/SYNC_RST_reg
              (rising edge-triggered flip-flop clocked by REF_DOMAIN)
  Endpoint: FIFO/Write_Full/internal_reg[3]
            (rising edge-triggered flip-flop clocked by REF_DOMAIN)
  Path Group: REF_DOMAIN
  Path Type: max

  Point                                                   Incr       Path
  --------------------------------------------------------------------------
  clock REF_DOMAIN (rise edge)                            0.00       0.00
  clock network delay (ideal)                             0.00       0.00
  D1/SYNC_RST_reg/CK (DFFRQX2M)                           0.00       0.00 r
  D1/SYNC_RST_reg/Q (DFFRQX2M)                            0.39       0.39 r
  D1/SYNC_RST (RST_Sync_NUM_STAGES2_0)                    0.00       0.39 r
  U5/Y (INVX2M)                                           0.05       0.44 f
  U4/Y (INVX4M)                                           0.53       0.97 r
  FIFO/W_RST (fifo_top_width8)                            0.00       0.97 r
  FIFO/U2/Y (INVX2M)                                      0.10       1.07 f
  FIFO/U1/Y (INVX2M)                                      0.39       1.46 r
  FIFO/Write_Full/RST (fifo_wptr_full)                    0.00       1.46 r
  FIFO/Write_Full/U3/Y (INVX2M)                           0.09       1.56 f
  FIFO/Write_Full/U13/Y (NOR2X2M)                         0.10       1.66 r
  FIFO/Write_Full/U10/Y (AND4X2M)                         0.26       1.92 r
  FIFO/Write_Full/w_full (fifo_wptr_full)                 0.00       1.92 r
  FIFO/FULL (fifo_top_width8)                             0.00       1.92 r
  CTRL_UNIT/FIFO_FULL (SYS_CTRL)                          0.00       1.92 r
  CTRL_UNIT/U17/Y (INVX2M)                                0.08       2.00 f
  CTRL_UNIT/U51/Y (NAND2X2M)                              0.13       2.13 r
  CTRL_UNIT/U13/Y (NOR2BX2M)                              0.12       2.25 f
  CTRL_UNIT/U8/Y (OR3X2M)                                 0.26       2.51 f
  CTRL_UNIT/FIFO_WRITE_INC (SYS_CTRL)                     0.00       2.51 f
  FIFO/W_INC (fifo_top_width8)                            0.00       2.51 f
  FIFO/Write_Full/w_inc (fifo_wptr_full)                  0.00       2.51 f
  FIFO/Write_Full/U4/Y (NOR2BX2M)                         0.15       2.66 f
  FIFO/Write_Full/U17/Y (AND2X2M)                         0.15       2.81 f
  FIFO/Write_Full/U15/Y (NAND2X2M)                        0.08       2.89 r
  FIFO/Write_Full/U7/Y (NOR2X2M)                          0.05       2.94 f
  FIFO/Write_Full/U6/Y (XNOR2X2M)                         0.11       3.05 r
  FIFO/Write_Full/internal_reg[3]/D (DFFRQX2M)            0.00       3.05 r
  data arrival time                                                  3.05

  clock REF_DOMAIN (rise edge)                           20.00      20.00
  clock network delay (ideal)                             0.00      20.00
  clock uncertainty                                      -0.20      19.80
  FIFO/Write_Full/internal_reg[3]/CK (DFFRQX2M)           0.00      19.80 r
  library setup time                                     -0.30      19.50
  data required time                                                19.50
  --------------------------------------------------------------------------
  data required time                                                19.50
  data arrival time                                                 -3.05
  --------------------------------------------------------------------------
  slack (MET)                                                       16.45


  Startpoint: D1/SYNC_RST_reg
              (rising edge-triggered flip-flop clocked by REF_DOMAIN)
  Endpoint: FIFO/Write_Full/internal_reg[1]
            (rising edge-triggered flip-flop clocked by REF_DOMAIN)
  Path Group: REF_DOMAIN
  Path Type: max

  Point                                                   Incr       Path
  --------------------------------------------------------------------------
  clock REF_DOMAIN (rise edge)                            0.00       0.00
  clock network delay (ideal)                             0.00       0.00
  D1/SYNC_RST_reg/CK (DFFRQX2M)                           0.00       0.00 r
  D1/SYNC_RST_reg/Q (DFFRQX2M)                            0.39       0.39 r
  D1/SYNC_RST (RST_Sync_NUM_STAGES2_0)                    0.00       0.39 r
  U5/Y (INVX2M)                                           0.05       0.44 f
  U4/Y (INVX4M)                                           0.53       0.97 r
  FIFO/W_RST (fifo_top_width8)                            0.00       0.97 r
  FIFO/U2/Y (INVX2M)                                      0.10       1.07 f
  FIFO/U1/Y (INVX2M)                                      0.39       1.46 r
  FIFO/Write_Full/RST (fifo_wptr_full)                    0.00       1.46 r
  FIFO/Write_Full/U3/Y (INVX2M)                           0.09       1.56 f
  FIFO/Write_Full/U13/Y (NOR2X2M)                         0.10       1.66 r
  FIFO/Write_Full/U10/Y (AND4X2M)                         0.26       1.92 r
  FIFO/Write_Full/w_full (fifo_wptr_full)                 0.00       1.92 r
  FIFO/FULL (fifo_top_width8)                             0.00       1.92 r
  CTRL_UNIT/FIFO_FULL (SYS_CTRL)                          0.00       1.92 r
  CTRL_UNIT/U17/Y (INVX2M)                                0.08       2.00 f
  CTRL_UNIT/U51/Y (NAND2X2M)                              0.13       2.13 r
  CTRL_UNIT/U13/Y (NOR2BX2M)                              0.12       2.25 f
  CTRL_UNIT/U8/Y (OR3X2M)                                 0.26       2.51 f
  CTRL_UNIT/FIFO_WRITE_INC (SYS_CTRL)                     0.00       2.51 f
  FIFO/W_INC (fifo_top_width8)                            0.00       2.51 f
  FIFO/Write_Full/w_inc (fifo_wptr_full)                  0.00       2.51 f
  FIFO/Write_Full/U4/Y (NOR2BX2M)                         0.15       2.66 f
  FIFO/Write_Full/U17/Y (AND2X2M)                         0.15       2.81 f
  FIFO/Write_Full/U21/Y (CLKXOR2X2M)                      0.25       3.06 r
  FIFO/Write_Full/internal_reg[1]/D (DFFRQX2M)            0.00       3.06 r
  data arrival time                                                  3.06

  clock REF_DOMAIN (rise edge)                           20.00      20.00
  clock network delay (ideal)                             0.00      20.00
  clock uncertainty                                      -0.20      19.80
  FIFO/Write_Full/internal_reg[1]/CK (DFFRQX2M)           0.00      19.80 r
  library setup time                                     -0.28      19.52
  data required time                                                19.52
  --------------------------------------------------------------------------
  data required time                                                19.52
  data arrival time                                                 -3.06
  --------------------------------------------------------------------------
  slack (MET)                                                       16.46


  Startpoint: D1/SYNC_RST_reg
              (rising edge-triggered flip-flop clocked by REF_DOMAIN)
  Endpoint: REG_FILE/Reg_File_reg[3][0]
            (rising edge-triggered flip-flop clocked by REF_DOMAIN)
  Path Group: REF_DOMAIN
  Path Type: max

  Point                                                   Incr       Path
  --------------------------------------------------------------------------
  clock REF_DOMAIN (rise edge)                            0.00       0.00
  clock network delay (ideal)                             0.00       0.00
  D1/SYNC_RST_reg/CK (DFFRQX2M)                           0.00       0.00 r
  D1/SYNC_RST_reg/Q (DFFRQX2M)                            0.48       0.48 f
  D1/SYNC_RST (RST_Sync_NUM_STAGES2_0)                    0.00       0.48 f
  U5/Y (INVX2M)                                           0.07       0.56 r
  U4/Y (INVX4M)                                           0.28       0.83 f
  FIFO/W_RST (fifo_top_width8)                            0.00       0.83 f
  FIFO/U2/Y (INVX2M)                                      0.13       0.96 r
  FIFO/U1/Y (INVX2M)                                      0.22       1.18 f
  FIFO/Write_Full/RST (fifo_wptr_full)                    0.00       1.18 f
  FIFO/Write_Full/U3/Y (INVX2M)                           0.11       1.29 r
  FIFO/Write_Full/U13/Y (NOR2X2M)                         0.05       1.33 f
  FIFO/Write_Full/U10/Y (AND4X2M)                         0.26       1.60 f
  FIFO/Write_Full/w_full (fifo_wptr_full)                 0.00       1.60 f
  FIFO/FULL (fifo_top_width8)                             0.00       1.60 f
  CTRL_UNIT/FIFO_FULL (SYS_CTRL)                          0.00       1.60 f
  CTRL_UNIT/U14/Y (OAI21X2M)                              0.17       1.77 r
  CTRL_UNIT/WrEn_REG_FILE (SYS_CTRL)                      0.00       1.77 r
  REG_FILE/WrE (RAM)                                      0.00       1.77 r
  REG_FILE/U12/Y (NOR2BX2M)                               0.31       2.08 r
  REG_FILE/U65/Y (NOR2BX2M)                               0.20       2.28 r
  REG_FILE/U25/Y (NOR2BX2M)                               0.28       2.56 r
  REG_FILE/U28/Y (NAND2X2M)                               0.23       2.79 f
  REG_FILE/U67/Y (OAI2BB2X1M)                             0.28       3.07 f
  REG_FILE/Reg_File_reg[3][0]/D (DFFSQX2M)                0.00       3.07 f
  data arrival time                                                  3.07

  clock REF_DOMAIN (rise edge)                           20.00      20.00
  clock network delay (ideal)                             0.00      20.00
  clock uncertainty                                      -0.20      19.80
  REG_FILE/Reg_File_reg[3][0]/CK (DFFSQX2M)               0.00      19.80 r
  library setup time                                     -0.24      19.56
  data required time                                                19.56
  --------------------------------------------------------------------------
  data required time                                                19.56
  data arrival time                                                 -3.07
  --------------------------------------------------------------------------
  slack (MET)                                                       16.49


  Startpoint: D1/SYNC_RST_reg
              (rising edge-triggered flip-flop clocked by REF_DOMAIN)
  Endpoint: REG_FILE/Reg_File_reg[2][7]
            (rising edge-triggered flip-flop clocked by REF_DOMAIN)
  Path Group: REF_DOMAIN
  Path Type: max

  Point                                                   Incr       Path
  --------------------------------------------------------------------------
  clock REF_DOMAIN (rise edge)                            0.00       0.00
  clock network delay (ideal)                             0.00       0.00
  D1/SYNC_RST_reg/CK (DFFRQX2M)                           0.00       0.00 r
  D1/SYNC_RST_reg/Q (DFFRQX2M)                            0.48       0.48 f
  D1/SYNC_RST (RST_Sync_NUM_STAGES2_0)                    0.00       0.48 f
  U5/Y (INVX2M)                                           0.07       0.56 r
  U4/Y (INVX4M)                                           0.28       0.83 f
  FIFO/W_RST (fifo_top_width8)                            0.00       0.83 f
  FIFO/U2/Y (INVX2M)                                      0.13       0.96 r
  FIFO/U1/Y (INVX2M)                                      0.22       1.18 f
  FIFO/Write_Full/RST (fifo_wptr_full)                    0.00       1.18 f
  FIFO/Write_Full/U3/Y (INVX2M)                           0.11       1.29 r
  FIFO/Write_Full/U13/Y (NOR2X2M)                         0.05       1.33 f
  FIFO/Write_Full/U10/Y (AND4X2M)                         0.26       1.60 f
  FIFO/Write_Full/w_full (fifo_wptr_full)                 0.00       1.60 f
  FIFO/FULL (fifo_top_width8)                             0.00       1.60 f
  CTRL_UNIT/FIFO_FULL (SYS_CTRL)                          0.00       1.60 f
  CTRL_UNIT/U14/Y (OAI21X2M)                              0.17       1.77 r
  CTRL_UNIT/WrEn_REG_FILE (SYS_CTRL)                      0.00       1.77 r
  REG_FILE/WrE (RAM)                                      0.00       1.77 r
  REG_FILE/U12/Y (NOR2BX2M)                               0.31       2.08 r
  REG_FILE/U65/Y (NOR2BX2M)                               0.20       2.28 r
  REG_FILE/U24/Y (NOR2BX2M)                               0.28       2.56 r
  REG_FILE/U27/Y (NAND2X2M)                               0.23       2.79 f
  REG_FILE/U66/Y (OAI2BB2X1M)                             0.28       3.07 f
  REG_FILE/Reg_File_reg[2][7]/D (DFFSQX2M)                0.00       3.07 f
  data arrival time                                                  3.07

  clock REF_DOMAIN (rise edge)                           20.00      20.00
  clock network delay (ideal)                             0.00      20.00
  clock uncertainty                                      -0.20      19.80
  REG_FILE/Reg_File_reg[2][7]/CK (DFFSQX2M)               0.00      19.80 r
  library setup time                                     -0.24      19.56
  data required time                                                19.56
  --------------------------------------------------------------------------
  data required time                                                19.56
  data arrival time                                                 -3.07
  --------------------------------------------------------------------------
  slack (MET)                                                       16.50


  Startpoint: D1/SYNC_RST_reg
              (rising edge-triggered flip-flop clocked by REF_DOMAIN)
  Endpoint: REG_FILE/Reg_File_reg[0][1]
            (rising edge-triggered flip-flop clocked by REF_DOMAIN)
  Path Group: REF_DOMAIN
  Path Type: max

  Point                                                   Incr       Path
  --------------------------------------------------------------------------
  clock REF_DOMAIN (rise edge)                            0.00       0.00
  clock network delay (ideal)                             0.00       0.00
  D1/SYNC_RST_reg/CK (DFFRQX2M)                           0.00       0.00 r
  D1/SYNC_RST_reg/Q (DFFRQX2M)                            0.39       0.39 r
  D1/SYNC_RST (RST_Sync_NUM_STAGES2_0)                    0.00       0.39 r
  U5/Y (INVX2M)                                           0.05       0.44 f
  U4/Y (INVX4M)                                           0.53       0.97 r
  FIFO/W_RST (fifo_top_width8)                            0.00       0.97 r
  FIFO/U2/Y (INVX2M)                                      0.10       1.07 f
  FIFO/U1/Y (INVX2M)                                      0.39       1.46 r
  FIFO/Write_Full/RST (fifo_wptr_full)                    0.00       1.46 r
  FIFO/Write_Full/U3/Y (INVX2M)                           0.09       1.56 f
  FIFO/Write_Full/U13/Y (NOR2X2M)                         0.10       1.66 r
  FIFO/Write_Full/U10/Y (AND4X2M)                         0.26       1.92 r
  FIFO/Write_Full/w_full (fifo_wptr_full)                 0.00       1.92 r
  FIFO/FULL (fifo_top_width8)                             0.00       1.92 r
  CTRL_UNIT/FIFO_FULL (SYS_CTRL)                          0.00       1.92 r
  CTRL_UNIT/U14/Y (OAI21X2M)                              0.10       2.02 f
  CTRL_UNIT/WrEn_REG_FILE (SYS_CTRL)                      0.00       2.02 f
  REG_FILE/WrE (RAM)                                      0.00       2.02 f
  REG_FILE/U12/Y (NOR2BX2M)                               0.19       2.20 f
  REG_FILE/U65/Y (NOR2BX2M)                               0.17       2.37 f
  REG_FILE/U24/Y (NOR2BX2M)                               0.20       2.57 f
  REG_FILE/U43/Y (NAND2X2M)                               0.24       2.81 r
  REG_FILE/U69/Y (OAI2BB2X1M)                             0.19       3.00 r
  REG_FILE/Reg_File_reg[0][1]/D (DFFRQX2M)                0.00       3.00 r
  data arrival time                                                  3.00

  clock REF_DOMAIN (rise edge)                           20.00      20.00
  clock network delay (ideal)                             0.00      20.00
  clock uncertainty                                      -0.20      19.80
  REG_FILE/Reg_File_reg[0][1]/CK (DFFRQX2M)               0.00      19.80 r
  library setup time                                     -0.30      19.50
  data required time                                                19.50
  --------------------------------------------------------------------------
  data required time                                                19.50
  data arrival time                                                 -3.00
  --------------------------------------------------------------------------
  slack (MET)                                                       16.50


  Startpoint: D1/SYNC_RST_reg
              (rising edge-triggered flip-flop clocked by REF_DOMAIN)
  Endpoint: REG_FILE/Reg_File_reg[0][0]
            (rising edge-triggered flip-flop clocked by REF_DOMAIN)
  Path Group: REF_DOMAIN
  Path Type: max

  Point                                                   Incr       Path
  --------------------------------------------------------------------------
  clock REF_DOMAIN (rise edge)                            0.00       0.00
  clock network delay (ideal)                             0.00       0.00
  D1/SYNC_RST_reg/CK (DFFRQX2M)                           0.00       0.00 r
  D1/SYNC_RST_reg/Q (DFFRQX2M)                            0.39       0.39 r
  D1/SYNC_RST (RST_Sync_NUM_STAGES2_0)                    0.00       0.39 r
  U5/Y (INVX2M)                                           0.05       0.44 f
  U4/Y (INVX4M)                                           0.53       0.97 r
  FIFO/W_RST (fifo_top_width8)                            0.00       0.97 r
  FIFO/U2/Y (INVX2M)                                      0.10       1.07 f
  FIFO/U1/Y (INVX2M)                                      0.39       1.46 r
  FIFO/Write_Full/RST (fifo_wptr_full)                    0.00       1.46 r
  FIFO/Write_Full/U3/Y (INVX2M)                           0.09       1.56 f
  FIFO/Write_Full/U13/Y (NOR2X2M)                         0.10       1.66 r
  FIFO/Write_Full/U10/Y (AND4X2M)                         0.26       1.92 r
  FIFO/Write_Full/w_full (fifo_wptr_full)                 0.00       1.92 r
  FIFO/FULL (fifo_top_width8)                             0.00       1.92 r
  CTRL_UNIT/FIFO_FULL (SYS_CTRL)                          0.00       1.92 r
  CTRL_UNIT/U14/Y (OAI21X2M)                              0.10       2.02 f
  CTRL_UNIT/WrEn_REG_FILE (SYS_CTRL)                      0.00       2.02 f
  REG_FILE/WrE (RAM)                                      0.00       2.02 f
  REG_FILE/U12/Y (NOR2BX2M)                               0.19       2.20 f
  REG_FILE/U65/Y (NOR2BX2M)                               0.17       2.37 f
  REG_FILE/U24/Y (NOR2BX2M)                               0.20       2.57 f
  REG_FILE/U43/Y (NAND2X2M)                               0.24       2.81 r
  REG_FILE/U68/Y (OAI2BB2X1M)                             0.19       3.00 r
  REG_FILE/Reg_File_reg[0][0]/D (DFFRQX2M)                0.00       3.00 r
  data arrival time                                                  3.00

  clock REF_DOMAIN (rise edge)                           20.00      20.00
  clock network delay (ideal)                             0.00      20.00
  clock uncertainty                                      -0.20      19.80
  REG_FILE/Reg_File_reg[0][0]/CK (DFFRQX2M)               0.00      19.80 r
  library setup time                                     -0.30      19.50
  data required time                                                19.50
  --------------------------------------------------------------------------
  data required time                                                19.50
  data arrival time                                                 -3.00
  --------------------------------------------------------------------------
  slack (MET)                                                       16.50


  Startpoint: D1/SYNC_RST_reg
              (rising edge-triggered flip-flop clocked by REF_DOMAIN)
  Endpoint: REG_FILE/Reg_File_reg[0][2]
            (rising edge-triggered flip-flop clocked by REF_DOMAIN)
  Path Group: REF_DOMAIN
  Path Type: max

  Point                                                   Incr       Path
  --------------------------------------------------------------------------
  clock REF_DOMAIN (rise edge)                            0.00       0.00
  clock network delay (ideal)                             0.00       0.00
  D1/SYNC_RST_reg/CK (DFFRQX2M)                           0.00       0.00 r
  D1/SYNC_RST_reg/Q (DFFRQX2M)                            0.39       0.39 r
  D1/SYNC_RST (RST_Sync_NUM_STAGES2_0)                    0.00       0.39 r
  U5/Y (INVX2M)                                           0.05       0.44 f
  U4/Y (INVX4M)                                           0.53       0.97 r
  FIFO/W_RST (fifo_top_width8)                            0.00       0.97 r
  FIFO/U2/Y (INVX2M)                                      0.10       1.07 f
  FIFO/U1/Y (INVX2M)                                      0.39       1.46 r
  FIFO/Write_Full/RST (fifo_wptr_full)                    0.00       1.46 r
  FIFO/Write_Full/U3/Y (INVX2M)                           0.09       1.56 f
  FIFO/Write_Full/U13/Y (NOR2X2M)                         0.10       1.66 r
  FIFO/Write_Full/U10/Y (AND4X2M)                         0.26       1.92 r
  FIFO/Write_Full/w_full (fifo_wptr_full)                 0.00       1.92 r
  FIFO/FULL (fifo_top_width8)                             0.00       1.92 r
  CTRL_UNIT/FIFO_FULL (SYS_CTRL)                          0.00       1.92 r
  CTRL_UNIT/U14/Y (OAI21X2M)                              0.10       2.02 f
  CTRL_UNIT/WrEn_REG_FILE (SYS_CTRL)                      0.00       2.02 f
  REG_FILE/WrE (RAM)                                      0.00       2.02 f
  REG_FILE/U12/Y (NOR2BX2M)                               0.19       2.20 f
  REG_FILE/U65/Y (NOR2BX2M)                               0.17       2.37 f
  REG_FILE/U24/Y (NOR2BX2M)                               0.20       2.57 f
  REG_FILE/U43/Y (NAND2X2M)                               0.24       2.81 r
  REG_FILE/U70/Y (OAI2BB2X1M)                             0.19       3.00 r
  REG_FILE/Reg_File_reg[0][2]/D (DFFRQX2M)                0.00       3.00 r
  data arrival time                                                  3.00

  clock REF_DOMAIN (rise edge)                           20.00      20.00
  clock network delay (ideal)                             0.00      20.00
  clock uncertainty                                      -0.20      19.80
  REG_FILE/Reg_File_reg[0][2]/CK (DFFRQX2M)               0.00      19.80 r
  library setup time                                     -0.30      19.50
  data required time                                                19.50
  --------------------------------------------------------------------------
  data required time                                                19.50
  data arrival time                                                 -3.00
  --------------------------------------------------------------------------
  slack (MET)                                                       16.50


  Startpoint: D1/SYNC_RST_reg
              (rising edge-triggered flip-flop clocked by REF_DOMAIN)
  Endpoint: REG_FILE/Reg_File_reg[0][3]
            (rising edge-triggered flip-flop clocked by REF_DOMAIN)
  Path Group: REF_DOMAIN
  Path Type: max

  Point                                                   Incr       Path
  --------------------------------------------------------------------------
  clock REF_DOMAIN (rise edge)                            0.00       0.00
  clock network delay (ideal)                             0.00       0.00
  D1/SYNC_RST_reg/CK (DFFRQX2M)                           0.00       0.00 r
  D1/SYNC_RST_reg/Q (DFFRQX2M)                            0.39       0.39 r
  D1/SYNC_RST (RST_Sync_NUM_STAGES2_0)                    0.00       0.39 r
  U5/Y (INVX2M)                                           0.05       0.44 f
  U4/Y (INVX4M)                                           0.53       0.97 r
  FIFO/W_RST (fifo_top_width8)                            0.00       0.97 r
  FIFO/U2/Y (INVX2M)                                      0.10       1.07 f
  FIFO/U1/Y (INVX2M)                                      0.39       1.46 r
  FIFO/Write_Full/RST (fifo_wptr_full)                    0.00       1.46 r
  FIFO/Write_Full/U3/Y (INVX2M)                           0.09       1.56 f
  FIFO/Write_Full/U13/Y (NOR2X2M)                         0.10       1.66 r
  FIFO/Write_Full/U10/Y (AND4X2M)                         0.26       1.92 r
  FIFO/Write_Full/w_full (fifo_wptr_full)                 0.00       1.92 r
  FIFO/FULL (fifo_top_width8)                             0.00       1.92 r
  CTRL_UNIT/FIFO_FULL (SYS_CTRL)                          0.00       1.92 r
  CTRL_UNIT/U14/Y (OAI21X2M)                              0.10       2.02 f
  CTRL_UNIT/WrEn_REG_FILE (SYS_CTRL)                      0.00       2.02 f
  REG_FILE/WrE (RAM)                                      0.00       2.02 f
  REG_FILE/U12/Y (NOR2BX2M)                               0.19       2.20 f
  REG_FILE/U65/Y (NOR2BX2M)                               0.17       2.37 f
  REG_FILE/U24/Y (NOR2BX2M)                               0.20       2.57 f
  REG_FILE/U43/Y (NAND2X2M)                               0.24       2.81 r
  REG_FILE/U71/Y (OAI2BB2X1M)                             0.19       3.00 r
  REG_FILE/Reg_File_reg[0][3]/D (DFFRQX2M)                0.00       3.00 r
  data arrival time                                                  3.00

  clock REF_DOMAIN (rise edge)                           20.00      20.00
  clock network delay (ideal)                             0.00      20.00
  clock uncertainty                                      -0.20      19.80
  REG_FILE/Reg_File_reg[0][3]/CK (DFFRQX2M)               0.00      19.80 r
  library setup time                                     -0.30      19.50
  data required time                                                19.50
  --------------------------------------------------------------------------
  data required time                                                19.50
  data arrival time                                                 -3.00
  --------------------------------------------------------------------------
  slack (MET)                                                       16.50


  Startpoint: D1/SYNC_RST_reg
              (rising edge-triggered flip-flop clocked by REF_DOMAIN)
  Endpoint: REG_FILE/Reg_File_reg[0][4]
            (rising edge-triggered flip-flop clocked by REF_DOMAIN)
  Path Group: REF_DOMAIN
  Path Type: max

  Point                                                   Incr       Path
  --------------------------------------------------------------------------
  clock REF_DOMAIN (rise edge)                            0.00       0.00
  clock network delay (ideal)                             0.00       0.00
  D1/SYNC_RST_reg/CK (DFFRQX2M)                           0.00       0.00 r
  D1/SYNC_RST_reg/Q (DFFRQX2M)                            0.39       0.39 r
  D1/SYNC_RST (RST_Sync_NUM_STAGES2_0)                    0.00       0.39 r
  U5/Y (INVX2M)                                           0.05       0.44 f
  U4/Y (INVX4M)                                           0.53       0.97 r
  FIFO/W_RST (fifo_top_width8)                            0.00       0.97 r
  FIFO/U2/Y (INVX2M)                                      0.10       1.07 f
  FIFO/U1/Y (INVX2M)                                      0.39       1.46 r
  FIFO/Write_Full/RST (fifo_wptr_full)                    0.00       1.46 r
  FIFO/Write_Full/U3/Y (INVX2M)                           0.09       1.56 f
  FIFO/Write_Full/U13/Y (NOR2X2M)                         0.10       1.66 r
  FIFO/Write_Full/U10/Y (AND4X2M)                         0.26       1.92 r
  FIFO/Write_Full/w_full (fifo_wptr_full)                 0.00       1.92 r
  FIFO/FULL (fifo_top_width8)                             0.00       1.92 r
  CTRL_UNIT/FIFO_FULL (SYS_CTRL)                          0.00       1.92 r
  CTRL_UNIT/U14/Y (OAI21X2M)                              0.10       2.02 f
  CTRL_UNIT/WrEn_REG_FILE (SYS_CTRL)                      0.00       2.02 f
  REG_FILE/WrE (RAM)                                      0.00       2.02 f
  REG_FILE/U12/Y (NOR2BX2M)                               0.19       2.20 f
  REG_FILE/U65/Y (NOR2BX2M)                               0.17       2.37 f
  REG_FILE/U24/Y (NOR2BX2M)                               0.20       2.57 f
  REG_FILE/U43/Y (NAND2X2M)                               0.24       2.81 r
  REG_FILE/U72/Y (OAI2BB2X1M)                             0.19       3.00 r
  REG_FILE/Reg_File_reg[0][4]/D (DFFRQX2M)                0.00       3.00 r
  data arrival time                                                  3.00

  clock REF_DOMAIN (rise edge)                           20.00      20.00
  clock network delay (ideal)                             0.00      20.00
  clock uncertainty                                      -0.20      19.80
  REG_FILE/Reg_File_reg[0][4]/CK (DFFRQX2M)               0.00      19.80 r
  library setup time                                     -0.30      19.50
  data required time                                                19.50
  --------------------------------------------------------------------------
  data required time                                                19.50
  data arrival time                                                 -3.00
  --------------------------------------------------------------------------
  slack (MET)                                                       16.50


  Startpoint: D1/SYNC_RST_reg
              (rising edge-triggered flip-flop clocked by REF_DOMAIN)
  Endpoint: REG_FILE/Reg_File_reg[0][5]
            (rising edge-triggered flip-flop clocked by REF_DOMAIN)
  Path Group: REF_DOMAIN
  Path Type: max

  Point                                                   Incr       Path
  --------------------------------------------------------------------------
  clock REF_DOMAIN (rise edge)                            0.00       0.00
  clock network delay (ideal)                             0.00       0.00
  D1/SYNC_RST_reg/CK (DFFRQX2M)                           0.00       0.00 r
  D1/SYNC_RST_reg/Q (DFFRQX2M)                            0.39       0.39 r
  D1/SYNC_RST (RST_Sync_NUM_STAGES2_0)                    0.00       0.39 r
  U5/Y (INVX2M)                                           0.05       0.44 f
  U4/Y (INVX4M)                                           0.53       0.97 r
  FIFO/W_RST (fifo_top_width8)                            0.00       0.97 r
  FIFO/U2/Y (INVX2M)                                      0.10       1.07 f
  FIFO/U1/Y (INVX2M)                                      0.39       1.46 r
  FIFO/Write_Full/RST (fifo_wptr_full)                    0.00       1.46 r
  FIFO/Write_Full/U3/Y (INVX2M)                           0.09       1.56 f
  FIFO/Write_Full/U13/Y (NOR2X2M)                         0.10       1.66 r
  FIFO/Write_Full/U10/Y (AND4X2M)                         0.26       1.92 r
  FIFO/Write_Full/w_full (fifo_wptr_full)                 0.00       1.92 r
  FIFO/FULL (fifo_top_width8)                             0.00       1.92 r
  CTRL_UNIT/FIFO_FULL (SYS_CTRL)                          0.00       1.92 r
  CTRL_UNIT/U14/Y (OAI21X2M)                              0.10       2.02 f
  CTRL_UNIT/WrEn_REG_FILE (SYS_CTRL)                      0.00       2.02 f
  REG_FILE/WrE (RAM)                                      0.00       2.02 f
  REG_FILE/U12/Y (NOR2BX2M)                               0.19       2.20 f
  REG_FILE/U65/Y (NOR2BX2M)                               0.17       2.37 f
  REG_FILE/U24/Y (NOR2BX2M)                               0.20       2.57 f
  REG_FILE/U43/Y (NAND2X2M)                               0.24       2.81 r
  REG_FILE/U73/Y (OAI2BB2X1M)                             0.19       3.00 r
  REG_FILE/Reg_File_reg[0][5]/D (DFFRQX2M)                0.00       3.00 r
  data arrival time                                                  3.00

  clock REF_DOMAIN (rise edge)                           20.00      20.00
  clock network delay (ideal)                             0.00      20.00
  clock uncertainty                                      -0.20      19.80
  REG_FILE/Reg_File_reg[0][5]/CK (DFFRQX2M)               0.00      19.80 r
  library setup time                                     -0.30      19.50
  data required time                                                19.50
  --------------------------------------------------------------------------
  data required time                                                19.50
  data arrival time                                                 -3.00
  --------------------------------------------------------------------------
  slack (MET)                                                       16.50


  Startpoint: D1/SYNC_RST_reg
              (rising edge-triggered flip-flop clocked by REF_DOMAIN)
  Endpoint: REG_FILE/Reg_File_reg[0][7]
            (rising edge-triggered flip-flop clocked by REF_DOMAIN)
  Path Group: REF_DOMAIN
  Path Type: max

  Point                                                   Incr       Path
  --------------------------------------------------------------------------
  clock REF_DOMAIN (rise edge)                            0.00       0.00
  clock network delay (ideal)                             0.00       0.00
  D1/SYNC_RST_reg/CK (DFFRQX2M)                           0.00       0.00 r
  D1/SYNC_RST_reg/Q (DFFRQX2M)                            0.39       0.39 r
  D1/SYNC_RST (RST_Sync_NUM_STAGES2_0)                    0.00       0.39 r
  U5/Y (INVX2M)                                           0.05       0.44 f
  U4/Y (INVX4M)                                           0.53       0.97 r
  FIFO/W_RST (fifo_top_width8)                            0.00       0.97 r
  FIFO/U2/Y (INVX2M)                                      0.10       1.07 f
  FIFO/U1/Y (INVX2M)                                      0.39       1.46 r
  FIFO/Write_Full/RST (fifo_wptr_full)                    0.00       1.46 r
  FIFO/Write_Full/U3/Y (INVX2M)                           0.09       1.56 f
  FIFO/Write_Full/U13/Y (NOR2X2M)                         0.10       1.66 r
  FIFO/Write_Full/U10/Y (AND4X2M)                         0.26       1.92 r
  FIFO/Write_Full/w_full (fifo_wptr_full)                 0.00       1.92 r
  FIFO/FULL (fifo_top_width8)                             0.00       1.92 r
  CTRL_UNIT/FIFO_FULL (SYS_CTRL)                          0.00       1.92 r
  CTRL_UNIT/U14/Y (OAI21X2M)                              0.10       2.02 f
  CTRL_UNIT/WrEn_REG_FILE (SYS_CTRL)                      0.00       2.02 f
  REG_FILE/WrE (RAM)                                      0.00       2.02 f
  REG_FILE/U12/Y (NOR2BX2M)                               0.19       2.20 f
  REG_FILE/U65/Y (NOR2BX2M)                               0.17       2.37 f
  REG_FILE/U24/Y (NOR2BX2M)                               0.20       2.57 f
  REG_FILE/U43/Y (NAND2X2M)                               0.24       2.81 r
  REG_FILE/U75/Y (OAI2BB2X1M)                             0.19       3.00 r
  REG_FILE/Reg_File_reg[0][7]/D (DFFRQX2M)                0.00       3.00 r
  data arrival time                                                  3.00

  clock REF_DOMAIN (rise edge)                           20.00      20.00
  clock network delay (ideal)                             0.00      20.00
  clock uncertainty                                      -0.20      19.80
  REG_FILE/Reg_File_reg[0][7]/CK (DFFRQX2M)               0.00      19.80 r
  library setup time                                     -0.30      19.50
  data required time                                                19.50
  --------------------------------------------------------------------------
  data required time                                                19.50
  data arrival time                                                 -3.00
  --------------------------------------------------------------------------
  slack (MET)                                                       16.50


  Startpoint: D1/SYNC_RST_reg
              (rising edge-triggered flip-flop clocked by REF_DOMAIN)
  Endpoint: REG_FILE/Reg_File_reg[0][6]
            (rising edge-triggered flip-flop clocked by REF_DOMAIN)
  Path Group: REF_DOMAIN
  Path Type: max

  Point                                                   Incr       Path
  --------------------------------------------------------------------------
  clock REF_DOMAIN (rise edge)                            0.00       0.00
  clock network delay (ideal)                             0.00       0.00
  D1/SYNC_RST_reg/CK (DFFRQX2M)                           0.00       0.00 r
  D1/SYNC_RST_reg/Q (DFFRQX2M)                            0.39       0.39 r
  D1/SYNC_RST (RST_Sync_NUM_STAGES2_0)                    0.00       0.39 r
  U5/Y (INVX2M)                                           0.05       0.44 f
  U4/Y (INVX4M)                                           0.53       0.97 r
  FIFO/W_RST (fifo_top_width8)                            0.00       0.97 r
  FIFO/U2/Y (INVX2M)                                      0.10       1.07 f
  FIFO/U1/Y (INVX2M)                                      0.39       1.46 r
  FIFO/Write_Full/RST (fifo_wptr_full)                    0.00       1.46 r
  FIFO/Write_Full/U3/Y (INVX2M)                           0.09       1.56 f
  FIFO/Write_Full/U13/Y (NOR2X2M)                         0.10       1.66 r
  FIFO/Write_Full/U10/Y (AND4X2M)                         0.26       1.92 r
  FIFO/Write_Full/w_full (fifo_wptr_full)                 0.00       1.92 r
  FIFO/FULL (fifo_top_width8)                             0.00       1.92 r
  CTRL_UNIT/FIFO_FULL (SYS_CTRL)                          0.00       1.92 r
  CTRL_UNIT/U14/Y (OAI21X2M)                              0.10       2.02 f
  CTRL_UNIT/WrEn_REG_FILE (SYS_CTRL)                      0.00       2.02 f
  REG_FILE/WrE (RAM)                                      0.00       2.02 f
  REG_FILE/U12/Y (NOR2BX2M)                               0.19       2.20 f
  REG_FILE/U65/Y (NOR2BX2M)                               0.17       2.37 f
  REG_FILE/U24/Y (NOR2BX2M)                               0.20       2.57 f
  REG_FILE/U43/Y (NAND2X2M)                               0.24       2.81 r
  REG_FILE/U74/Y (OAI2BB2X1M)                             0.19       3.00 r
  REG_FILE/Reg_File_reg[0][6]/D (DFFRQX2M)                0.00       3.00 r
  data arrival time                                                  3.00

  clock REF_DOMAIN (rise edge)                           20.00      20.00
  clock network delay (ideal)                             0.00      20.00
  clock uncertainty                                      -0.20      19.80
  REG_FILE/Reg_File_reg[0][6]/CK (DFFRQX2M)               0.00      19.80 r
  library setup time                                     -0.30      19.50
  data required time                                                19.50
  --------------------------------------------------------------------------
  data required time                                                19.50
  data arrival time                                                 -3.00
  --------------------------------------------------------------------------
  slack (MET)                                                       16.50


  Startpoint: D1/SYNC_RST_reg
              (rising edge-triggered flip-flop clocked by REF_DOMAIN)
  Endpoint: REG_FILE/Reg_File_reg[4][7]
            (rising edge-triggered flip-flop clocked by REF_DOMAIN)
  Path Group: REF_DOMAIN
  Path Type: max

  Point                                                   Incr       Path
  --------------------------------------------------------------------------
  clock REF_DOMAIN (rise edge)                            0.00       0.00
  clock network delay (ideal)                             0.00       0.00
  D1/SYNC_RST_reg/CK (DFFRQX2M)                           0.00       0.00 r
  D1/SYNC_RST_reg/Q (DFFRQX2M)                            0.39       0.39 r
  D1/SYNC_RST (RST_Sync_NUM_STAGES2_0)                    0.00       0.39 r
  U5/Y (INVX2M)                                           0.05       0.44 f
  U4/Y (INVX4M)                                           0.53       0.97 r
  FIFO/W_RST (fifo_top_width8)                            0.00       0.97 r
  FIFO/U2/Y (INVX2M)                                      0.10       1.07 f
  FIFO/U1/Y (INVX2M)                                      0.39       1.46 r
  FIFO/Write_Full/RST (fifo_wptr_full)                    0.00       1.46 r
  FIFO/Write_Full/U3/Y (INVX2M)                           0.09       1.56 f
  FIFO/Write_Full/U13/Y (NOR2X2M)                         0.10       1.66 r
  FIFO/Write_Full/U10/Y (AND4X2M)                         0.26       1.92 r
  FIFO/Write_Full/w_full (fifo_wptr_full)                 0.00       1.92 r
  FIFO/FULL (fifo_top_width8)                             0.00       1.92 r
  CTRL_UNIT/FIFO_FULL (SYS_CTRL)                          0.00       1.92 r
  CTRL_UNIT/U14/Y (OAI21X2M)                              0.10       2.02 f
  CTRL_UNIT/WrEn_REG_FILE (SYS_CTRL)                      0.00       2.02 f
  REG_FILE/WrE (RAM)                                      0.00       2.02 f
  REG_FILE/U12/Y (NOR2BX2M)                               0.19       2.20 f
  REG_FILE/U65/Y (NOR2BX2M)                               0.17       2.37 f
  REG_FILE/U24/Y (NOR2BX2M)                               0.20       2.57 f
  REG_FILE/U35/Y (NAND2X2M)                               0.24       2.81 r
  REG_FILE/U83/Y (OAI2BB2X1M)                             0.19       3.00 r
  REG_FILE/Reg_File_reg[4][7]/D (DFFRQX2M)                0.00       3.00 r
  data arrival time                                                  3.00

  clock REF_DOMAIN (rise edge)                           20.00      20.00
  clock network delay (ideal)                             0.00      20.00
  clock uncertainty                                      -0.20      19.80
  REG_FILE/Reg_File_reg[4][7]/CK (DFFRQX2M)               0.00      19.80 r
  library setup time                                     -0.30      19.50
  data required time                                                19.50
  --------------------------------------------------------------------------
  data required time                                                19.50
  data arrival time                                                 -3.00
  --------------------------------------------------------------------------
  slack (MET)                                                       16.51


  Startpoint: D1/SYNC_RST_reg
              (rising edge-triggered flip-flop clocked by REF_DOMAIN)
  Endpoint: REG_FILE/Reg_File_reg[4][6]
            (rising edge-triggered flip-flop clocked by REF_DOMAIN)
  Path Group: REF_DOMAIN
  Path Type: max

  Point                                                   Incr       Path
  --------------------------------------------------------------------------
  clock REF_DOMAIN (rise edge)                            0.00       0.00
  clock network delay (ideal)                             0.00       0.00
  D1/SYNC_RST_reg/CK (DFFRQX2M)                           0.00       0.00 r
  D1/SYNC_RST_reg/Q (DFFRQX2M)                            0.39       0.39 r
  D1/SYNC_RST (RST_Sync_NUM_STAGES2_0)                    0.00       0.39 r
  U5/Y (INVX2M)                                           0.05       0.44 f
  U4/Y (INVX4M)                                           0.53       0.97 r
  FIFO/W_RST (fifo_top_width8)                            0.00       0.97 r
  FIFO/U2/Y (INVX2M)                                      0.10       1.07 f
  FIFO/U1/Y (INVX2M)                                      0.39       1.46 r
  FIFO/Write_Full/RST (fifo_wptr_full)                    0.00       1.46 r
  FIFO/Write_Full/U3/Y (INVX2M)                           0.09       1.56 f
  FIFO/Write_Full/U13/Y (NOR2X2M)                         0.10       1.66 r
  FIFO/Write_Full/U10/Y (AND4X2M)                         0.26       1.92 r
  FIFO/Write_Full/w_full (fifo_wptr_full)                 0.00       1.92 r
  FIFO/FULL (fifo_top_width8)                             0.00       1.92 r
  CTRL_UNIT/FIFO_FULL (SYS_CTRL)                          0.00       1.92 r
  CTRL_UNIT/U14/Y (OAI21X2M)                              0.10       2.02 f
  CTRL_UNIT/WrEn_REG_FILE (SYS_CTRL)                      0.00       2.02 f
  REG_FILE/WrE (RAM)                                      0.00       2.02 f
  REG_FILE/U12/Y (NOR2BX2M)                               0.19       2.20 f
  REG_FILE/U65/Y (NOR2BX2M)                               0.17       2.37 f
  REG_FILE/U24/Y (NOR2BX2M)                               0.20       2.57 f
  REG_FILE/U35/Y (NAND2X2M)                               0.24       2.81 r
  REG_FILE/U82/Y (OAI2BB2X1M)                             0.19       3.00 r
  REG_FILE/Reg_File_reg[4][6]/D (DFFRQX2M)                0.00       3.00 r
  data arrival time                                                  3.00

  clock REF_DOMAIN (rise edge)                           20.00      20.00
  clock network delay (ideal)                             0.00      20.00
  clock uncertainty                                      -0.20      19.80
  REG_FILE/Reg_File_reg[4][6]/CK (DFFRQX2M)               0.00      19.80 r
  library setup time                                     -0.30      19.50
  data required time                                                19.50
  --------------------------------------------------------------------------
  data required time                                                19.50
  data arrival time                                                 -3.00
  --------------------------------------------------------------------------
  slack (MET)                                                       16.51


  Startpoint: D1/SYNC_RST_reg
              (rising edge-triggered flip-flop clocked by REF_DOMAIN)
  Endpoint: REG_FILE/Reg_File_reg[4][5]
            (rising edge-triggered flip-flop clocked by REF_DOMAIN)
  Path Group: REF_DOMAIN
  Path Type: max

  Point                                                   Incr       Path
  --------------------------------------------------------------------------
  clock REF_DOMAIN (rise edge)                            0.00       0.00
  clock network delay (ideal)                             0.00       0.00
  D1/SYNC_RST_reg/CK (DFFRQX2M)                           0.00       0.00 r
  D1/SYNC_RST_reg/Q (DFFRQX2M)                            0.39       0.39 r
  D1/SYNC_RST (RST_Sync_NUM_STAGES2_0)                    0.00       0.39 r
  U5/Y (INVX2M)                                           0.05       0.44 f
  U4/Y (INVX4M)                                           0.53       0.97 r
  FIFO/W_RST (fifo_top_width8)                            0.00       0.97 r
  FIFO/U2/Y (INVX2M)                                      0.10       1.07 f
  FIFO/U1/Y (INVX2M)                                      0.39       1.46 r
  FIFO/Write_Full/RST (fifo_wptr_full)                    0.00       1.46 r
  FIFO/Write_Full/U3/Y (INVX2M)                           0.09       1.56 f
  FIFO/Write_Full/U13/Y (NOR2X2M)                         0.10       1.66 r
  FIFO/Write_Full/U10/Y (AND4X2M)                         0.26       1.92 r
  FIFO/Write_Full/w_full (fifo_wptr_full)                 0.00       1.92 r
  FIFO/FULL (fifo_top_width8)                             0.00       1.92 r
  CTRL_UNIT/FIFO_FULL (SYS_CTRL)                          0.00       1.92 r
  CTRL_UNIT/U14/Y (OAI21X2M)                              0.10       2.02 f
  CTRL_UNIT/WrEn_REG_FILE (SYS_CTRL)                      0.00       2.02 f
  REG_FILE/WrE (RAM)                                      0.00       2.02 f
  REG_FILE/U12/Y (NOR2BX2M)                               0.19       2.20 f
  REG_FILE/U65/Y (NOR2BX2M)                               0.17       2.37 f
  REG_FILE/U24/Y (NOR2BX2M)                               0.20       2.57 f
  REG_FILE/U35/Y (NAND2X2M)                               0.24       2.81 r
  REG_FILE/U81/Y (OAI2BB2X1M)                             0.19       3.00 r
  REG_FILE/Reg_File_reg[4][5]/D (DFFRQX2M)                0.00       3.00 r
  data arrival time                                                  3.00

  clock REF_DOMAIN (rise edge)                           20.00      20.00
  clock network delay (ideal)                             0.00      20.00
  clock uncertainty                                      -0.20      19.80
  REG_FILE/Reg_File_reg[4][5]/CK (DFFRQX2M)               0.00      19.80 r
  library setup time                                     -0.30      19.50
  data required time                                                19.50
  --------------------------------------------------------------------------
  data required time                                                19.50
  data arrival time                                                 -3.00
  --------------------------------------------------------------------------
  slack (MET)                                                       16.51


  Startpoint: D1/SYNC_RST_reg
              (rising edge-triggered flip-flop clocked by REF_DOMAIN)
  Endpoint: REG_FILE/Reg_File_reg[4][4]
            (rising edge-triggered flip-flop clocked by REF_DOMAIN)
  Path Group: REF_DOMAIN
  Path Type: max

  Point                                                   Incr       Path
  --------------------------------------------------------------------------
  clock REF_DOMAIN (rise edge)                            0.00       0.00
  clock network delay (ideal)                             0.00       0.00
  D1/SYNC_RST_reg/CK (DFFRQX2M)                           0.00       0.00 r
  D1/SYNC_RST_reg/Q (DFFRQX2M)                            0.39       0.39 r
  D1/SYNC_RST (RST_Sync_NUM_STAGES2_0)                    0.00       0.39 r
  U5/Y (INVX2M)                                           0.05       0.44 f
  U4/Y (INVX4M)                                           0.53       0.97 r
  FIFO/W_RST (fifo_top_width8)                            0.00       0.97 r
  FIFO/U2/Y (INVX2M)                                      0.10       1.07 f
  FIFO/U1/Y (INVX2M)                                      0.39       1.46 r
  FIFO/Write_Full/RST (fifo_wptr_full)                    0.00       1.46 r
  FIFO/Write_Full/U3/Y (INVX2M)                           0.09       1.56 f
  FIFO/Write_Full/U13/Y (NOR2X2M)                         0.10       1.66 r
  FIFO/Write_Full/U10/Y (AND4X2M)                         0.26       1.92 r
  FIFO/Write_Full/w_full (fifo_wptr_full)                 0.00       1.92 r
  FIFO/FULL (fifo_top_width8)                             0.00       1.92 r
  CTRL_UNIT/FIFO_FULL (SYS_CTRL)                          0.00       1.92 r
  CTRL_UNIT/U14/Y (OAI21X2M)                              0.10       2.02 f
  CTRL_UNIT/WrEn_REG_FILE (SYS_CTRL)                      0.00       2.02 f
  REG_FILE/WrE (RAM)                                      0.00       2.02 f
  REG_FILE/U12/Y (NOR2BX2M)                               0.19       2.20 f
  REG_FILE/U65/Y (NOR2BX2M)                               0.17       2.37 f
  REG_FILE/U24/Y (NOR2BX2M)                               0.20       2.57 f
  REG_FILE/U35/Y (NAND2X2M)                               0.24       2.81 r
  REG_FILE/U80/Y (OAI2BB2X1M)                             0.19       3.00 r
  REG_FILE/Reg_File_reg[4][4]/D (DFFRQX2M)                0.00       3.00 r
  data arrival time                                                  3.00

  clock REF_DOMAIN (rise edge)                           20.00      20.00
  clock network delay (ideal)                             0.00      20.00
  clock uncertainty                                      -0.20      19.80
  REG_FILE/Reg_File_reg[4][4]/CK (DFFRQX2M)               0.00      19.80 r
  library setup time                                     -0.30      19.50
  data required time                                                19.50
  --------------------------------------------------------------------------
  data required time                                                19.50
  data arrival time                                                 -3.00
  --------------------------------------------------------------------------
  slack (MET)                                                       16.51


  Startpoint: D1/SYNC_RST_reg
              (rising edge-triggered flip-flop clocked by REF_DOMAIN)
  Endpoint: REG_FILE/Reg_File_reg[4][3]
            (rising edge-triggered flip-flop clocked by REF_DOMAIN)
  Path Group: REF_DOMAIN
  Path Type: max

  Point                                                   Incr       Path
  --------------------------------------------------------------------------
  clock REF_DOMAIN (rise edge)                            0.00       0.00
  clock network delay (ideal)                             0.00       0.00
  D1/SYNC_RST_reg/CK (DFFRQX2M)                           0.00       0.00 r
  D1/SYNC_RST_reg/Q (DFFRQX2M)                            0.39       0.39 r
  D1/SYNC_RST (RST_Sync_NUM_STAGES2_0)                    0.00       0.39 r
  U5/Y (INVX2M)                                           0.05       0.44 f
  U4/Y (INVX4M)                                           0.53       0.97 r
  FIFO/W_RST (fifo_top_width8)                            0.00       0.97 r
  FIFO/U2/Y (INVX2M)                                      0.10       1.07 f
  FIFO/U1/Y (INVX2M)                                      0.39       1.46 r
  FIFO/Write_Full/RST (fifo_wptr_full)                    0.00       1.46 r
  FIFO/Write_Full/U3/Y (INVX2M)                           0.09       1.56 f
  FIFO/Write_Full/U13/Y (NOR2X2M)                         0.10       1.66 r
  FIFO/Write_Full/U10/Y (AND4X2M)                         0.26       1.92 r
  FIFO/Write_Full/w_full (fifo_wptr_full)                 0.00       1.92 r
  FIFO/FULL (fifo_top_width8)                             0.00       1.92 r
  CTRL_UNIT/FIFO_FULL (SYS_CTRL)                          0.00       1.92 r
  CTRL_UNIT/U14/Y (OAI21X2M)                              0.10       2.02 f
  CTRL_UNIT/WrEn_REG_FILE (SYS_CTRL)                      0.00       2.02 f
  REG_FILE/WrE (RAM)                                      0.00       2.02 f
  REG_FILE/U12/Y (NOR2BX2M)                               0.19       2.20 f
  REG_FILE/U65/Y (NOR2BX2M)                               0.17       2.37 f
  REG_FILE/U24/Y (NOR2BX2M)                               0.20       2.57 f
  REG_FILE/U35/Y (NAND2X2M)                               0.24       2.81 r
  REG_FILE/U79/Y (OAI2BB2X1M)                             0.19       3.00 r
  REG_FILE/Reg_File_reg[4][3]/D (DFFRQX2M)                0.00       3.00 r
  data arrival time                                                  3.00

  clock REF_DOMAIN (rise edge)                           20.00      20.00
  clock network delay (ideal)                             0.00      20.00
  clock uncertainty                                      -0.20      19.80
  REG_FILE/Reg_File_reg[4][3]/CK (DFFRQX2M)               0.00      19.80 r
  library setup time                                     -0.30      19.50
  data required time                                                19.50
  --------------------------------------------------------------------------
  data required time                                                19.50
  data arrival time                                                 -3.00
  --------------------------------------------------------------------------
  slack (MET)                                                       16.51


  Startpoint: D1/SYNC_RST_reg
              (rising edge-triggered flip-flop clocked by REF_DOMAIN)
  Endpoint: REG_FILE/Reg_File_reg[4][2]
            (rising edge-triggered flip-flop clocked by REF_DOMAIN)
  Path Group: REF_DOMAIN
  Path Type: max

  Point                                                   Incr       Path
  --------------------------------------------------------------------------
  clock REF_DOMAIN (rise edge)                            0.00       0.00
  clock network delay (ideal)                             0.00       0.00
  D1/SYNC_RST_reg/CK (DFFRQX2M)                           0.00       0.00 r
  D1/SYNC_RST_reg/Q (DFFRQX2M)                            0.39       0.39 r
  D1/SYNC_RST (RST_Sync_NUM_STAGES2_0)                    0.00       0.39 r
  U5/Y (INVX2M)                                           0.05       0.44 f
  U4/Y (INVX4M)                                           0.53       0.97 r
  FIFO/W_RST (fifo_top_width8)                            0.00       0.97 r
  FIFO/U2/Y (INVX2M)                                      0.10       1.07 f
  FIFO/U1/Y (INVX2M)                                      0.39       1.46 r
  FIFO/Write_Full/RST (fifo_wptr_full)                    0.00       1.46 r
  FIFO/Write_Full/U3/Y (INVX2M)                           0.09       1.56 f
  FIFO/Write_Full/U13/Y (NOR2X2M)                         0.10       1.66 r
  FIFO/Write_Full/U10/Y (AND4X2M)                         0.26       1.92 r
  FIFO/Write_Full/w_full (fifo_wptr_full)                 0.00       1.92 r
  FIFO/FULL (fifo_top_width8)                             0.00       1.92 r
  CTRL_UNIT/FIFO_FULL (SYS_CTRL)                          0.00       1.92 r
  CTRL_UNIT/U14/Y (OAI21X2M)                              0.10       2.02 f
  CTRL_UNIT/WrEn_REG_FILE (SYS_CTRL)                      0.00       2.02 f
  REG_FILE/WrE (RAM)                                      0.00       2.02 f
  REG_FILE/U12/Y (NOR2BX2M)                               0.19       2.20 f
  REG_FILE/U65/Y (NOR2BX2M)                               0.17       2.37 f
  REG_FILE/U24/Y (NOR2BX2M)                               0.20       2.57 f
  REG_FILE/U35/Y (NAND2X2M)                               0.24       2.81 r
  REG_FILE/U78/Y (OAI2BB2X1M)                             0.19       3.00 r
  REG_FILE/Reg_File_reg[4][2]/D (DFFRQX2M)                0.00       3.00 r
  data arrival time                                                  3.00

  clock REF_DOMAIN (rise edge)                           20.00      20.00
  clock network delay (ideal)                             0.00      20.00
  clock uncertainty                                      -0.20      19.80
  REG_FILE/Reg_File_reg[4][2]/CK (DFFRQX2M)               0.00      19.80 r
  library setup time                                     -0.30      19.50
  data required time                                                19.50
  --------------------------------------------------------------------------
  data required time                                                19.50
  data arrival time                                                 -3.00
  --------------------------------------------------------------------------
  slack (MET)                                                       16.51


  Startpoint: D1/SYNC_RST_reg
              (rising edge-triggered flip-flop clocked by REF_DOMAIN)
  Endpoint: REG_FILE/Reg_File_reg[4][1]
            (rising edge-triggered flip-flop clocked by REF_DOMAIN)
  Path Group: REF_DOMAIN
  Path Type: max

  Point                                                   Incr       Path
  --------------------------------------------------------------------------
  clock REF_DOMAIN (rise edge)                            0.00       0.00
  clock network delay (ideal)                             0.00       0.00
  D1/SYNC_RST_reg/CK (DFFRQX2M)                           0.00       0.00 r
  D1/SYNC_RST_reg/Q (DFFRQX2M)                            0.39       0.39 r
  D1/SYNC_RST (RST_Sync_NUM_STAGES2_0)                    0.00       0.39 r
  U5/Y (INVX2M)                                           0.05       0.44 f
  U4/Y (INVX4M)                                           0.53       0.97 r
  FIFO/W_RST (fifo_top_width8)                            0.00       0.97 r
  FIFO/U2/Y (INVX2M)                                      0.10       1.07 f
  FIFO/U1/Y (INVX2M)                                      0.39       1.46 r
  FIFO/Write_Full/RST (fifo_wptr_full)                    0.00       1.46 r
  FIFO/Write_Full/U3/Y (INVX2M)                           0.09       1.56 f
  FIFO/Write_Full/U13/Y (NOR2X2M)                         0.10       1.66 r
  FIFO/Write_Full/U10/Y (AND4X2M)                         0.26       1.92 r
  FIFO/Write_Full/w_full (fifo_wptr_full)                 0.00       1.92 r
  FIFO/FULL (fifo_top_width8)                             0.00       1.92 r
  CTRL_UNIT/FIFO_FULL (SYS_CTRL)                          0.00       1.92 r
  CTRL_UNIT/U14/Y (OAI21X2M)                              0.10       2.02 f
  CTRL_UNIT/WrEn_REG_FILE (SYS_CTRL)                      0.00       2.02 f
  REG_FILE/WrE (RAM)                                      0.00       2.02 f
  REG_FILE/U12/Y (NOR2BX2M)                               0.19       2.20 f
  REG_FILE/U65/Y (NOR2BX2M)                               0.17       2.37 f
  REG_FILE/U24/Y (NOR2BX2M)                               0.20       2.57 f
  REG_FILE/U35/Y (NAND2X2M)                               0.24       2.81 r
  REG_FILE/U77/Y (OAI2BB2X1M)                             0.19       3.00 r
  REG_FILE/Reg_File_reg[4][1]/D (DFFRQX2M)                0.00       3.00 r
  data arrival time                                                  3.00

  clock REF_DOMAIN (rise edge)                           20.00      20.00
  clock network delay (ideal)                             0.00      20.00
  clock uncertainty                                      -0.20      19.80
  REG_FILE/Reg_File_reg[4][1]/CK (DFFRQX2M)               0.00      19.80 r
  library setup time                                     -0.30      19.50
  data required time                                                19.50
  --------------------------------------------------------------------------
  data required time                                                19.50
  data arrival time                                                 -3.00
  --------------------------------------------------------------------------
  slack (MET)                                                       16.51


  Startpoint: D1/SYNC_RST_reg
              (rising edge-triggered flip-flop clocked by REF_DOMAIN)
  Endpoint: REG_FILE/Reg_File_reg[4][0]
            (rising edge-triggered flip-flop clocked by REF_DOMAIN)
  Path Group: REF_DOMAIN
  Path Type: max

  Point                                                   Incr       Path
  --------------------------------------------------------------------------
  clock REF_DOMAIN (rise edge)                            0.00       0.00
  clock network delay (ideal)                             0.00       0.00
  D1/SYNC_RST_reg/CK (DFFRQX2M)                           0.00       0.00 r
  D1/SYNC_RST_reg/Q (DFFRQX2M)                            0.39       0.39 r
  D1/SYNC_RST (RST_Sync_NUM_STAGES2_0)                    0.00       0.39 r
  U5/Y (INVX2M)                                           0.05       0.44 f
  U4/Y (INVX4M)                                           0.53       0.97 r
  FIFO/W_RST (fifo_top_width8)                            0.00       0.97 r
  FIFO/U2/Y (INVX2M)                                      0.10       1.07 f
  FIFO/U1/Y (INVX2M)                                      0.39       1.46 r
  FIFO/Write_Full/RST (fifo_wptr_full)                    0.00       1.46 r
  FIFO/Write_Full/U3/Y (INVX2M)                           0.09       1.56 f
  FIFO/Write_Full/U13/Y (NOR2X2M)                         0.10       1.66 r
  FIFO/Write_Full/U10/Y (AND4X2M)                         0.26       1.92 r
  FIFO/Write_Full/w_full (fifo_wptr_full)                 0.00       1.92 r
  FIFO/FULL (fifo_top_width8)                             0.00       1.92 r
  CTRL_UNIT/FIFO_FULL (SYS_CTRL)                          0.00       1.92 r
  CTRL_UNIT/U14/Y (OAI21X2M)                              0.10       2.02 f
  CTRL_UNIT/WrEn_REG_FILE (SYS_CTRL)                      0.00       2.02 f
  REG_FILE/WrE (RAM)                                      0.00       2.02 f
  REG_FILE/U12/Y (NOR2BX2M)                               0.19       2.20 f
  REG_FILE/U65/Y (NOR2BX2M)                               0.17       2.37 f
  REG_FILE/U24/Y (NOR2BX2M)                               0.20       2.57 f
  REG_FILE/U35/Y (NAND2X2M)                               0.24       2.81 r
  REG_FILE/U76/Y (OAI2BB2X1M)                             0.19       3.00 r
  REG_FILE/Reg_File_reg[4][0]/D (DFFRQX2M)                0.00       3.00 r
  data arrival time                                                  3.00

  clock REF_DOMAIN (rise edge)                           20.00      20.00
  clock network delay (ideal)                             0.00      20.00
  clock uncertainty                                      -0.20      19.80
  REG_FILE/Reg_File_reg[4][0]/CK (DFFRQX2M)               0.00      19.80 r
  library setup time                                     -0.30      19.50
  data required time                                                19.50
  --------------------------------------------------------------------------
  data required time                                                19.50
  data arrival time                                                 -3.00
  --------------------------------------------------------------------------
  slack (MET)                                                       16.51


  Startpoint: D1/SYNC_RST_reg
              (rising edge-triggered flip-flop clocked by REF_DOMAIN)
  Endpoint: REG_FILE/Reg_File_reg[6][7]
            (rising edge-triggered flip-flop clocked by REF_DOMAIN)
  Path Group: REF_DOMAIN
  Path Type: max

  Point                                                   Incr       Path
  --------------------------------------------------------------------------
  clock REF_DOMAIN (rise edge)                            0.00       0.00
  clock network delay (ideal)                             0.00       0.00
  D1/SYNC_RST_reg/CK (DFFRQX2M)                           0.00       0.00 r
  D1/SYNC_RST_reg/Q (DFFRQX2M)                            0.39       0.39 r
  D1/SYNC_RST (RST_Sync_NUM_STAGES2_0)                    0.00       0.39 r
  U5/Y (INVX2M)                                           0.05       0.44 f
  U4/Y (INVX4M)                                           0.53       0.97 r
  FIFO/W_RST (fifo_top_width8)                            0.00       0.97 r
  FIFO/U2/Y (INVX2M)                                      0.10       1.07 f
  FIFO/U1/Y (INVX2M)                                      0.39       1.46 r
  FIFO/Write_Full/RST (fifo_wptr_full)                    0.00       1.46 r
  FIFO/Write_Full/U3/Y (INVX2M)                           0.09       1.56 f
  FIFO/Write_Full/U13/Y (NOR2X2M)                         0.10       1.66 r
  FIFO/Write_Full/U10/Y (AND4X2M)                         0.26       1.92 r
  FIFO/Write_Full/w_full (fifo_wptr_full)                 0.00       1.92 r
  FIFO/FULL (fifo_top_width8)                             0.00       1.92 r
  CTRL_UNIT/FIFO_FULL (SYS_CTRL)                          0.00       1.92 r
  CTRL_UNIT/U14/Y (OAI21X2M)                              0.10       2.02 f
  CTRL_UNIT/WrEn_REG_FILE (SYS_CTRL)                      0.00       2.02 f
  REG_FILE/WrE (RAM)                                      0.00       2.02 f
  REG_FILE/U12/Y (NOR2BX2M)                               0.19       2.20 f
  REG_FILE/U65/Y (NOR2BX2M)                               0.17       2.37 f
  REG_FILE/U24/Y (NOR2BX2M)                               0.20       2.57 f
  REG_FILE/U37/Y (NAND2X2M)                               0.24       2.81 r
  REG_FILE/U99/Y (OAI2BB2X1M)                             0.19       3.00 r
  REG_FILE/Reg_File_reg[6][7]/D (DFFRQX2M)                0.00       3.00 r
  data arrival time                                                  3.00

  clock REF_DOMAIN (rise edge)                           20.00      20.00
  clock network delay (ideal)                             0.00      20.00
  clock uncertainty                                      -0.20      19.80
  REG_FILE/Reg_File_reg[6][7]/CK (DFFRQX2M)               0.00      19.80 r
  library setup time                                     -0.30      19.50
  data required time                                                19.50
  --------------------------------------------------------------------------
  data required time                                                19.50
  data arrival time                                                 -3.00
  --------------------------------------------------------------------------
  slack (MET)                                                       16.51


  Startpoint: D1/SYNC_RST_reg
              (rising edge-triggered flip-flop clocked by REF_DOMAIN)
  Endpoint: REG_FILE/Reg_File_reg[6][6]
            (rising edge-triggered flip-flop clocked by REF_DOMAIN)
  Path Group: REF_DOMAIN
  Path Type: max

  Point                                                   Incr       Path
  --------------------------------------------------------------------------
  clock REF_DOMAIN (rise edge)                            0.00       0.00
  clock network delay (ideal)                             0.00       0.00
  D1/SYNC_RST_reg/CK (DFFRQX2M)                           0.00       0.00 r
  D1/SYNC_RST_reg/Q (DFFRQX2M)                            0.39       0.39 r
  D1/SYNC_RST (RST_Sync_NUM_STAGES2_0)                    0.00       0.39 r
  U5/Y (INVX2M)                                           0.05       0.44 f
  U4/Y (INVX4M)                                           0.53       0.97 r
  FIFO/W_RST (fifo_top_width8)                            0.00       0.97 r
  FIFO/U2/Y (INVX2M)                                      0.10       1.07 f
  FIFO/U1/Y (INVX2M)                                      0.39       1.46 r
  FIFO/Write_Full/RST (fifo_wptr_full)                    0.00       1.46 r
  FIFO/Write_Full/U3/Y (INVX2M)                           0.09       1.56 f
  FIFO/Write_Full/U13/Y (NOR2X2M)                         0.10       1.66 r
  FIFO/Write_Full/U10/Y (AND4X2M)                         0.26       1.92 r
  FIFO/Write_Full/w_full (fifo_wptr_full)                 0.00       1.92 r
  FIFO/FULL (fifo_top_width8)                             0.00       1.92 r
  CTRL_UNIT/FIFO_FULL (SYS_CTRL)                          0.00       1.92 r
  CTRL_UNIT/U14/Y (OAI21X2M)                              0.10       2.02 f
  CTRL_UNIT/WrEn_REG_FILE (SYS_CTRL)                      0.00       2.02 f
  REG_FILE/WrE (RAM)                                      0.00       2.02 f
  REG_FILE/U12/Y (NOR2BX2M)                               0.19       2.20 f
  REG_FILE/U65/Y (NOR2BX2M)                               0.17       2.37 f
  REG_FILE/U24/Y (NOR2BX2M)                               0.20       2.57 f
  REG_FILE/U37/Y (NAND2X2M)                               0.24       2.81 r
  REG_FILE/U98/Y (OAI2BB2X1M)                             0.19       3.00 r
  REG_FILE/Reg_File_reg[6][6]/D (DFFRQX2M)                0.00       3.00 r
  data arrival time                                                  3.00

  clock REF_DOMAIN (rise edge)                           20.00      20.00
  clock network delay (ideal)                             0.00      20.00
  clock uncertainty                                      -0.20      19.80
  REG_FILE/Reg_File_reg[6][6]/CK (DFFRQX2M)               0.00      19.80 r
  library setup time                                     -0.30      19.50
  data required time                                                19.50
  --------------------------------------------------------------------------
  data required time                                                19.50
  data arrival time                                                 -3.00
  --------------------------------------------------------------------------
  slack (MET)                                                       16.51


  Startpoint: D1/SYNC_RST_reg
              (rising edge-triggered flip-flop clocked by REF_DOMAIN)
  Endpoint: REG_FILE/Reg_File_reg[6][5]
            (rising edge-triggered flip-flop clocked by REF_DOMAIN)
  Path Group: REF_DOMAIN
  Path Type: max

  Point                                                   Incr       Path
  --------------------------------------------------------------------------
  clock REF_DOMAIN (rise edge)                            0.00       0.00
  clock network delay (ideal)                             0.00       0.00
  D1/SYNC_RST_reg/CK (DFFRQX2M)                           0.00       0.00 r
  D1/SYNC_RST_reg/Q (DFFRQX2M)                            0.39       0.39 r
  D1/SYNC_RST (RST_Sync_NUM_STAGES2_0)                    0.00       0.39 r
  U5/Y (INVX2M)                                           0.05       0.44 f
  U4/Y (INVX4M)                                           0.53       0.97 r
  FIFO/W_RST (fifo_top_width8)                            0.00       0.97 r
  FIFO/U2/Y (INVX2M)                                      0.10       1.07 f
  FIFO/U1/Y (INVX2M)                                      0.39       1.46 r
  FIFO/Write_Full/RST (fifo_wptr_full)                    0.00       1.46 r
  FIFO/Write_Full/U3/Y (INVX2M)                           0.09       1.56 f
  FIFO/Write_Full/U13/Y (NOR2X2M)                         0.10       1.66 r
  FIFO/Write_Full/U10/Y (AND4X2M)                         0.26       1.92 r
  FIFO/Write_Full/w_full (fifo_wptr_full)                 0.00       1.92 r
  FIFO/FULL (fifo_top_width8)                             0.00       1.92 r
  CTRL_UNIT/FIFO_FULL (SYS_CTRL)                          0.00       1.92 r
  CTRL_UNIT/U14/Y (OAI21X2M)                              0.10       2.02 f
  CTRL_UNIT/WrEn_REG_FILE (SYS_CTRL)                      0.00       2.02 f
  REG_FILE/WrE (RAM)                                      0.00       2.02 f
  REG_FILE/U12/Y (NOR2BX2M)                               0.19       2.20 f
  REG_FILE/U65/Y (NOR2BX2M)                               0.17       2.37 f
  REG_FILE/U24/Y (NOR2BX2M)                               0.20       2.57 f
  REG_FILE/U37/Y (NAND2X2M)                               0.24       2.81 r
  REG_FILE/U97/Y (OAI2BB2X1M)                             0.19       3.00 r
  REG_FILE/Reg_File_reg[6][5]/D (DFFRQX2M)                0.00       3.00 r
  data arrival time                                                  3.00

  clock REF_DOMAIN (rise edge)                           20.00      20.00
  clock network delay (ideal)                             0.00      20.00
  clock uncertainty                                      -0.20      19.80
  REG_FILE/Reg_File_reg[6][5]/CK (DFFRQX2M)               0.00      19.80 r
  library setup time                                     -0.30      19.50
  data required time                                                19.50
  --------------------------------------------------------------------------
  data required time                                                19.50
  data arrival time                                                 -3.00
  --------------------------------------------------------------------------
  slack (MET)                                                       16.51


  Startpoint: D1/SYNC_RST_reg
              (rising edge-triggered flip-flop clocked by REF_DOMAIN)
  Endpoint: REG_FILE/Reg_File_reg[6][4]
            (rising edge-triggered flip-flop clocked by REF_DOMAIN)
  Path Group: REF_DOMAIN
  Path Type: max

  Point                                                   Incr       Path
  --------------------------------------------------------------------------
  clock REF_DOMAIN (rise edge)                            0.00       0.00
  clock network delay (ideal)                             0.00       0.00
  D1/SYNC_RST_reg/CK (DFFRQX2M)                           0.00       0.00 r
  D1/SYNC_RST_reg/Q (DFFRQX2M)                            0.39       0.39 r
  D1/SYNC_RST (RST_Sync_NUM_STAGES2_0)                    0.00       0.39 r
  U5/Y (INVX2M)                                           0.05       0.44 f
  U4/Y (INVX4M)                                           0.53       0.97 r
  FIFO/W_RST (fifo_top_width8)                            0.00       0.97 r
  FIFO/U2/Y (INVX2M)                                      0.10       1.07 f
  FIFO/U1/Y (INVX2M)                                      0.39       1.46 r
  FIFO/Write_Full/RST (fifo_wptr_full)                    0.00       1.46 r
  FIFO/Write_Full/U3/Y (INVX2M)                           0.09       1.56 f
  FIFO/Write_Full/U13/Y (NOR2X2M)                         0.10       1.66 r
  FIFO/Write_Full/U10/Y (AND4X2M)                         0.26       1.92 r
  FIFO/Write_Full/w_full (fifo_wptr_full)                 0.00       1.92 r
  FIFO/FULL (fifo_top_width8)                             0.00       1.92 r
  CTRL_UNIT/FIFO_FULL (SYS_CTRL)                          0.00       1.92 r
  CTRL_UNIT/U14/Y (OAI21X2M)                              0.10       2.02 f
  CTRL_UNIT/WrEn_REG_FILE (SYS_CTRL)                      0.00       2.02 f
  REG_FILE/WrE (RAM)                                      0.00       2.02 f
  REG_FILE/U12/Y (NOR2BX2M)                               0.19       2.20 f
  REG_FILE/U65/Y (NOR2BX2M)                               0.17       2.37 f
  REG_FILE/U24/Y (NOR2BX2M)                               0.20       2.57 f
  REG_FILE/U37/Y (NAND2X2M)                               0.24       2.81 r
  REG_FILE/U96/Y (OAI2BB2X1M)                             0.19       3.00 r
  REG_FILE/Reg_File_reg[6][4]/D (DFFRQX2M)                0.00       3.00 r
  data arrival time                                                  3.00

  clock REF_DOMAIN (rise edge)                           20.00      20.00
  clock network delay (ideal)                             0.00      20.00
  clock uncertainty                                      -0.20      19.80
  REG_FILE/Reg_File_reg[6][4]/CK (DFFRQX2M)               0.00      19.80 r
  library setup time                                     -0.30      19.50
  data required time                                                19.50
  --------------------------------------------------------------------------
  data required time                                                19.50
  data arrival time                                                 -3.00
  --------------------------------------------------------------------------
  slack (MET)                                                       16.51


  Startpoint: D1/SYNC_RST_reg
              (rising edge-triggered flip-flop clocked by REF_DOMAIN)
  Endpoint: REG_FILE/Reg_File_reg[6][3]
            (rising edge-triggered flip-flop clocked by REF_DOMAIN)
  Path Group: REF_DOMAIN
  Path Type: max

  Point                                                   Incr       Path
  --------------------------------------------------------------------------
  clock REF_DOMAIN (rise edge)                            0.00       0.00
  clock network delay (ideal)                             0.00       0.00
  D1/SYNC_RST_reg/CK (DFFRQX2M)                           0.00       0.00 r
  D1/SYNC_RST_reg/Q (DFFRQX2M)                            0.39       0.39 r
  D1/SYNC_RST (RST_Sync_NUM_STAGES2_0)                    0.00       0.39 r
  U5/Y (INVX2M)                                           0.05       0.44 f
  U4/Y (INVX4M)                                           0.53       0.97 r
  FIFO/W_RST (fifo_top_width8)                            0.00       0.97 r
  FIFO/U2/Y (INVX2M)                                      0.10       1.07 f
  FIFO/U1/Y (INVX2M)                                      0.39       1.46 r
  FIFO/Write_Full/RST (fifo_wptr_full)                    0.00       1.46 r
  FIFO/Write_Full/U3/Y (INVX2M)                           0.09       1.56 f
  FIFO/Write_Full/U13/Y (NOR2X2M)                         0.10       1.66 r
  FIFO/Write_Full/U10/Y (AND4X2M)                         0.26       1.92 r
  FIFO/Write_Full/w_full (fifo_wptr_full)                 0.00       1.92 r
  FIFO/FULL (fifo_top_width8)                             0.00       1.92 r
  CTRL_UNIT/FIFO_FULL (SYS_CTRL)                          0.00       1.92 r
  CTRL_UNIT/U14/Y (OAI21X2M)                              0.10       2.02 f
  CTRL_UNIT/WrEn_REG_FILE (SYS_CTRL)                      0.00       2.02 f
  REG_FILE/WrE (RAM)                                      0.00       2.02 f
  REG_FILE/U12/Y (NOR2BX2M)                               0.19       2.20 f
  REG_FILE/U65/Y (NOR2BX2M)                               0.17       2.37 f
  REG_FILE/U24/Y (NOR2BX2M)                               0.20       2.57 f
  REG_FILE/U37/Y (NAND2X2M)                               0.24       2.81 r
  REG_FILE/U95/Y (OAI2BB2X1M)                             0.19       3.00 r
  REG_FILE/Reg_File_reg[6][3]/D (DFFRQX2M)                0.00       3.00 r
  data arrival time                                                  3.00

  clock REF_DOMAIN (rise edge)                           20.00      20.00
  clock network delay (ideal)                             0.00      20.00
  clock uncertainty                                      -0.20      19.80
  REG_FILE/Reg_File_reg[6][3]/CK (DFFRQX2M)               0.00      19.80 r
  library setup time                                     -0.30      19.50
  data required time                                                19.50
  --------------------------------------------------------------------------
  data required time                                                19.50
  data arrival time                                                 -3.00
  --------------------------------------------------------------------------
  slack (MET)                                                       16.51


  Startpoint: D1/SYNC_RST_reg
              (rising edge-triggered flip-flop clocked by REF_DOMAIN)
  Endpoint: REG_FILE/Reg_File_reg[6][2]
            (rising edge-triggered flip-flop clocked by REF_DOMAIN)
  Path Group: REF_DOMAIN
  Path Type: max

  Point                                                   Incr       Path
  --------------------------------------------------------------------------
  clock REF_DOMAIN (rise edge)                            0.00       0.00
  clock network delay (ideal)                             0.00       0.00
  D1/SYNC_RST_reg/CK (DFFRQX2M)                           0.00       0.00 r
  D1/SYNC_RST_reg/Q (DFFRQX2M)                            0.39       0.39 r
  D1/SYNC_RST (RST_Sync_NUM_STAGES2_0)                    0.00       0.39 r
  U5/Y (INVX2M)                                           0.05       0.44 f
  U4/Y (INVX4M)                                           0.53       0.97 r
  FIFO/W_RST (fifo_top_width8)                            0.00       0.97 r
  FIFO/U2/Y (INVX2M)                                      0.10       1.07 f
  FIFO/U1/Y (INVX2M)                                      0.39       1.46 r
  FIFO/Write_Full/RST (fifo_wptr_full)                    0.00       1.46 r
  FIFO/Write_Full/U3/Y (INVX2M)                           0.09       1.56 f
  FIFO/Write_Full/U13/Y (NOR2X2M)                         0.10       1.66 r
  FIFO/Write_Full/U10/Y (AND4X2M)                         0.26       1.92 r
  FIFO/Write_Full/w_full (fifo_wptr_full)                 0.00       1.92 r
  FIFO/FULL (fifo_top_width8)                             0.00       1.92 r
  CTRL_UNIT/FIFO_FULL (SYS_CTRL)                          0.00       1.92 r
  CTRL_UNIT/U14/Y (OAI21X2M)                              0.10       2.02 f
  CTRL_UNIT/WrEn_REG_FILE (SYS_CTRL)                      0.00       2.02 f
  REG_FILE/WrE (RAM)                                      0.00       2.02 f
  REG_FILE/U12/Y (NOR2BX2M)                               0.19       2.20 f
  REG_FILE/U65/Y (NOR2BX2M)                               0.17       2.37 f
  REG_FILE/U24/Y (NOR2BX2M)                               0.20       2.57 f
  REG_FILE/U37/Y (NAND2X2M)                               0.24       2.81 r
  REG_FILE/U94/Y (OAI2BB2X1M)                             0.19       3.00 r
  REG_FILE/Reg_File_reg[6][2]/D (DFFRQX2M)                0.00       3.00 r
  data arrival time                                                  3.00

  clock REF_DOMAIN (rise edge)                           20.00      20.00
  clock network delay (ideal)                             0.00      20.00
  clock uncertainty                                      -0.20      19.80
  REG_FILE/Reg_File_reg[6][2]/CK (DFFRQX2M)               0.00      19.80 r
  library setup time                                     -0.30      19.50
  data required time                                                19.50
  --------------------------------------------------------------------------
  data required time                                                19.50
  data arrival time                                                 -3.00
  --------------------------------------------------------------------------
  slack (MET)                                                       16.51


  Startpoint: D1/SYNC_RST_reg
              (rising edge-triggered flip-flop clocked by REF_DOMAIN)
  Endpoint: REG_FILE/Reg_File_reg[6][1]
            (rising edge-triggered flip-flop clocked by REF_DOMAIN)
  Path Group: REF_DOMAIN
  Path Type: max

  Point                                                   Incr       Path
  --------------------------------------------------------------------------
  clock REF_DOMAIN (rise edge)                            0.00       0.00
  clock network delay (ideal)                             0.00       0.00
  D1/SYNC_RST_reg/CK (DFFRQX2M)                           0.00       0.00 r
  D1/SYNC_RST_reg/Q (DFFRQX2M)                            0.39       0.39 r
  D1/SYNC_RST (RST_Sync_NUM_STAGES2_0)                    0.00       0.39 r
  U5/Y (INVX2M)                                           0.05       0.44 f
  U4/Y (INVX4M)                                           0.53       0.97 r
  FIFO/W_RST (fifo_top_width8)                            0.00       0.97 r
  FIFO/U2/Y (INVX2M)                                      0.10       1.07 f
  FIFO/U1/Y (INVX2M)                                      0.39       1.46 r
  FIFO/Write_Full/RST (fifo_wptr_full)                    0.00       1.46 r
  FIFO/Write_Full/U3/Y (INVX2M)                           0.09       1.56 f
  FIFO/Write_Full/U13/Y (NOR2X2M)                         0.10       1.66 r
  FIFO/Write_Full/U10/Y (AND4X2M)                         0.26       1.92 r
  FIFO/Write_Full/w_full (fifo_wptr_full)                 0.00       1.92 r
  FIFO/FULL (fifo_top_width8)                             0.00       1.92 r
  CTRL_UNIT/FIFO_FULL (SYS_CTRL)                          0.00       1.92 r
  CTRL_UNIT/U14/Y (OAI21X2M)                              0.10       2.02 f
  CTRL_UNIT/WrEn_REG_FILE (SYS_CTRL)                      0.00       2.02 f
  REG_FILE/WrE (RAM)                                      0.00       2.02 f
  REG_FILE/U12/Y (NOR2BX2M)                               0.19       2.20 f
  REG_FILE/U65/Y (NOR2BX2M)                               0.17       2.37 f
  REG_FILE/U24/Y (NOR2BX2M)                               0.20       2.57 f
  REG_FILE/U37/Y (NAND2X2M)                               0.24       2.81 r
  REG_FILE/U93/Y (OAI2BB2X1M)                             0.19       3.00 r
  REG_FILE/Reg_File_reg[6][1]/D (DFFRQX2M)                0.00       3.00 r
  data arrival time                                                  3.00

  clock REF_DOMAIN (rise edge)                           20.00      20.00
  clock network delay (ideal)                             0.00      20.00
  clock uncertainty                                      -0.20      19.80
  REG_FILE/Reg_File_reg[6][1]/CK (DFFRQX2M)               0.00      19.80 r
  library setup time                                     -0.30      19.50
  data required time                                                19.50
  --------------------------------------------------------------------------
  data required time                                                19.50
  data arrival time                                                 -3.00
  --------------------------------------------------------------------------
  slack (MET)                                                       16.51


  Startpoint: D1/SYNC_RST_reg
              (rising edge-triggered flip-flop clocked by REF_DOMAIN)
  Endpoint: REG_FILE/Reg_File_reg[6][0]
            (rising edge-triggered flip-flop clocked by REF_DOMAIN)
  Path Group: REF_DOMAIN
  Path Type: max

  Point                                                   Incr       Path
  --------------------------------------------------------------------------
  clock REF_DOMAIN (rise edge)                            0.00       0.00
  clock network delay (ideal)                             0.00       0.00
  D1/SYNC_RST_reg/CK (DFFRQX2M)                           0.00       0.00 r
  D1/SYNC_RST_reg/Q (DFFRQX2M)                            0.39       0.39 r
  D1/SYNC_RST (RST_Sync_NUM_STAGES2_0)                    0.00       0.39 r
  U5/Y (INVX2M)                                           0.05       0.44 f
  U4/Y (INVX4M)                                           0.53       0.97 r
  FIFO/W_RST (fifo_top_width8)                            0.00       0.97 r
  FIFO/U2/Y (INVX2M)                                      0.10       1.07 f
  FIFO/U1/Y (INVX2M)                                      0.39       1.46 r
  FIFO/Write_Full/RST (fifo_wptr_full)                    0.00       1.46 r
  FIFO/Write_Full/U3/Y (INVX2M)                           0.09       1.56 f
  FIFO/Write_Full/U13/Y (NOR2X2M)                         0.10       1.66 r
  FIFO/Write_Full/U10/Y (AND4X2M)                         0.26       1.92 r
  FIFO/Write_Full/w_full (fifo_wptr_full)                 0.00       1.92 r
  FIFO/FULL (fifo_top_width8)                             0.00       1.92 r
  CTRL_UNIT/FIFO_FULL (SYS_CTRL)                          0.00       1.92 r
  CTRL_UNIT/U14/Y (OAI21X2M)                              0.10       2.02 f
  CTRL_UNIT/WrEn_REG_FILE (SYS_CTRL)                      0.00       2.02 f
  REG_FILE/WrE (RAM)                                      0.00       2.02 f
  REG_FILE/U12/Y (NOR2BX2M)                               0.19       2.20 f
  REG_FILE/U65/Y (NOR2BX2M)                               0.17       2.37 f
  REG_FILE/U24/Y (NOR2BX2M)                               0.20       2.57 f
  REG_FILE/U37/Y (NAND2X2M)                               0.24       2.81 r
  REG_FILE/U92/Y (OAI2BB2X1M)                             0.19       3.00 r
  REG_FILE/Reg_File_reg[6][0]/D (DFFRQX2M)                0.00       3.00 r
  data arrival time                                                  3.00

  clock REF_DOMAIN (rise edge)                           20.00      20.00
  clock network delay (ideal)                             0.00      20.00
  clock uncertainty                                      -0.20      19.80
  REG_FILE/Reg_File_reg[6][0]/CK (DFFRQX2M)               0.00      19.80 r
  library setup time                                     -0.30      19.50
  data required time                                                19.50
  --------------------------------------------------------------------------
  data required time                                                19.50
  data arrival time                                                 -3.00
  --------------------------------------------------------------------------
  slack (MET)                                                       16.51


  Startpoint: D1/SYNC_RST_reg
              (rising edge-triggered flip-flop clocked by REF_DOMAIN)
  Endpoint: REG_FILE/Reg_File_reg[2][1]
            (rising edge-triggered flip-flop clocked by REF_DOMAIN)
  Path Group: REF_DOMAIN
  Path Type: max

  Point                                                   Incr       Path
  --------------------------------------------------------------------------
  clock REF_DOMAIN (rise edge)                            0.00       0.00
  clock network delay (ideal)                             0.00       0.00
  D1/SYNC_RST_reg/CK (DFFRQX2M)                           0.00       0.00 r
  D1/SYNC_RST_reg/Q (DFFRQX2M)                            0.39       0.39 r
  D1/SYNC_RST (RST_Sync_NUM_STAGES2_0)                    0.00       0.39 r
  U5/Y (INVX2M)                                           0.05       0.44 f
  U4/Y (INVX4M)                                           0.53       0.97 r
  FIFO/W_RST (fifo_top_width8)                            0.00       0.97 r
  FIFO/U2/Y (INVX2M)                                      0.10       1.07 f
  FIFO/U1/Y (INVX2M)                                      0.39       1.46 r
  FIFO/Write_Full/RST (fifo_wptr_full)                    0.00       1.46 r
  FIFO/Write_Full/U3/Y (INVX2M)                           0.09       1.56 f
  FIFO/Write_Full/U13/Y (NOR2X2M)                         0.10       1.66 r
  FIFO/Write_Full/U10/Y (AND4X2M)                         0.26       1.92 r
  FIFO/Write_Full/w_full (fifo_wptr_full)                 0.00       1.92 r
  FIFO/FULL (fifo_top_width8)                             0.00       1.92 r
  CTRL_UNIT/FIFO_FULL (SYS_CTRL)                          0.00       1.92 r
  CTRL_UNIT/U14/Y (OAI21X2M)                              0.10       2.02 f
  CTRL_UNIT/WrEn_REG_FILE (SYS_CTRL)                      0.00       2.02 f
  REG_FILE/WrE (RAM)                                      0.00       2.02 f
  REG_FILE/U12/Y (NOR2BX2M)                               0.19       2.20 f
  REG_FILE/U65/Y (NOR2BX2M)                               0.17       2.37 f
  REG_FILE/U24/Y (NOR2BX2M)                               0.20       2.57 f
  REG_FILE/U27/Y (NAND2X2M)                               0.24       2.81 r
  REG_FILE/U173/Y (OAI2BB2X1M)                            0.19       3.00 r
  REG_FILE/Reg_File_reg[2][1]/D (DFFRQX2M)                0.00       3.00 r
  data arrival time                                                  3.00

  clock REF_DOMAIN (rise edge)                           20.00      20.00
  clock network delay (ideal)                             0.00      20.00
  clock uncertainty                                      -0.20      19.80
  REG_FILE/Reg_File_reg[2][1]/CK (DFFRQX2M)               0.00      19.80 r
  library setup time                                     -0.30      19.50
  data required time                                                19.50
  --------------------------------------------------------------------------
  data required time                                                19.50
  data arrival time                                                 -3.00
  --------------------------------------------------------------------------
  slack (MET)                                                       16.51


  Startpoint: D1/SYNC_RST_reg
              (rising edge-triggered flip-flop clocked by REF_DOMAIN)
  Endpoint: REG_FILE/Reg_File_reg[2][0]
            (rising edge-triggered flip-flop clocked by REF_DOMAIN)
  Path Group: REF_DOMAIN
  Path Type: max

  Point                                                   Incr       Path
  --------------------------------------------------------------------------
  clock REF_DOMAIN (rise edge)                            0.00       0.00
  clock network delay (ideal)                             0.00       0.00
  D1/SYNC_RST_reg/CK (DFFRQX2M)                           0.00       0.00 r
  D1/SYNC_RST_reg/Q (DFFRQX2M)                            0.39       0.39 r
  D1/SYNC_RST (RST_Sync_NUM_STAGES2_0)                    0.00       0.39 r
  U5/Y (INVX2M)                                           0.05       0.44 f
  U4/Y (INVX4M)                                           0.53       0.97 r
  FIFO/W_RST (fifo_top_width8)                            0.00       0.97 r
  FIFO/U2/Y (INVX2M)                                      0.10       1.07 f
  FIFO/U1/Y (INVX2M)                                      0.39       1.46 r
  FIFO/Write_Full/RST (fifo_wptr_full)                    0.00       1.46 r
  FIFO/Write_Full/U3/Y (INVX2M)                           0.09       1.56 f
  FIFO/Write_Full/U13/Y (NOR2X2M)                         0.10       1.66 r
  FIFO/Write_Full/U10/Y (AND4X2M)                         0.26       1.92 r
  FIFO/Write_Full/w_full (fifo_wptr_full)                 0.00       1.92 r
  FIFO/FULL (fifo_top_width8)                             0.00       1.92 r
  CTRL_UNIT/FIFO_FULL (SYS_CTRL)                          0.00       1.92 r
  CTRL_UNIT/U14/Y (OAI21X2M)                              0.10       2.02 f
  CTRL_UNIT/WrEn_REG_FILE (SYS_CTRL)                      0.00       2.02 f
  REG_FILE/WrE (RAM)                                      0.00       2.02 f
  REG_FILE/U12/Y (NOR2BX2M)                               0.19       2.20 f
  REG_FILE/U65/Y (NOR2BX2M)                               0.17       2.37 f
  REG_FILE/U24/Y (NOR2BX2M)                               0.20       2.57 f
  REG_FILE/U27/Y (NAND2X2M)                               0.24       2.81 r
  REG_FILE/U172/Y (OAI2BB2X1M)                            0.19       3.00 r
  REG_FILE/Reg_File_reg[2][0]/D (DFFRQX2M)                0.00       3.00 r
  data arrival time                                                  3.00

  clock REF_DOMAIN (rise edge)                           20.00      20.00
  clock network delay (ideal)                             0.00      20.00
  clock uncertainty                                      -0.20      19.80
  REG_FILE/Reg_File_reg[2][0]/CK (DFFRQX2M)               0.00      19.80 r
  library setup time                                     -0.30      19.50
  data required time                                                19.50
  --------------------------------------------------------------------------
  data required time                                                19.50
  data arrival time                                                 -3.00
  --------------------------------------------------------------------------
  slack (MET)                                                       16.51


  Startpoint: D1/SYNC_RST_reg
              (rising edge-triggered flip-flop clocked by REF_DOMAIN)
  Endpoint: REG_FILE/Reg_File_reg[2][6]
            (rising edge-triggered flip-flop clocked by REF_DOMAIN)
  Path Group: REF_DOMAIN
  Path Type: max

  Point                                                   Incr       Path
  --------------------------------------------------------------------------
  clock REF_DOMAIN (rise edge)                            0.00       0.00
  clock network delay (ideal)                             0.00       0.00
  D1/SYNC_RST_reg/CK (DFFRQX2M)                           0.00       0.00 r
  D1/SYNC_RST_reg/Q (DFFRQX2M)                            0.39       0.39 r
  D1/SYNC_RST (RST_Sync_NUM_STAGES2_0)                    0.00       0.39 r
  U5/Y (INVX2M)                                           0.05       0.44 f
  U4/Y (INVX4M)                                           0.53       0.97 r
  FIFO/W_RST (fifo_top_width8)                            0.00       0.97 r
  FIFO/U2/Y (INVX2M)                                      0.10       1.07 f
  FIFO/U1/Y (INVX2M)                                      0.39       1.46 r
  FIFO/Write_Full/RST (fifo_wptr_full)                    0.00       1.46 r
  FIFO/Write_Full/U3/Y (INVX2M)                           0.09       1.56 f
  FIFO/Write_Full/U13/Y (NOR2X2M)                         0.10       1.66 r
  FIFO/Write_Full/U10/Y (AND4X2M)                         0.26       1.92 r
  FIFO/Write_Full/w_full (fifo_wptr_full)                 0.00       1.92 r
  FIFO/FULL (fifo_top_width8)                             0.00       1.92 r
  CTRL_UNIT/FIFO_FULL (SYS_CTRL)                          0.00       1.92 r
  CTRL_UNIT/U14/Y (OAI21X2M)                              0.10       2.02 f
  CTRL_UNIT/WrEn_REG_FILE (SYS_CTRL)                      0.00       2.02 f
  REG_FILE/WrE (RAM)                                      0.00       2.02 f
  REG_FILE/U12/Y (NOR2BX2M)                               0.19       2.20 f
  REG_FILE/U65/Y (NOR2BX2M)                               0.17       2.37 f
  REG_FILE/U24/Y (NOR2BX2M)                               0.20       2.57 f
  REG_FILE/U27/Y (NAND2X2M)                               0.24       2.81 r
  REG_FILE/U178/Y (OAI2BB2X1M)                            0.19       3.00 r
  REG_FILE/Reg_File_reg[2][6]/D (DFFRQX2M)                0.00       3.00 r
  data arrival time                                                  3.00

  clock REF_DOMAIN (rise edge)                           20.00      20.00
  clock network delay (ideal)                             0.00      20.00
  clock uncertainty                                      -0.20      19.80
  REG_FILE/Reg_File_reg[2][6]/CK (DFFRQX2M)               0.00      19.80 r
  library setup time                                     -0.30      19.50
  data required time                                                19.50
  --------------------------------------------------------------------------
  data required time                                                19.50
  data arrival time                                                 -3.00
  --------------------------------------------------------------------------
  slack (MET)                                                       16.51


  Startpoint: D1/SYNC_RST_reg
              (rising edge-triggered flip-flop clocked by REF_DOMAIN)
  Endpoint: REG_FILE/Reg_File_reg[2][5]
            (rising edge-triggered flip-flop clocked by REF_DOMAIN)
  Path Group: REF_DOMAIN
  Path Type: max

  Point                                                   Incr       Path
  --------------------------------------------------------------------------
  clock REF_DOMAIN (rise edge)                            0.00       0.00
  clock network delay (ideal)                             0.00       0.00
  D1/SYNC_RST_reg/CK (DFFRQX2M)                           0.00       0.00 r
  D1/SYNC_RST_reg/Q (DFFRQX2M)                            0.39       0.39 r
  D1/SYNC_RST (RST_Sync_NUM_STAGES2_0)                    0.00       0.39 r
  U5/Y (INVX2M)                                           0.05       0.44 f
  U4/Y (INVX4M)                                           0.53       0.97 r
  FIFO/W_RST (fifo_top_width8)                            0.00       0.97 r
  FIFO/U2/Y (INVX2M)                                      0.10       1.07 f
  FIFO/U1/Y (INVX2M)                                      0.39       1.46 r
  FIFO/Write_Full/RST (fifo_wptr_full)                    0.00       1.46 r
  FIFO/Write_Full/U3/Y (INVX2M)                           0.09       1.56 f
  FIFO/Write_Full/U13/Y (NOR2X2M)                         0.10       1.66 r
  FIFO/Write_Full/U10/Y (AND4X2M)                         0.26       1.92 r
  FIFO/Write_Full/w_full (fifo_wptr_full)                 0.00       1.92 r
  FIFO/FULL (fifo_top_width8)                             0.00       1.92 r
  CTRL_UNIT/FIFO_FULL (SYS_CTRL)                          0.00       1.92 r
  CTRL_UNIT/U14/Y (OAI21X2M)                              0.10       2.02 f
  CTRL_UNIT/WrEn_REG_FILE (SYS_CTRL)                      0.00       2.02 f
  REG_FILE/WrE (RAM)                                      0.00       2.02 f
  REG_FILE/U12/Y (NOR2BX2M)                               0.19       2.20 f
  REG_FILE/U65/Y (NOR2BX2M)                               0.17       2.37 f
  REG_FILE/U24/Y (NOR2BX2M)                               0.20       2.57 f
  REG_FILE/U27/Y (NAND2X2M)                               0.24       2.81 r
  REG_FILE/U177/Y (OAI2BB2X1M)                            0.19       3.00 r
  REG_FILE/Reg_File_reg[2][5]/D (DFFRQX2M)                0.00       3.00 r
  data arrival time                                                  3.00

  clock REF_DOMAIN (rise edge)                           20.00      20.00
  clock network delay (ideal)                             0.00      20.00
  clock uncertainty                                      -0.20      19.80
  REG_FILE/Reg_File_reg[2][5]/CK (DFFRQX2M)               0.00      19.80 r
  library setup time                                     -0.30      19.50
  data required time                                                19.50
  --------------------------------------------------------------------------
  data required time                                                19.50
  data arrival time                                                 -3.00
  --------------------------------------------------------------------------
  slack (MET)                                                       16.51


  Startpoint: D1/SYNC_RST_reg
              (rising edge-triggered flip-flop clocked by REF_DOMAIN)
  Endpoint: REG_FILE/Reg_File_reg[2][4]
            (rising edge-triggered flip-flop clocked by REF_DOMAIN)
  Path Group: REF_DOMAIN
  Path Type: max

  Point                                                   Incr       Path
  --------------------------------------------------------------------------
  clock REF_DOMAIN (rise edge)                            0.00       0.00
  clock network delay (ideal)                             0.00       0.00
  D1/SYNC_RST_reg/CK (DFFRQX2M)                           0.00       0.00 r
  D1/SYNC_RST_reg/Q (DFFRQX2M)                            0.39       0.39 r
  D1/SYNC_RST (RST_Sync_NUM_STAGES2_0)                    0.00       0.39 r
  U5/Y (INVX2M)                                           0.05       0.44 f
  U4/Y (INVX4M)                                           0.53       0.97 r
  FIFO/W_RST (fifo_top_width8)                            0.00       0.97 r
  FIFO/U2/Y (INVX2M)                                      0.10       1.07 f
  FIFO/U1/Y (INVX2M)                                      0.39       1.46 r
  FIFO/Write_Full/RST (fifo_wptr_full)                    0.00       1.46 r
  FIFO/Write_Full/U3/Y (INVX2M)                           0.09       1.56 f
  FIFO/Write_Full/U13/Y (NOR2X2M)                         0.10       1.66 r
  FIFO/Write_Full/U10/Y (AND4X2M)                         0.26       1.92 r
  FIFO/Write_Full/w_full (fifo_wptr_full)                 0.00       1.92 r
  FIFO/FULL (fifo_top_width8)                             0.00       1.92 r
  CTRL_UNIT/FIFO_FULL (SYS_CTRL)                          0.00       1.92 r
  CTRL_UNIT/U14/Y (OAI21X2M)                              0.10       2.02 f
  CTRL_UNIT/WrEn_REG_FILE (SYS_CTRL)                      0.00       2.02 f
  REG_FILE/WrE (RAM)                                      0.00       2.02 f
  REG_FILE/U12/Y (NOR2BX2M)                               0.19       2.20 f
  REG_FILE/U65/Y (NOR2BX2M)                               0.17       2.37 f
  REG_FILE/U24/Y (NOR2BX2M)                               0.20       2.57 f
  REG_FILE/U27/Y (NAND2X2M)                               0.24       2.81 r
  REG_FILE/U176/Y (OAI2BB2X1M)                            0.19       3.00 r
  REG_FILE/Reg_File_reg[2][4]/D (DFFRQX2M)                0.00       3.00 r
  data arrival time                                                  3.00

  clock REF_DOMAIN (rise edge)                           20.00      20.00
  clock network delay (ideal)                             0.00      20.00
  clock uncertainty                                      -0.20      19.80
  REG_FILE/Reg_File_reg[2][4]/CK (DFFRQX2M)               0.00      19.80 r
  library setup time                                     -0.30      19.50
  data required time                                                19.50
  --------------------------------------------------------------------------
  data required time                                                19.50
  data arrival time                                                 -3.00
  --------------------------------------------------------------------------
  slack (MET)                                                       16.51


  Startpoint: D1/SYNC_RST_reg
              (rising edge-triggered flip-flop clocked by REF_DOMAIN)
  Endpoint: REG_FILE/Reg_File_reg[2][3]
            (rising edge-triggered flip-flop clocked by REF_DOMAIN)
  Path Group: REF_DOMAIN
  Path Type: max

  Point                                                   Incr       Path
  --------------------------------------------------------------------------
  clock REF_DOMAIN (rise edge)                            0.00       0.00
  clock network delay (ideal)                             0.00       0.00
  D1/SYNC_RST_reg/CK (DFFRQX2M)                           0.00       0.00 r
  D1/SYNC_RST_reg/Q (DFFRQX2M)                            0.39       0.39 r
  D1/SYNC_RST (RST_Sync_NUM_STAGES2_0)                    0.00       0.39 r
  U5/Y (INVX2M)                                           0.05       0.44 f
  U4/Y (INVX4M)                                           0.53       0.97 r
  FIFO/W_RST (fifo_top_width8)                            0.00       0.97 r
  FIFO/U2/Y (INVX2M)                                      0.10       1.07 f
  FIFO/U1/Y (INVX2M)                                      0.39       1.46 r
  FIFO/Write_Full/RST (fifo_wptr_full)                    0.00       1.46 r
  FIFO/Write_Full/U3/Y (INVX2M)                           0.09       1.56 f
  FIFO/Write_Full/U13/Y (NOR2X2M)                         0.10       1.66 r
  FIFO/Write_Full/U10/Y (AND4X2M)                         0.26       1.92 r
  FIFO/Write_Full/w_full (fifo_wptr_full)                 0.00       1.92 r
  FIFO/FULL (fifo_top_width8)                             0.00       1.92 r
  CTRL_UNIT/FIFO_FULL (SYS_CTRL)                          0.00       1.92 r
  CTRL_UNIT/U14/Y (OAI21X2M)                              0.10       2.02 f
  CTRL_UNIT/WrEn_REG_FILE (SYS_CTRL)                      0.00       2.02 f
  REG_FILE/WrE (RAM)                                      0.00       2.02 f
  REG_FILE/U12/Y (NOR2BX2M)                               0.19       2.20 f
  REG_FILE/U65/Y (NOR2BX2M)                               0.17       2.37 f
  REG_FILE/U24/Y (NOR2BX2M)                               0.20       2.57 f
  REG_FILE/U27/Y (NAND2X2M)                               0.24       2.81 r
  REG_FILE/U175/Y (OAI2BB2X1M)                            0.19       3.00 r
  REG_FILE/Reg_File_reg[2][3]/D (DFFRQX2M)                0.00       3.00 r
  data arrival time                                                  3.00

  clock REF_DOMAIN (rise edge)                           20.00      20.00
  clock network delay (ideal)                             0.00      20.00
  clock uncertainty                                      -0.20      19.80
  REG_FILE/Reg_File_reg[2][3]/CK (DFFRQX2M)               0.00      19.80 r
  library setup time                                     -0.30      19.50
  data required time                                                19.50
  --------------------------------------------------------------------------
  data required time                                                19.50
  data arrival time                                                 -3.00
  --------------------------------------------------------------------------
  slack (MET)                                                       16.51


  Startpoint: D1/SYNC_RST_reg
              (rising edge-triggered flip-flop clocked by REF_DOMAIN)
  Endpoint: REG_FILE/Reg_File_reg[2][2]
            (rising edge-triggered flip-flop clocked by REF_DOMAIN)
  Path Group: REF_DOMAIN
  Path Type: max

  Point                                                   Incr       Path
  --------------------------------------------------------------------------
  clock REF_DOMAIN (rise edge)                            0.00       0.00
  clock network delay (ideal)                             0.00       0.00
  D1/SYNC_RST_reg/CK (DFFRQX2M)                           0.00       0.00 r
  D1/SYNC_RST_reg/Q (DFFRQX2M)                            0.39       0.39 r
  D1/SYNC_RST (RST_Sync_NUM_STAGES2_0)                    0.00       0.39 r
  U5/Y (INVX2M)                                           0.05       0.44 f
  U4/Y (INVX4M)                                           0.53       0.97 r
  FIFO/W_RST (fifo_top_width8)                            0.00       0.97 r
  FIFO/U2/Y (INVX2M)                                      0.10       1.07 f
  FIFO/U1/Y (INVX2M)                                      0.39       1.46 r
  FIFO/Write_Full/RST (fifo_wptr_full)                    0.00       1.46 r
  FIFO/Write_Full/U3/Y (INVX2M)                           0.09       1.56 f
  FIFO/Write_Full/U13/Y (NOR2X2M)                         0.10       1.66 r
  FIFO/Write_Full/U10/Y (AND4X2M)                         0.26       1.92 r
  FIFO/Write_Full/w_full (fifo_wptr_full)                 0.00       1.92 r
  FIFO/FULL (fifo_top_width8)                             0.00       1.92 r
  CTRL_UNIT/FIFO_FULL (SYS_CTRL)                          0.00       1.92 r
  CTRL_UNIT/U14/Y (OAI21X2M)                              0.10       2.02 f
  CTRL_UNIT/WrEn_REG_FILE (SYS_CTRL)                      0.00       2.02 f
  REG_FILE/WrE (RAM)                                      0.00       2.02 f
  REG_FILE/U12/Y (NOR2BX2M)                               0.19       2.20 f
  REG_FILE/U65/Y (NOR2BX2M)                               0.17       2.37 f
  REG_FILE/U24/Y (NOR2BX2M)                               0.20       2.57 f
  REG_FILE/U27/Y (NAND2X2M)                               0.24       2.81 r
  REG_FILE/U174/Y (OAI2BB2X1M)                            0.19       3.00 r
  REG_FILE/Reg_File_reg[2][2]/D (DFFRQX2M)                0.00       3.00 r
  data arrival time                                                  3.00

  clock REF_DOMAIN (rise edge)                           20.00      20.00
  clock network delay (ideal)                             0.00      20.00
  clock uncertainty                                      -0.20      19.80
  REG_FILE/Reg_File_reg[2][2]/CK (DFFRQX2M)               0.00      19.80 r
  library setup time                                     -0.30      19.50
  data required time                                                19.50
  --------------------------------------------------------------------------
  data required time                                                19.50
  data arrival time                                                 -3.00
  --------------------------------------------------------------------------
  slack (MET)                                                       16.51


  Startpoint: UART_RX_IN (input port clocked by RX_CLK)
  Endpoint: UART/RX/F/current_state_reg[0]
            (rising edge-triggered flip-flop clocked by RX_CLK)
  Path Group: RX_CLK
  Path Type: max

  Point                                                   Incr       Path
  --------------------------------------------------------------------------
  clock RX_CLK (rise edge)                                0.00       0.00
  clock network delay (ideal)                             0.00       0.00
  input external delay                                   54.25      54.25 f
  UART_RX_IN (in)                                         0.03      54.28 f
  UART/RX_IN_S (UART_TOP)                                 0.00      54.28 f
  UART/RX/RX_IN (UART_RX)                                 0.00      54.28 f
  UART/RX/F/RX_IN (FSM_RX)                                0.00      54.28 f
  UART/RX/F/U45/Y (OAI2B2X1M)                             0.19      54.47 r
  UART/RX/F/U50/Y (AOI2B1X1M)                             0.08      54.55 f
  UART/RX/F/U48/Y (OAI221X1M)                             0.08      54.63 r
  UART/RX/F/current_state_reg[0]/D (DFFRQX2M)             0.00      54.63 r
  data arrival time                                                 54.63

  clock RX_CLK (rise edge)                              271.27     271.27
  clock network delay (ideal)                             0.00     271.27
  clock uncertainty                                      -0.20     271.07
  UART/RX/F/current_state_reg[0]/CK (DFFRQX2M)            0.00     271.07 r
  library setup time                                     -0.32     270.75
  data required time                                               270.75
  --------------------------------------------------------------------------
  data required time                                               270.75
  data arrival time                                                -54.63
  --------------------------------------------------------------------------
  slack (MET)                                                      216.12


  Startpoint: UART_RX_IN (input port clocked by RX_CLK)
  Endpoint: UART/RX/DS/sampled_reg[2]
            (rising edge-triggered flip-flop clocked by RX_CLK)
  Path Group: RX_CLK
  Path Type: max

  Point                                                   Incr       Path
  --------------------------------------------------------------------------
  clock RX_CLK (rise edge)                                0.00       0.00
  clock network delay (ideal)                             0.00       0.00
  input external delay                                   54.25      54.25 r
  UART_RX_IN (in)                                         0.03      54.29 r
  UART/RX_IN_S (UART_TOP)                                 0.00      54.29 r
  UART/RX/RX_IN (UART_RX)                                 0.00      54.29 r
  UART/RX/DS/RX_IN (data_sampling)                        0.00      54.29 r
  UART/RX/DS/U11/Y (NAND2X2M)                             0.08      54.36 f
  UART/RX/DS/U14/Y (OAI2BB2X1M)                           0.14      54.50 r
  UART/RX/DS/sampled_reg[2]/D (DFFRQX2M)                  0.00      54.50 r
  data arrival time                                                 54.50

  clock RX_CLK (rise edge)                              271.27     271.27
  clock network delay (ideal)                             0.00     271.27
  clock uncertainty                                      -0.20     271.07
  UART/RX/DS/sampled_reg[2]/CK (DFFRQX2M)                 0.00     271.07 r
  library setup time                                     -0.30     270.77
  data required time                                               270.77
  --------------------------------------------------------------------------
  data required time                                               270.77
  data arrival time                                                -54.50
  --------------------------------------------------------------------------
  slack (MET)                                                      216.27


  Startpoint: UART_RX_IN (input port clocked by RX_CLK)
  Endpoint: UART/RX/DS/sampled_reg[1]
            (rising edge-triggered flip-flop clocked by RX_CLK)
  Path Group: RX_CLK
  Path Type: max

  Point                                                   Incr       Path
  --------------------------------------------------------------------------
  clock RX_CLK (rise edge)                                0.00       0.00
  clock network delay (ideal)                             0.00       0.00
  input external delay                                   54.25      54.25 r
  UART_RX_IN (in)                                         0.03      54.29 r
  UART/RX_IN_S (UART_TOP)                                 0.00      54.29 r
  UART/RX/RX_IN (UART_RX)                                 0.00      54.29 r
  UART/RX/DS/RX_IN (data_sampling)                        0.00      54.29 r
  UART/RX/DS/U11/Y (NAND2X2M)                             0.08      54.36 f
  UART/RX/DS/U17/Y (OAI2BB2X1M)                           0.14      54.50 r
  UART/RX/DS/sampled_reg[1]/D (DFFRQX2M)                  0.00      54.50 r
  data arrival time                                                 54.50

  clock RX_CLK (rise edge)                              271.27     271.27
  clock network delay (ideal)                             0.00     271.27
  clock uncertainty                                      -0.20     271.07
  UART/RX/DS/sampled_reg[1]/CK (DFFRQX2M)                 0.00     271.07 r
  library setup time                                     -0.30     270.77
  data required time                                               270.77
  --------------------------------------------------------------------------
  data required time                                               270.77
  data arrival time                                                -54.50
  --------------------------------------------------------------------------
  slack (MET)                                                      216.27


  Startpoint: UART_RX_IN (input port clocked by RX_CLK)
  Endpoint: UART/RX/DS/sampled_reg[0]
            (rising edge-triggered flip-flop clocked by RX_CLK)
  Path Group: RX_CLK
  Path Type: max

  Point                                                   Incr       Path
  --------------------------------------------------------------------------
  clock RX_CLK (rise edge)                                0.00       0.00
  clock network delay (ideal)                             0.00       0.00
  input external delay                                   54.25      54.25 r
  UART_RX_IN (in)                                         0.03      54.29 r
  UART/RX_IN_S (UART_TOP)                                 0.00      54.29 r
  UART/RX/RX_IN (UART_RX)                                 0.00      54.29 r
  UART/RX/DS/RX_IN (data_sampling)                        0.00      54.29 r
  UART/RX/DS/U11/Y (NAND2X2M)                             0.08      54.36 f
  UART/RX/DS/U12/Y (OAI2BB2X1M)                           0.14      54.50 r
  UART/RX/DS/sampled_reg[0]/D (DFFRQX2M)                  0.00      54.50 r
  data arrival time                                                 54.50

  clock RX_CLK (rise edge)                              271.27     271.27
  clock network delay (ideal)                             0.00     271.27
  clock uncertainty                                      -0.20     271.07
  UART/RX/DS/sampled_reg[0]/CK (DFFRQX2M)                 0.00     271.07 r
  library setup time                                     -0.30     270.77
  data required time                                               270.77
  --------------------------------------------------------------------------
  data required time                                               270.77
  data arrival time                                                -54.50
  --------------------------------------------------------------------------
  slack (MET)                                                      216.27


  Startpoint: D2/SYNC_RST_reg
              (rising edge-triggered flip-flop clocked by UART_DOMAIN)
  Endpoint: UART/RX/P/par_error_reg
            (rising edge-triggered flip-flop clocked by RX_CLK)
  Path Group: RX_CLK
  Path Type: max

  Point                                                   Incr       Path
  --------------------------------------------------------------------------
  clock UART_DOMAIN (rise edge)                           0.00       0.00
  clock network delay (ideal)                             0.00       0.00
  D2/SYNC_RST_reg/CK (DFFRQX2M)                           0.00       0.00 r
  D2/SYNC_RST_reg/Q (DFFRQX2M)                            0.39       0.39 r
  D2/SYNC_RST (RST_Sync_NUM_STAGES2_1)                    0.00       0.39 r
  U8/Y (INVX2M)                                           0.04       0.43 f
  U2/Y (INVX2M)                                           0.53       0.96 r
  UART/RST (UART_TOP)                                     0.00       0.96 r
  UART/U2/Y (INVX2M)                                      0.10       1.06 f
  UART/U1/Y (INVX2M)                                      0.10       1.16 r
  UART/RX/RST (UART_RX)                                   0.00       1.16 r
  UART/RX/U2/Y (INVX2M)                                   0.05       1.20 f
  UART/RX/U1/Y (INVX2M)                                   0.74       1.94 r
  UART/RX/DS/RST (data_sampling)                          0.00       1.94 r
  UART/RX/DS/U4/Y (INVX2M)                                0.11       2.04 f
  UART/RX/DS/U19/Y (AOI211X2M)                            0.38       2.43 r
  UART/RX/DS/sampled_bit (data_sampling)                  0.00       2.43 r
  UART/RX/P/sampled (parity_check)                        0.00       2.43 r
  UART/RX/P/U4/Y (XNOR2X2M)                               0.19       2.62 r
  UART/RX/P/U3/Y (XOR3XLM)                                0.24       2.85 f
  UART/RX/P/U7/Y (XOR3XLM)                                0.51       3.36 f
  UART/RX/P/U6/Y (AOI22X1M)                               0.18       3.54 r
  UART/RX/P/U5/Y (NOR2BX2M)                               0.07       3.62 f
  UART/RX/P/par_error_reg/D (DFFRHQX8M)                   0.00       3.62 f
  data arrival time                                                  3.62

  clock RX_CLK (rise edge)                              271.27     271.27
  clock network delay (ideal)                             0.00     271.27
  clock uncertainty                                      -0.20     271.07
  UART/RX/P/par_error_reg/CK (DFFRHQX8M)                  0.00     271.07 r
  library setup time                                     -0.15     270.91
  data required time                                               270.91
  --------------------------------------------------------------------------
  data required time                                               270.91
  data arrival time                                                 -3.62
  --------------------------------------------------------------------------
  slack (MET)                                                      267.30


  Startpoint: UART/RX/EBC/edge_count_reg[1]
              (rising edge-triggered flip-flop clocked by RX_CLK)
  Endpoint: UART/RX/DZ/bit_reg[2]
            (rising edge-triggered flip-flop clocked by RX_CLK)
  Path Group: RX_CLK
  Path Type: max

  Point                                                   Incr       Path
  --------------------------------------------------------------------------
  clock RX_CLK (rise edge)                                0.00       0.00
  clock network delay (ideal)                             0.00       0.00
  UART/RX/EBC/edge_count_reg[1]/CK (DFFRQX2M)             0.00       0.00 r
  UART/RX/EBC/edge_count_reg[1]/Q (DFFRQX2M)              0.43       0.43 r
  UART/RX/EBC/edge_count[1] (edge_bit_counter)            0.00       0.43 r
  UART/RX/U12/Y (INVX2M)                                  0.05       0.48 f
  UART/RX/U11/Y (INVX2M)                                  0.24       0.72 r
  UART/RX/F/edge_count[1] (FSM_RX)                        0.00       0.72 r
  UART/RX/F/U25/Y (INVX2M)                                0.08       0.80 f
  UART/RX/F/U135/Y (AO21XLM)                              0.29       1.10 f
  UART/RX/F/U137/Y (OAI211X1M)                            0.09       1.19 r
  UART/RX/F/U138/Y (OAI221X1M)                            0.17       1.36 f
  UART/RX/F/U139/Y (AOI31X1M)                             0.18       1.54 r
  UART/RX/F/U140/Y (OA21X1M)                              0.20       1.74 r
  UART/RX/F/U34/Y (NAND2BX2M)                             0.10       1.84 f
  UART/RX/F/U29/Y (NOR2X2M)                               0.22       2.06 r
  UART/RX/F/U18/Y (NOR3BX2M)                              0.34       2.40 r
  UART/RX/F/deser_en (FSM_RX)                             0.00       2.40 r
  UART/RX/DZ/deser_en (deserializer)                      0.00       2.40 r
  UART/RX/DZ/U6/Y (INVX2M)                                0.09       2.49 f
  UART/RX/DZ/U4/Y (NOR2X2M)                               0.27       2.77 r
  UART/RX/DZ/U3/Y (INVX2M)                                0.10       2.87 f
  UART/RX/DZ/U22/Y (NOR2X2M)                              0.16       3.03 r
  UART/RX/DZ/U11/Y (NOR2BX2M)                             0.08       3.11 f
  UART/RX/DZ/U10/Y (OAI221X1M)                            0.19       3.30 r
  UART/RX/DZ/bit_reg[2]/D (DFFRQX2M)                      0.00       3.30 r
  data arrival time                                                  3.30

  clock RX_CLK (rise edge)                              271.27     271.27
  clock network delay (ideal)                             0.00     271.27
  clock uncertainty                                      -0.20     271.07
  UART/RX/DZ/bit_reg[2]/CK (DFFRQX2M)                     0.00     271.07 r
  library setup time                                     -0.32     270.75
  data required time                                               270.75
  --------------------------------------------------------------------------
  data required time                                               270.75
  data arrival time                                                 -3.30
  --------------------------------------------------------------------------
  slack (MET)                                                      267.45


  Startpoint: UART/RX/EBC/edge_count_reg[1]
              (rising edge-triggered flip-flop clocked by RX_CLK)
  Endpoint: UART/RX/DZ/P_DATA_reg[6]
            (rising edge-triggered flip-flop clocked by RX_CLK)
  Path Group: RX_CLK
  Path Type: max

  Point                                                   Incr       Path
  --------------------------------------------------------------------------
  clock RX_CLK (rise edge)                                0.00       0.00
  clock network delay (ideal)                             0.00       0.00
  UART/RX/EBC/edge_count_reg[1]/CK (DFFRQX2M)             0.00       0.00 r
  UART/RX/EBC/edge_count_reg[1]/Q (DFFRQX2M)              0.43       0.43 r
  UART/RX/EBC/edge_count[1] (edge_bit_counter)            0.00       0.43 r
  UART/RX/U12/Y (INVX2M)                                  0.05       0.48 f
  UART/RX/U11/Y (INVX2M)                                  0.24       0.72 r
  UART/RX/F/edge_count[1] (FSM_RX)                        0.00       0.72 r
  UART/RX/F/U25/Y (INVX2M)                                0.08       0.80 f
  UART/RX/F/U135/Y (AO21XLM)                              0.29       1.10 f
  UART/RX/F/U137/Y (OAI211X1M)                            0.09       1.19 r
  UART/RX/F/U138/Y (OAI221X1M)                            0.17       1.36 f
  UART/RX/F/U139/Y (AOI31X1M)                             0.18       1.54 r
  UART/RX/F/U140/Y (OA21X1M)                              0.20       1.74 r
  UART/RX/F/U34/Y (NAND2BX2M)                             0.10       1.84 f
  UART/RX/F/U29/Y (NOR2X2M)                               0.22       2.06 r
  UART/RX/F/U18/Y (NOR3BX2M)                              0.34       2.40 r
  UART/RX/F/deser_en (FSM_RX)                             0.00       2.40 r
  UART/RX/DZ/deser_en (deserializer)                      0.00       2.40 r
  UART/RX/DZ/U6/Y (INVX2M)                                0.09       2.49 f
  UART/RX/DZ/U4/Y (NOR2X2M)                               0.27       2.77 r
  UART/RX/DZ/U3/Y (INVX2M)                                0.10       2.87 f
  UART/RX/DZ/U22/Y (NOR2X2M)                              0.16       3.03 r
  UART/RX/DZ/U34/Y (AOI31X2M)                             0.12       3.15 f
  UART/RX/DZ/U33/Y (OAI2BB2X1M)                           0.14       3.29 r
  UART/RX/DZ/P_DATA_reg[6]/D (DFFRQX2M)                   0.00       3.29 r
  data arrival time                                                  3.29

  clock RX_CLK (rise edge)                              271.27     271.27
  clock network delay (ideal)                             0.00     271.27
  clock uncertainty                                      -0.20     271.07
  UART/RX/DZ/P_DATA_reg[6]/CK (DFFRQX2M)                  0.00     271.07 r
  library setup time                                     -0.30     270.77
  data required time                                               270.77
  --------------------------------------------------------------------------
  data required time                                               270.77
  data arrival time                                                 -3.29
  --------------------------------------------------------------------------
  slack (MET)                                                      267.48


  Startpoint: UART/RX/EBC/edge_count_reg[1]
              (rising edge-triggered flip-flop clocked by RX_CLK)
  Endpoint: UART/RX/DZ/P_DATA_reg[5]
            (rising edge-triggered flip-flop clocked by RX_CLK)
  Path Group: RX_CLK
  Path Type: max

  Point                                                   Incr       Path
  --------------------------------------------------------------------------
  clock RX_CLK (rise edge)                                0.00       0.00
  clock network delay (ideal)                             0.00       0.00
  UART/RX/EBC/edge_count_reg[1]/CK (DFFRQX2M)             0.00       0.00 r
  UART/RX/EBC/edge_count_reg[1]/Q (DFFRQX2M)              0.43       0.43 r
  UART/RX/EBC/edge_count[1] (edge_bit_counter)            0.00       0.43 r
  UART/RX/U12/Y (INVX2M)                                  0.05       0.48 f
  UART/RX/U11/Y (INVX2M)                                  0.24       0.72 r
  UART/RX/F/edge_count[1] (FSM_RX)                        0.00       0.72 r
  UART/RX/F/U25/Y (INVX2M)                                0.08       0.80 f
  UART/RX/F/U135/Y (AO21XLM)                              0.29       1.10 f
  UART/RX/F/U137/Y (OAI211X1M)                            0.09       1.19 r
  UART/RX/F/U138/Y (OAI221X1M)                            0.17       1.36 f
  UART/RX/F/U139/Y (AOI31X1M)                             0.18       1.54 r
  UART/RX/F/U140/Y (OA21X1M)                              0.20       1.74 r
  UART/RX/F/U34/Y (NAND2BX2M)                             0.10       1.84 f
  UART/RX/F/U29/Y (NOR2X2M)                               0.22       2.06 r
  UART/RX/F/U18/Y (NOR3BX2M)                              0.34       2.40 r
  UART/RX/F/deser_en (FSM_RX)                             0.00       2.40 r
  UART/RX/DZ/deser_en (deserializer)                      0.00       2.40 r
  UART/RX/DZ/U6/Y (INVX2M)                                0.09       2.49 f
  UART/RX/DZ/U4/Y (NOR2X2M)                               0.27       2.77 r
  UART/RX/DZ/U36/Y (NAND3X2M)                             0.16       2.93 f
  UART/RX/DZ/U32/Y (AOI2BB1X2M)                           0.22       3.15 f
  UART/RX/DZ/U31/Y (OAI2BB2X1M)                           0.13       3.28 r
  UART/RX/DZ/P_DATA_reg[5]/D (DFFRQX2M)                   0.00       3.28 r
  data arrival time                                                  3.28

  clock RX_CLK (rise edge)                              271.27     271.27
  clock network delay (ideal)                             0.00     271.27
  clock uncertainty                                      -0.20     271.07
  UART/RX/DZ/P_DATA_reg[5]/CK (DFFRQX2M)                  0.00     271.07 r
  library setup time                                     -0.30     270.77
  data required time                                               270.77
  --------------------------------------------------------------------------
  data required time                                               270.77
  data arrival time                                                 -3.28
  --------------------------------------------------------------------------
  slack (MET)                                                      267.49


  Startpoint: UART/RX/EBC/edge_count_reg[1]
              (rising edge-triggered flip-flop clocked by RX_CLK)
  Endpoint: UART/RX/DZ/P_DATA_reg[4]
            (rising edge-triggered flip-flop clocked by RX_CLK)
  Path Group: RX_CLK
  Path Type: max

  Point                                                   Incr       Path
  --------------------------------------------------------------------------
  clock RX_CLK (rise edge)                                0.00       0.00
  clock network delay (ideal)                             0.00       0.00
  UART/RX/EBC/edge_count_reg[1]/CK (DFFRQX2M)             0.00       0.00 r
  UART/RX/EBC/edge_count_reg[1]/Q (DFFRQX2M)              0.43       0.43 r
  UART/RX/EBC/edge_count[1] (edge_bit_counter)            0.00       0.43 r
  UART/RX/U12/Y (INVX2M)                                  0.05       0.48 f
  UART/RX/U11/Y (INVX2M)                                  0.24       0.72 r
  UART/RX/F/edge_count[1] (FSM_RX)                        0.00       0.72 r
  UART/RX/F/U25/Y (INVX2M)                                0.08       0.80 f
  UART/RX/F/U135/Y (AO21XLM)                              0.29       1.10 f
  UART/RX/F/U137/Y (OAI211X1M)                            0.09       1.19 r
  UART/RX/F/U138/Y (OAI221X1M)                            0.17       1.36 f
  UART/RX/F/U139/Y (AOI31X1M)                             0.18       1.54 r
  UART/RX/F/U140/Y (OA21X1M)                              0.20       1.74 r
  UART/RX/F/U34/Y (NAND2BX2M)                             0.10       1.84 f
  UART/RX/F/U29/Y (NOR2X2M)                               0.22       2.06 r
  UART/RX/F/U18/Y (NOR3BX2M)                              0.34       2.40 r
  UART/RX/F/deser_en (FSM_RX)                             0.00       2.40 r
  UART/RX/DZ/deser_en (deserializer)                      0.00       2.40 r
  UART/RX/DZ/U6/Y (INVX2M)                                0.09       2.49 f
  UART/RX/DZ/U4/Y (NOR2X2M)                               0.27       2.77 r
  UART/RX/DZ/U36/Y (NAND3X2M)                             0.16       2.93 f
  UART/RX/DZ/U30/Y (AOI2BB1X2M)                           0.22       3.15 f
  UART/RX/DZ/U29/Y (OAI2BB2X1M)                           0.13       3.28 r
  UART/RX/DZ/P_DATA_reg[4]/D (DFFRQX2M)                   0.00       3.28 r
  data arrival time                                                  3.28

  clock RX_CLK (rise edge)                              271.27     271.27
  clock network delay (ideal)                             0.00     271.27
  clock uncertainty                                      -0.20     271.07
  UART/RX/DZ/P_DATA_reg[4]/CK (DFFRQX2M)                  0.00     271.07 r
  library setup time                                     -0.30     270.77
  data required time                                               270.77
  --------------------------------------------------------------------------
  data required time                                               270.77
  data arrival time                                                 -3.28
  --------------------------------------------------------------------------
  slack (MET)                                                      267.49


  Startpoint: UART/RX/EBC/edge_count_reg[1]
              (rising edge-triggered flip-flop clocked by RX_CLK)
  Endpoint: UART/RX/DZ/P_DATA_reg[3]
            (rising edge-triggered flip-flop clocked by RX_CLK)
  Path Group: RX_CLK
  Path Type: max

  Point                                                   Incr       Path
  --------------------------------------------------------------------------
  clock RX_CLK (rise edge)                                0.00       0.00
  clock network delay (ideal)                             0.00       0.00
  UART/RX/EBC/edge_count_reg[1]/CK (DFFRQX2M)             0.00       0.00 r
  UART/RX/EBC/edge_count_reg[1]/Q (DFFRQX2M)              0.43       0.43 r
  UART/RX/EBC/edge_count[1] (edge_bit_counter)            0.00       0.43 r
  UART/RX/U12/Y (INVX2M)                                  0.05       0.48 f
  UART/RX/U11/Y (INVX2M)                                  0.24       0.72 r
  UART/RX/F/edge_count[1] (FSM_RX)                        0.00       0.72 r
  UART/RX/F/U25/Y (INVX2M)                                0.08       0.80 f
  UART/RX/F/U135/Y (AO21XLM)                              0.29       1.10 f
  UART/RX/F/U137/Y (OAI211X1M)                            0.09       1.19 r
  UART/RX/F/U138/Y (OAI221X1M)                            0.17       1.36 f
  UART/RX/F/U139/Y (AOI31X1M)                             0.18       1.54 r
  UART/RX/F/U140/Y (OA21X1M)                              0.20       1.74 r
  UART/RX/F/U34/Y (NAND2BX2M)                             0.10       1.84 f
  UART/RX/F/U29/Y (NOR2X2M)                               0.22       2.06 r
  UART/RX/F/U18/Y (NOR3BX2M)                              0.34       2.40 r
  UART/RX/F/deser_en (FSM_RX)                             0.00       2.40 r
  UART/RX/DZ/deser_en (deserializer)                      0.00       2.40 r
  UART/RX/DZ/U6/Y (INVX2M)                                0.09       2.49 f
  UART/RX/DZ/U4/Y (NOR2X2M)                               0.27       2.77 r
  UART/RX/DZ/U35/Y (NAND3X2M)                             0.16       2.93 f
  UART/RX/DZ/U28/Y (AOI2BB1X2M)                           0.22       3.15 f
  UART/RX/DZ/U27/Y (OAI2BB2X1M)                           0.13       3.28 r
  UART/RX/DZ/P_DATA_reg[3]/D (DFFRQX2M)                   0.00       3.28 r
  data arrival time                                                  3.28

  clock RX_CLK (rise edge)                              271.27     271.27
  clock network delay (ideal)                             0.00     271.27
  clock uncertainty                                      -0.20     271.07
  UART/RX/DZ/P_DATA_reg[3]/CK (DFFRQX2M)                  0.00     271.07 r
  library setup time                                     -0.30     270.77
  data required time                                               270.77
  --------------------------------------------------------------------------
  data required time                                               270.77
  data arrival time                                                 -3.28
  --------------------------------------------------------------------------
  slack (MET)                                                      267.50


  Startpoint: UART/RX/EBC/edge_count_reg[1]
              (rising edge-triggered flip-flop clocked by RX_CLK)
  Endpoint: UART/RX/DZ/P_DATA_reg[2]
            (rising edge-triggered flip-flop clocked by RX_CLK)
  Path Group: RX_CLK
  Path Type: max

  Point                                                   Incr       Path
  --------------------------------------------------------------------------
  clock RX_CLK (rise edge)                                0.00       0.00
  clock network delay (ideal)                             0.00       0.00
  UART/RX/EBC/edge_count_reg[1]/CK (DFFRQX2M)             0.00       0.00 r
  UART/RX/EBC/edge_count_reg[1]/Q (DFFRQX2M)              0.43       0.43 r
  UART/RX/EBC/edge_count[1] (edge_bit_counter)            0.00       0.43 r
  UART/RX/U12/Y (INVX2M)                                  0.05       0.48 f
  UART/RX/U11/Y (INVX2M)                                  0.24       0.72 r
  UART/RX/F/edge_count[1] (FSM_RX)                        0.00       0.72 r
  UART/RX/F/U25/Y (INVX2M)                                0.08       0.80 f
  UART/RX/F/U135/Y (AO21XLM)                              0.29       1.10 f
  UART/RX/F/U137/Y (OAI211X1M)                            0.09       1.19 r
  UART/RX/F/U138/Y (OAI221X1M)                            0.17       1.36 f
  UART/RX/F/U139/Y (AOI31X1M)                             0.18       1.54 r
  UART/RX/F/U140/Y (OA21X1M)                              0.20       1.74 r
  UART/RX/F/U34/Y (NAND2BX2M)                             0.10       1.84 f
  UART/RX/F/U29/Y (NOR2X2M)                               0.22       2.06 r
  UART/RX/F/U18/Y (NOR3BX2M)                              0.34       2.40 r
  UART/RX/F/deser_en (FSM_RX)                             0.00       2.40 r
  UART/RX/DZ/deser_en (deserializer)                      0.00       2.40 r
  UART/RX/DZ/U6/Y (INVX2M)                                0.09       2.49 f
  UART/RX/DZ/U4/Y (NOR2X2M)                               0.27       2.77 r
  UART/RX/DZ/U35/Y (NAND3X2M)                             0.16       2.93 f
  UART/RX/DZ/U26/Y (AOI2BB1X2M)                           0.22       3.15 f
  UART/RX/DZ/U25/Y (OAI2BB2X1M)                           0.13       3.28 r
  UART/RX/DZ/P_DATA_reg[2]/D (DFFRQX2M)                   0.00       3.28 r
  data arrival time                                                  3.28

  clock RX_CLK (rise edge)                              271.27     271.27
  clock network delay (ideal)                             0.00     271.27
  clock uncertainty                                      -0.20     271.07
  UART/RX/DZ/P_DATA_reg[2]/CK (DFFRQX2M)                  0.00     271.07 r
  library setup time                                     -0.30     270.77
  data required time                                               270.77
  --------------------------------------------------------------------------
  data required time                                               270.77
  data arrival time                                                 -3.28
  --------------------------------------------------------------------------
  slack (MET)                                                      267.50


  Startpoint: UART/RX/EBC/edge_count_reg[1]
              (rising edge-triggered flip-flop clocked by RX_CLK)
  Endpoint: UART/RX/DZ/P_DATA_reg[0]
            (rising edge-triggered flip-flop clocked by RX_CLK)
  Path Group: RX_CLK
  Path Type: max

  Point                                                   Incr       Path
  --------------------------------------------------------------------------
  clock RX_CLK (rise edge)                                0.00       0.00
  clock network delay (ideal)                             0.00       0.00
  UART/RX/EBC/edge_count_reg[1]/CK (DFFRQX2M)             0.00       0.00 r
  UART/RX/EBC/edge_count_reg[1]/Q (DFFRQX2M)              0.43       0.43 r
  UART/RX/EBC/edge_count[1] (edge_bit_counter)            0.00       0.43 r
  UART/RX/U12/Y (INVX2M)                                  0.05       0.48 f
  UART/RX/U11/Y (INVX2M)                                  0.24       0.72 r
  UART/RX/F/edge_count[1] (FSM_RX)                        0.00       0.72 r
  UART/RX/F/U25/Y (INVX2M)                                0.08       0.80 f
  UART/RX/F/U135/Y (AO21XLM)                              0.29       1.10 f
  UART/RX/F/U137/Y (OAI211X1M)                            0.09       1.19 r
  UART/RX/F/U138/Y (OAI221X1M)                            0.17       1.36 f
  UART/RX/F/U139/Y (AOI31X1M)                             0.18       1.54 r
  UART/RX/F/U140/Y (OA21X1M)                              0.20       1.74 r
  UART/RX/F/U34/Y (NAND2BX2M)                             0.10       1.84 f
  UART/RX/F/U29/Y (NOR2X2M)                               0.22       2.06 r
  UART/RX/F/U18/Y (NOR3BX2M)                              0.34       2.40 r
  UART/RX/F/deser_en (FSM_RX)                             0.00       2.40 r
  UART/RX/DZ/deser_en (deserializer)                      0.00       2.40 r
  UART/RX/DZ/U6/Y (INVX2M)                                0.09       2.49 f
  UART/RX/DZ/U4/Y (NOR2X2M)                               0.27       2.77 r
  UART/RX/DZ/U9/Y (NAND2X2M)                              0.19       2.96 f
  UART/RX/DZ/U16/Y (OAI32X1M)                             0.26       3.22 r
  UART/RX/DZ/P_DATA_reg[0]/D (DFFRQX2M)                   0.00       3.22 r
  data arrival time                                                  3.22

  clock RX_CLK (rise edge)                              271.27     271.27
  clock network delay (ideal)                             0.00     271.27
  clock uncertainty                                      -0.20     271.07
  UART/RX/DZ/P_DATA_reg[0]/CK (DFFRQX2M)                  0.00     271.07 r
  library setup time                                     -0.33     270.74
  data required time                                               270.74
  --------------------------------------------------------------------------
  data required time                                               270.74
  data arrival time                                                 -3.22
  --------------------------------------------------------------------------
  slack (MET)                                                      267.52


  Startpoint: UART/RX/EBC/edge_count_reg[1]
              (rising edge-triggered flip-flop clocked by RX_CLK)
  Endpoint: UART/RX/DZ/bit_reg[1]
            (rising edge-triggered flip-flop clocked by RX_CLK)
  Path Group: RX_CLK
  Path Type: max

  Point                                                   Incr       Path
  --------------------------------------------------------------------------
  clock RX_CLK (rise edge)                                0.00       0.00
  clock network delay (ideal)                             0.00       0.00
  UART/RX/EBC/edge_count_reg[1]/CK (DFFRQX2M)             0.00       0.00 r
  UART/RX/EBC/edge_count_reg[1]/Q (DFFRQX2M)              0.43       0.43 r
  UART/RX/EBC/edge_count[1] (edge_bit_counter)            0.00       0.43 r
  UART/RX/U12/Y (INVX2M)                                  0.05       0.48 f
  UART/RX/U11/Y (INVX2M)                                  0.24       0.72 r
  UART/RX/F/edge_count[1] (FSM_RX)                        0.00       0.72 r
  UART/RX/F/U25/Y (INVX2M)                                0.08       0.80 f
  UART/RX/F/U135/Y (AO21XLM)                              0.29       1.10 f
  UART/RX/F/U137/Y (OAI211X1M)                            0.09       1.19 r
  UART/RX/F/U138/Y (OAI221X1M)                            0.17       1.36 f
  UART/RX/F/U139/Y (AOI31X1M)                             0.18       1.54 r
  UART/RX/F/U140/Y (OA21X1M)                              0.20       1.74 r
  UART/RX/F/U34/Y (NAND2BX2M)                             0.10       1.84 f
  UART/RX/F/U29/Y (NOR2X2M)                               0.22       2.06 r
  UART/RX/F/U18/Y (NOR3BX2M)                              0.34       2.40 r
  UART/RX/F/deser_en (FSM_RX)                             0.00       2.40 r
  UART/RX/DZ/deser_en (deserializer)                      0.00       2.40 r
  UART/RX/DZ/U6/Y (INVX2M)                                0.09       2.49 f
  UART/RX/DZ/U4/Y (NOR2X2M)                               0.27       2.77 r
  UART/RX/DZ/U3/Y (INVX2M)                                0.10       2.87 f
  UART/RX/DZ/U22/Y (NOR2X2M)                              0.16       3.03 r
  UART/RX/DZ/U11/Y (NOR2BX2M)                             0.08       3.11 f
  UART/RX/DZ/U13/Y (OAI2BB2X1M)                           0.12       3.23 r
  UART/RX/DZ/bit_reg[1]/D (DFFRQX2M)                      0.00       3.23 r
  data arrival time                                                  3.23

  clock RX_CLK (rise edge)                              271.27     271.27
  clock network delay (ideal)                             0.00     271.27
  clock uncertainty                                      -0.20     271.07
  UART/RX/DZ/bit_reg[1]/CK (DFFRQX2M)                     0.00     271.07 r
  library setup time                                     -0.30     270.77
  data required time                                               270.77
  --------------------------------------------------------------------------
  data required time                                               270.77
  data arrival time                                                 -3.23
  --------------------------------------------------------------------------
  slack (MET)                                                      267.54


  Startpoint: UART/RX/EBC/edge_count_reg[1]
              (rising edge-triggered flip-flop clocked by RX_CLK)
  Endpoint: UART/RX/DZ/P_DATA_reg[7]
            (rising edge-triggered flip-flop clocked by RX_CLK)
  Path Group: RX_CLK
  Path Type: max

  Point                                                   Incr       Path
  --------------------------------------------------------------------------
  clock RX_CLK (rise edge)                                0.00       0.00
  clock network delay (ideal)                             0.00       0.00
  UART/RX/EBC/edge_count_reg[1]/CK (DFFRQX2M)             0.00       0.00 r
  UART/RX/EBC/edge_count_reg[1]/Q (DFFRQX2M)              0.43       0.43 r
  UART/RX/EBC/edge_count[1] (edge_bit_counter)            0.00       0.43 r
  UART/RX/U12/Y (INVX2M)                                  0.05       0.48 f
  UART/RX/U11/Y (INVX2M)                                  0.24       0.72 r
  UART/RX/F/edge_count[1] (FSM_RX)                        0.00       0.72 r
  UART/RX/F/U25/Y (INVX2M)                                0.08       0.80 f
  UART/RX/F/U135/Y (AO21XLM)                              0.29       1.10 f
  UART/RX/F/U137/Y (OAI211X1M)                            0.09       1.19 r
  UART/RX/F/U138/Y (OAI221X1M)                            0.17       1.36 f
  UART/RX/F/U139/Y (AOI31X1M)                             0.18       1.54 r
  UART/RX/F/U140/Y (OA21X1M)                              0.20       1.74 r
  UART/RX/F/U34/Y (NAND2BX2M)                             0.10       1.84 f
  UART/RX/F/U29/Y (NOR2X2M)                               0.22       2.06 r
  UART/RX/F/U18/Y (NOR3BX2M)                              0.34       2.40 r
  UART/RX/F/deser_en (FSM_RX)                             0.00       2.40 r
  UART/RX/DZ/deser_en (deserializer)                      0.00       2.40 r
  UART/RX/DZ/U6/Y (INVX2M)                                0.09       2.49 f
  UART/RX/DZ/U4/Y (NOR2X2M)                               0.27       2.77 r
  UART/RX/DZ/U9/Y (NAND2X2M)                              0.19       2.96 f
  UART/RX/DZ/U18/Y (OAI31X1M)                             0.26       3.21 r
  UART/RX/DZ/P_DATA_reg[7]/D (DFFRQX2M)                   0.00       3.21 r
  data arrival time                                                  3.21

  clock RX_CLK (rise edge)                              271.27     271.27
  clock network delay (ideal)                             0.00     271.27
  clock uncertainty                                      -0.20     271.07
  UART/RX/DZ/P_DATA_reg[7]/CK (DFFRQX2M)                  0.00     271.07 r
  library setup time                                     -0.31     270.76
  data required time                                               270.76
  --------------------------------------------------------------------------
  data required time                                               270.76
  data arrival time                                                 -3.21
  --------------------------------------------------------------------------
  slack (MET)                                                      267.54


  Startpoint: UART/RX/EBC/edge_count_reg[1]
              (rising edge-triggered flip-flop clocked by RX_CLK)
  Endpoint: UART/RX/DZ/bit_reg[0]
            (rising edge-triggered flip-flop clocked by RX_CLK)
  Path Group: RX_CLK
  Path Type: max

  Point                                                   Incr       Path
  --------------------------------------------------------------------------
  clock RX_CLK (rise edge)                                0.00       0.00
  clock network delay (ideal)                             0.00       0.00
  UART/RX/EBC/edge_count_reg[1]/CK (DFFRQX2M)             0.00       0.00 r
  UART/RX/EBC/edge_count_reg[1]/Q (DFFRQX2M)              0.43       0.43 r
  UART/RX/EBC/edge_count[1] (edge_bit_counter)            0.00       0.43 r
  UART/RX/U12/Y (INVX2M)                                  0.05       0.48 f
  UART/RX/U11/Y (INVX2M)                                  0.24       0.72 r
  UART/RX/F/edge_count[1] (FSM_RX)                        0.00       0.72 r
  UART/RX/F/U25/Y (INVX2M)                                0.08       0.80 f
  UART/RX/F/U135/Y (AO21XLM)                              0.29       1.10 f
  UART/RX/F/U137/Y (OAI211X1M)                            0.09       1.19 r
  UART/RX/F/U138/Y (OAI221X1M)                            0.17       1.36 f
  UART/RX/F/U139/Y (AOI31X1M)                             0.18       1.54 r
  UART/RX/F/U140/Y (OA21X1M)                              0.20       1.74 r
  UART/RX/F/U34/Y (NAND2BX2M)                             0.10       1.84 f
  UART/RX/F/U29/Y (NOR2X2M)                               0.22       2.06 r
  UART/RX/F/U18/Y (NOR3BX2M)                              0.34       2.40 r
  UART/RX/F/deser_en (FSM_RX)                             0.00       2.40 r
  UART/RX/DZ/deser_en (deserializer)                      0.00       2.40 r
  UART/RX/DZ/U6/Y (INVX2M)                                0.09       2.49 f
  UART/RX/DZ/U4/Y (NOR2X2M)                               0.27       2.77 r
  UART/RX/DZ/U3/Y (INVX2M)                                0.10       2.87 f
  UART/RX/DZ/U22/Y (NOR2X2M)                              0.16       3.03 r
  UART/RX/DZ/U12/Y (OAI21BX1M)                            0.14       3.17 r
  UART/RX/DZ/bit_reg[0]/D (DFFRQX2M)                      0.00       3.17 r
  data arrival time                                                  3.17

  clock RX_CLK (rise edge)                              271.27     271.27
  clock network delay (ideal)                             0.00     271.27
  clock uncertainty                                      -0.20     271.07
  UART/RX/DZ/bit_reg[0]/CK (DFFRQX2M)                     0.00     271.07 r
  library setup time                                     -0.30     270.77
  data required time                                               270.77
  --------------------------------------------------------------------------
  data required time                                               270.77
  data arrival time                                                 -3.17
  --------------------------------------------------------------------------
  slack (MET)                                                      267.60


  Startpoint: UART/RX/EBC/edge_count_reg[1]
              (rising edge-triggered flip-flop clocked by RX_CLK)
  Endpoint: UART/RX/DZ/P_DATA_reg[1]
            (rising edge-triggered flip-flop clocked by RX_CLK)
  Path Group: RX_CLK
  Path Type: max

  Point                                                   Incr       Path
  --------------------------------------------------------------------------
  clock RX_CLK (rise edge)                                0.00       0.00
  clock network delay (ideal)                             0.00       0.00
  UART/RX/EBC/edge_count_reg[1]/CK (DFFRQX2M)             0.00       0.00 r
  UART/RX/EBC/edge_count_reg[1]/Q (DFFRQX2M)              0.43       0.43 r
  UART/RX/EBC/edge_count[1] (edge_bit_counter)            0.00       0.43 r
  UART/RX/U12/Y (INVX2M)                                  0.05       0.48 f
  UART/RX/U11/Y (INVX2M)                                  0.24       0.72 r
  UART/RX/F/edge_count[1] (FSM_RX)                        0.00       0.72 r
  UART/RX/F/U25/Y (INVX2M)                                0.08       0.80 f
  UART/RX/F/U135/Y (AO21XLM)                              0.29       1.10 f
  UART/RX/F/U137/Y (OAI211X1M)                            0.09       1.19 r
  UART/RX/F/U138/Y (OAI221X1M)                            0.17       1.36 f
  UART/RX/F/U139/Y (AOI31X1M)                             0.18       1.54 r
  UART/RX/F/U140/Y (OA21X1M)                              0.20       1.74 r
  UART/RX/F/U34/Y (NAND2BX2M)                             0.10       1.84 f
  UART/RX/F/U29/Y (NOR2X2M)                               0.22       2.06 r
  UART/RX/F/U18/Y (NOR3BX2M)                              0.34       2.40 r
  UART/RX/F/deser_en (FSM_RX)                             0.00       2.40 r
  UART/RX/DZ/deser_en (deserializer)                      0.00       2.40 r
  UART/RX/DZ/U6/Y (INVX2M)                                0.09       2.49 f
  UART/RX/DZ/U4/Y (NOR2X2M)                               0.27       2.77 r
  UART/RX/DZ/U9/Y (NAND2X2M)                              0.19       2.96 f
  UART/RX/DZ/U23/Y (OAI2BB2X1M)                           0.17       3.13 r
  UART/RX/DZ/P_DATA_reg[1]/D (DFFRQX2M)                   0.00       3.13 r
  data arrival time                                                  3.13

  clock RX_CLK (rise edge)                              271.27     271.27
  clock network delay (ideal)                             0.00     271.27
  clock uncertainty                                      -0.20     271.07
  UART/RX/DZ/P_DATA_reg[1]/CK (DFFRQX2M)                  0.00     271.07 r
  library setup time                                     -0.30     270.77
  data required time                                               270.77
  --------------------------------------------------------------------------
  data required time                                               270.77
  data arrival time                                                 -3.13
  --------------------------------------------------------------------------
  slack (MET)                                                      267.65


  Startpoint: UART/RX/EBC/edge_count_reg[1]
              (rising edge-triggered flip-flop clocked by RX_CLK)
  Endpoint: UART/RX/F/current_state_reg[2]
            (rising edge-triggered flip-flop clocked by RX_CLK)
  Path Group: RX_CLK
  Path Type: max

  Point                                                   Incr       Path
  --------------------------------------------------------------------------
  clock RX_CLK (rise edge)                                0.00       0.00
  clock network delay (ideal)                             0.00       0.00
  UART/RX/EBC/edge_count_reg[1]/CK (DFFRQX2M)             0.00       0.00 r
  UART/RX/EBC/edge_count_reg[1]/Q (DFFRQX2M)              0.43       0.43 r
  UART/RX/EBC/edge_count[1] (edge_bit_counter)            0.00       0.43 r
  UART/RX/U12/Y (INVX2M)                                  0.05       0.48 f
  UART/RX/U11/Y (INVX2M)                                  0.24       0.72 r
  UART/RX/F/edge_count[1] (FSM_RX)                        0.00       0.72 r
  UART/RX/F/U25/Y (INVX2M)                                0.08       0.80 f
  UART/RX/F/U135/Y (AO21XLM)                              0.29       1.10 f
  UART/RX/F/U137/Y (OAI211X1M)                            0.09       1.19 r
  UART/RX/F/U138/Y (OAI221X1M)                            0.17       1.36 f
  UART/RX/F/U139/Y (AOI31X1M)                             0.18       1.54 r
  UART/RX/F/U140/Y (OA21X1M)                              0.20       1.74 r
  UART/RX/F/U34/Y (NAND2BX2M)                             0.10       1.84 f
  UART/RX/F/U29/Y (NOR2X2M)                               0.22       2.06 r
  UART/RX/F/U18/Y (NOR3BX2M)                              0.34       2.40 r
  UART/RX/F/U53/Y (AOI33XLM)                              0.29       2.69 f
  UART/RX/F/U52/Y (OAI21X2M)                              0.11       2.80 r
  UART/RX/F/current_state_reg[2]/D (DFFRQX2M)             0.00       2.80 r
  data arrival time                                                  2.80

  clock RX_CLK (rise edge)                              271.27     271.27
  clock network delay (ideal)                             0.00     271.27
  clock uncertainty                                      -0.20     271.07
  UART/RX/F/current_state_reg[2]/CK (DFFRQX2M)            0.00     271.07 r
  library setup time                                     -0.29     270.77
  data required time                                               270.77
  --------------------------------------------------------------------------
  data required time                                               270.77
  data arrival time                                                 -2.80
  --------------------------------------------------------------------------
  slack (MET)                                                      267.98


  Startpoint: D2/SYNC_RST_reg
              (rising edge-triggered flip-flop clocked by UART_DOMAIN)
  Endpoint: UART/RX/Sr/start_glitch_reg
            (rising edge-triggered flip-flop clocked by RX_CLK)
  Path Group: RX_CLK
  Path Type: max

  Point                                                   Incr       Path
  --------------------------------------------------------------------------
  clock UART_DOMAIN (rise edge)                           0.00       0.00
  clock network delay (ideal)                             0.00       0.00
  D2/SYNC_RST_reg/CK (DFFRQX2M)                           0.00       0.00 r
  D2/SYNC_RST_reg/Q (DFFRQX2M)                            0.39       0.39 r
  D2/SYNC_RST (RST_Sync_NUM_STAGES2_1)                    0.00       0.39 r
  U8/Y (INVX2M)                                           0.04       0.43 f
  U2/Y (INVX2M)                                           0.53       0.96 r
  UART/RST (UART_TOP)                                     0.00       0.96 r
  UART/U2/Y (INVX2M)                                      0.10       1.06 f
  UART/U1/Y (INVX2M)                                      0.10       1.16 r
  UART/RX/RST (UART_RX)                                   0.00       1.16 r
  UART/RX/U2/Y (INVX2M)                                   0.05       1.20 f
  UART/RX/U1/Y (INVX2M)                                   0.74       1.94 r
  UART/RX/DS/RST (data_sampling)                          0.00       1.94 r
  UART/RX/DS/U4/Y (INVX2M)                                0.11       2.04 f
  UART/RX/DS/U19/Y (AOI211X2M)                            0.38       2.43 r
  UART/RX/DS/sampled_bit (data_sampling)                  0.00       2.43 r
  UART/RX/Sr/start_bit (start_check)                      0.00       2.43 r
  UART/RX/Sr/U4/Y (AOI22X1M)                              0.14       2.57 f
  UART/RX/Sr/U3/Y (NOR2BX2M)                              0.12       2.69 r
  UART/RX/Sr/start_glitch_reg/D (DFFRQX2M)                0.00       2.69 r
  data arrival time                                                  2.69

  clock RX_CLK (rise edge)                              271.27     271.27
  clock network delay (ideal)                             0.00     271.27
  clock uncertainty                                      -0.20     271.07
  UART/RX/Sr/start_glitch_reg/CK (DFFRQX2M)               0.00     271.07 r
  library setup time                                     -0.29     270.78
  data required time                                               270.78
  --------------------------------------------------------------------------
  data required time                                               270.78
  data arrival time                                                 -2.69
  --------------------------------------------------------------------------
  slack (MET)                                                      268.09


  Startpoint: UART/RX/EBC/edge_count_reg[0]
              (rising edge-triggered flip-flop clocked by RX_CLK)
  Endpoint: UART/RX/EBC/bit_count_reg[3]
            (rising edge-triggered flip-flop clocked by RX_CLK)
  Path Group: RX_CLK
  Path Type: max

  Point                                                   Incr       Path
  --------------------------------------------------------------------------
  clock RX_CLK (rise edge)                                0.00       0.00
  clock network delay (ideal)                             0.00       0.00
  UART/RX/EBC/edge_count_reg[0]/CK (DFFRQX2M)             0.00       0.00 r
  UART/RX/EBC/edge_count_reg[0]/Q (DFFRQX2M)              0.62       0.62 f
  UART/RX/EBC/U41/Y (NAND2BX1M)                           0.25       0.87 f
  UART/RX/EBC/U42/Y (AOI2BB1X1M)                          0.24       1.11 f
  UART/RX/EBC/U43/Y (AOI221XLM)                           0.26       1.37 r
  UART/RX/EBC/U44/Y (AOI221XLM)                           0.12       1.49 f
  UART/RX/EBC/U45/Y (AOI221XLM)                           0.29       1.78 r
  UART/RX/EBC/U47/Y (OR4X1M)                              0.28       2.06 r
  UART/RX/EBC/U12/Y (NOR2BX2M)                            0.08       2.15 f
  UART/RX/EBC/U14/Y (NAND2X2M)                            0.09       2.23 r
  UART/RX/EBC/U19/Y (NAND2BX2M)                           0.12       2.35 r
  UART/RX/EBC/U18/Y (CLKXOR2X2M)                          0.21       2.57 f
  UART/RX/EBC/U17/Y (NOR2X2M)                             0.09       2.65 r
  UART/RX/EBC/bit_count_reg[3]/D (DFFRQX2M)               0.00       2.65 r
  data arrival time                                                  2.65

  clock RX_CLK (rise edge)                              271.27     271.27
  clock network delay (ideal)                             0.00     271.27
  clock uncertainty                                      -0.20     271.07
  UART/RX/EBC/bit_count_reg[3]/CK (DFFRQX2M)              0.00     271.07 r
  library setup time                                     -0.29     270.78
  data required time                                               270.78
  --------------------------------------------------------------------------
  data required time                                               270.78
  data arrival time                                                 -2.65
  --------------------------------------------------------------------------
  slack (MET)                                                      268.13


  Startpoint: D2/SYNC_RST_reg
              (rising edge-triggered flip-flop clocked by UART_DOMAIN)
  Endpoint: UART/RX/Sp/stop_error_reg
            (rising edge-triggered flip-flop clocked by RX_CLK)
  Path Group: RX_CLK
  Path Type: max

  Point                                                   Incr       Path
  --------------------------------------------------------------------------
  clock UART_DOMAIN (rise edge)                           0.00       0.00
  clock network delay (ideal)                             0.00       0.00
  D2/SYNC_RST_reg/CK (DFFRQX2M)                           0.00       0.00 r
  D2/SYNC_RST_reg/Q (DFFRQX2M)                            0.39       0.39 r
  D2/SYNC_RST (RST_Sync_NUM_STAGES2_1)                    0.00       0.39 r
  U8/Y (INVX2M)                                           0.04       0.43 f
  U2/Y (INVX2M)                                           0.53       0.96 r
  UART/RST (UART_TOP)                                     0.00       0.96 r
  UART/U2/Y (INVX2M)                                      0.10       1.06 f
  UART/U1/Y (INVX2M)                                      0.10       1.16 r
  UART/RX/RST (UART_RX)                                   0.00       1.16 r
  UART/RX/U2/Y (INVX2M)                                   0.05       1.20 f
  UART/RX/U1/Y (INVX2M)                                   0.74       1.94 r
  UART/RX/DS/RST (data_sampling)                          0.00       1.94 r
  UART/RX/DS/U4/Y (INVX2M)                                0.11       2.04 f
  UART/RX/DS/U19/Y (AOI211X2M)                            0.38       2.43 r
  UART/RX/DS/sampled_bit (data_sampling)                  0.00       2.43 r
  UART/RX/Sp/stop_bit (stop_check)                        0.00       2.43 r
  UART/RX/Sp/U3/Y (AOI2BB2XLM)                            0.28       2.70 r
  UART/RX/Sp/U2/Y (NOR2BX2M)                              0.08       2.78 f
  UART/RX/Sp/stop_error_reg/D (DFFRHQX8M)                 0.00       2.78 f
  data arrival time                                                  2.78

  clock RX_CLK (rise edge)                              271.27     271.27
  clock network delay (ideal)                             0.00     271.27
  clock uncertainty                                      -0.20     271.07
  UART/RX/Sp/stop_error_reg/CK (DFFRHQX8M)                0.00     271.07 r
  library setup time                                     -0.15     270.91
  data required time                                               270.91
  --------------------------------------------------------------------------
  data required time                                               270.91
  data arrival time                                                 -2.78
  --------------------------------------------------------------------------
  slack (MET)                                                      268.13


  Startpoint: UART/RX/EBC/edge_count_reg[0]
              (rising edge-triggered flip-flop clocked by RX_CLK)
  Endpoint: UART/RX/F/current_state_reg[1]
            (rising edge-triggered flip-flop clocked by RX_CLK)
  Path Group: RX_CLK
  Path Type: max

  Point                                                   Incr       Path
  --------------------------------------------------------------------------
  clock RX_CLK (rise edge)                                0.00       0.00
  clock network delay (ideal)                             0.00       0.00
  UART/RX/EBC/edge_count_reg[0]/CK (DFFRQX2M)             0.00       0.00 r
  UART/RX/EBC/edge_count_reg[0]/Q (DFFRQX2M)              0.62       0.62 f
  UART/RX/EBC/edge_count[0] (edge_bit_counter)            0.00       0.62 f
  UART/RX/F/edge_count[0] (FSM_RX)                        0.00       0.62 f
  UART/RX/F/U118/Y (NAND2BX1M)                            0.25       0.87 f
  UART/RX/F/U119/Y (AOI2BB1X1M)                           0.24       1.11 f
  UART/RX/F/U120/Y (AOI221XLM)                            0.26       1.37 r
  UART/RX/F/U121/Y (AOI221XLM)                            0.12       1.49 f
  UART/RX/F/U122/Y (AOI221XLM)                            0.31       1.80 r
  UART/RX/F/U123/Y (NOR2X1M)                              0.11       1.91 f
  UART/RX/F/U124/Y (OAI21X1M)                             0.15       2.06 r
  UART/RX/F/U29/Y (NOR2X2M)                               0.15       2.22 f
  UART/RX/F/U61/Y (AND3X2M)                               0.23       2.45 f
  UART/RX/F/U57/Y (OAI211X2M)                             0.16       2.61 r
  UART/RX/F/current_state_reg[1]/D (DFFRQX2M)             0.00       2.61 r
  data arrival time                                                  2.61

  clock RX_CLK (rise edge)                              271.27     271.27
  clock network delay (ideal)                             0.00     271.27
  clock uncertainty                                      -0.20     271.07
  UART/RX/F/current_state_reg[1]/CK (DFFRQX2M)            0.00     271.07 r
  library setup time                                     -0.30     270.77
  data required time                                               270.77
  --------------------------------------------------------------------------
  data required time                                               270.77
  data arrival time                                                 -2.61
  --------------------------------------------------------------------------
  slack (MET)                                                      268.15


  Startpoint: UART/RX/EBC/edge_count_reg[0]
              (rising edge-triggered flip-flop clocked by RX_CLK)
  Endpoint: UART/RX/EBC/bit_count_reg[2]
            (rising edge-triggered flip-flop clocked by RX_CLK)
  Path Group: RX_CLK
  Path Type: max

  Point                                                   Incr       Path
  --------------------------------------------------------------------------
  clock RX_CLK (rise edge)                                0.00       0.00
  clock network delay (ideal)                             0.00       0.00
  UART/RX/EBC/edge_count_reg[0]/CK (DFFRQX2M)             0.00       0.00 r
  UART/RX/EBC/edge_count_reg[0]/Q (DFFRQX2M)              0.62       0.62 f
  UART/RX/EBC/U41/Y (NAND2BX1M)                           0.25       0.87 f
  UART/RX/EBC/U42/Y (AOI2BB1X1M)                          0.24       1.11 f
  UART/RX/EBC/U43/Y (AOI221XLM)                           0.26       1.37 r
  UART/RX/EBC/U44/Y (AOI221XLM)                           0.12       1.49 f
  UART/RX/EBC/U45/Y (AOI221XLM)                           0.29       1.78 r
  UART/RX/EBC/U47/Y (OR4X1M)                              0.28       2.06 r
  UART/RX/EBC/U12/Y (NOR2BX2M)                            0.08       2.15 f
  UART/RX/EBC/U14/Y (NAND2X2M)                            0.09       2.23 r
  UART/RX/EBC/U21/Y (CLKXOR2X2M)                          0.22       2.45 f
  UART/RX/EBC/U20/Y (NOR2X2M)                             0.09       2.54 r
  UART/RX/EBC/bit_count_reg[2]/D (DFFRQX2M)               0.00       2.54 r
  data arrival time                                                  2.54

  clock RX_CLK (rise edge)                              271.27     271.27
  clock network delay (ideal)                             0.00     271.27
  clock uncertainty                                      -0.20     271.07
  UART/RX/EBC/bit_count_reg[2]/CK (DFFRQX2M)              0.00     271.07 r
  library setup time                                     -0.29     270.78
  data required time                                               270.78
  --------------------------------------------------------------------------
  data required time                                               270.78
  data arrival time                                                 -2.54
  --------------------------------------------------------------------------
  slack (MET)                                                      268.25


  Startpoint: UART/RX/EBC/edge_count_reg[0]
              (rising edge-triggered flip-flop clocked by RX_CLK)
  Endpoint: UART/RX/EBC/bit_count_reg[0]
            (rising edge-triggered flip-flop clocked by RX_CLK)
  Path Group: RX_CLK
  Path Type: max

  Point                                                   Incr       Path
  --------------------------------------------------------------------------
  clock RX_CLK (rise edge)                                0.00       0.00
  clock network delay (ideal)                             0.00       0.00
  UART/RX/EBC/edge_count_reg[0]/CK (DFFRQX2M)             0.00       0.00 r
  UART/RX/EBC/edge_count_reg[0]/Q (DFFRQX2M)              0.62       0.62 f
  UART/RX/EBC/U41/Y (NAND2BX1M)                           0.25       0.87 f
  UART/RX/EBC/U42/Y (AOI2BB1X1M)                          0.24       1.11 f
  UART/RX/EBC/U43/Y (AOI221XLM)                           0.26       1.37 r
  UART/RX/EBC/U44/Y (AOI221XLM)                           0.12       1.49 f
  UART/RX/EBC/U45/Y (AOI221XLM)                           0.29       1.78 r
  UART/RX/EBC/U47/Y (OR4X1M)                              0.28       2.06 r
  UART/RX/EBC/U16/Y (CLKXOR2X2M)                          0.33       2.39 f
  UART/RX/EBC/U15/Y (NOR2X2M)                             0.10       2.49 r
  UART/RX/EBC/bit_count_reg[0]/D (DFFRQX2M)               0.00       2.49 r
  data arrival time                                                  2.49

  clock RX_CLK (rise edge)                              271.27     271.27
  clock network delay (ideal)                             0.00     271.27
  clock uncertainty                                      -0.20     271.07
  UART/RX/EBC/bit_count_reg[0]/CK (DFFRQX2M)              0.00     271.07 r
  library setup time                                     -0.29     270.78
  data required time                                               270.78
  --------------------------------------------------------------------------
  data required time                                               270.78
  data arrival time                                                 -2.49
  --------------------------------------------------------------------------
  slack (MET)                                                      268.29


  Startpoint: UART/RX/EBC/edge_count_reg[0]
              (rising edge-triggered flip-flop clocked by RX_CLK)
  Endpoint: UART/RX/EBC/bit_count_reg[1]
            (rising edge-triggered flip-flop clocked by RX_CLK)
  Path Group: RX_CLK
  Path Type: max

  Point                                                   Incr       Path
  --------------------------------------------------------------------------
  clock RX_CLK (rise edge)                                0.00       0.00
  clock network delay (ideal)                             0.00       0.00
  UART/RX/EBC/edge_count_reg[0]/CK (DFFRQX2M)             0.00       0.00 r
  UART/RX/EBC/edge_count_reg[0]/Q (DFFRQX2M)              0.62       0.62 f
  UART/RX/EBC/U41/Y (NAND2BX1M)                           0.25       0.87 f
  UART/RX/EBC/U42/Y (AOI2BB1X1M)                          0.24       1.11 f
  UART/RX/EBC/U43/Y (AOI221XLM)                           0.26       1.37 r
  UART/RX/EBC/U44/Y (AOI221XLM)                           0.12       1.49 f
  UART/RX/EBC/U45/Y (AOI221XLM)                           0.29       1.78 r
  UART/RX/EBC/U47/Y (OR4X1M)                              0.28       2.06 r
  UART/RX/EBC/U12/Y (NOR2BX2M)                            0.08       2.15 f
  UART/RX/EBC/U23/Y (XNOR2X2M)                            0.12       2.27 f
  UART/RX/EBC/U22/Y (NOR2X2M)                             0.09       2.36 r
  UART/RX/EBC/bit_count_reg[1]/D (DFFRQX2M)               0.00       2.36 r
  data arrival time                                                  2.36

  clock RX_CLK (rise edge)                              271.27     271.27
  clock network delay (ideal)                             0.00     271.27
  clock uncertainty                                      -0.20     271.07
  UART/RX/EBC/bit_count_reg[1]/CK (DFFRQX2M)              0.00     271.07 r
  library setup time                                     -0.29     270.78
  data required time                                               270.78
  --------------------------------------------------------------------------
  data required time                                               270.78
  data arrival time                                                 -2.36
  --------------------------------------------------------------------------
  slack (MET)                                                      268.42


  Startpoint: UART/RX/EBC/edge_count_reg[0]
              (rising edge-triggered flip-flop clocked by RX_CLK)
  Endpoint: UART/RX/EBC/edge_count_reg[1]
            (rising edge-triggered flip-flop clocked by RX_CLK)
  Path Group: RX_CLK
  Path Type: max

  Point                                                   Incr       Path
  --------------------------------------------------------------------------
  clock RX_CLK (rise edge)                                0.00       0.00
  clock network delay (ideal)                             0.00       0.00
  UART/RX/EBC/edge_count_reg[0]/CK (DFFRQX2M)             0.00       0.00 r
  UART/RX/EBC/edge_count_reg[0]/Q (DFFRQX2M)              0.62       0.62 f
  UART/RX/EBC/U41/Y (NAND2BX1M)                           0.25       0.87 f
  UART/RX/EBC/U42/Y (AOI2BB1X1M)                          0.24       1.11 f
  UART/RX/EBC/U43/Y (AOI221XLM)                           0.26       1.37 r
  UART/RX/EBC/U44/Y (AOI221XLM)                           0.12       1.49 f
  UART/RX/EBC/U45/Y (AOI221XLM)                           0.29       1.78 r
  UART/RX/EBC/U47/Y (OR4X1M)                              0.28       2.06 r
  UART/RX/EBC/U6/Y (NAND2X2M)                             0.13       2.20 f
  UART/RX/EBC/U7/Y (NOR2BX2M)                             0.11       2.30 r
  UART/RX/EBC/edge_count_reg[1]/D (DFFRQX2M)              0.00       2.30 r
  data arrival time                                                  2.30

  clock RX_CLK (rise edge)                              271.27     271.27
  clock network delay (ideal)                             0.00     271.27
  clock uncertainty                                      -0.20     271.07
  UART/RX/EBC/edge_count_reg[1]/CK (DFFRQX2M)             0.00     271.07 r
  library setup time                                     -0.29     270.78
  data required time                                               270.78
  --------------------------------------------------------------------------
  data required time                                               270.78
  data arrival time                                                 -2.30
  --------------------------------------------------------------------------
  slack (MET)                                                      268.48


  Startpoint: UART/RX/EBC/edge_count_reg[0]
              (rising edge-triggered flip-flop clocked by RX_CLK)
  Endpoint: UART/RX/EBC/edge_count_reg[3]
            (rising edge-triggered flip-flop clocked by RX_CLK)
  Path Group: RX_CLK
  Path Type: max

  Point                                                   Incr       Path
  --------------------------------------------------------------------------
  clock RX_CLK (rise edge)                                0.00       0.00
  clock network delay (ideal)                             0.00       0.00
  UART/RX/EBC/edge_count_reg[0]/CK (DFFRQX2M)             0.00       0.00 r
  UART/RX/EBC/edge_count_reg[0]/Q (DFFRQX2M)              0.62       0.62 f
  UART/RX/EBC/U41/Y (NAND2BX1M)                           0.25       0.87 f
  UART/RX/EBC/U42/Y (AOI2BB1X1M)                          0.24       1.11 f
  UART/RX/EBC/U43/Y (AOI221XLM)                           0.26       1.37 r
  UART/RX/EBC/U44/Y (AOI221XLM)                           0.12       1.49 f
  UART/RX/EBC/U45/Y (AOI221XLM)                           0.29       1.78 r
  UART/RX/EBC/U47/Y (OR4X1M)                              0.28       2.06 r
  UART/RX/EBC/U6/Y (NAND2X2M)                             0.13       2.20 f
  UART/RX/EBC/U9/Y (NOR2BX2M)                             0.11       2.30 r
  UART/RX/EBC/edge_count_reg[3]/D (DFFRQX2M)              0.00       2.30 r
  data arrival time                                                  2.30

  clock RX_CLK (rise edge)                              271.27     271.27
  clock network delay (ideal)                             0.00     271.27
  clock uncertainty                                      -0.20     271.07
  UART/RX/EBC/edge_count_reg[3]/CK (DFFRQX2M)             0.00     271.07 r
  library setup time                                     -0.29     270.78
  data required time                                               270.78
  --------------------------------------------------------------------------
  data required time                                               270.78
  data arrival time                                                 -2.30
  --------------------------------------------------------------------------
  slack (MET)                                                      268.48


  Startpoint: UART/RX/EBC/edge_count_reg[0]
              (rising edge-triggered flip-flop clocked by RX_CLK)
  Endpoint: UART/RX/EBC/edge_count_reg[2]
            (rising edge-triggered flip-flop clocked by RX_CLK)
  Path Group: RX_CLK
  Path Type: max

  Point                                                   Incr       Path
  --------------------------------------------------------------------------
  clock RX_CLK (rise edge)                                0.00       0.00
  clock network delay (ideal)                             0.00       0.00
  UART/RX/EBC/edge_count_reg[0]/CK (DFFRQX2M)             0.00       0.00 r
  UART/RX/EBC/edge_count_reg[0]/Q (DFFRQX2M)              0.62       0.62 f
  UART/RX/EBC/U41/Y (NAND2BX1M)                           0.25       0.87 f
  UART/RX/EBC/U42/Y (AOI2BB1X1M)                          0.24       1.11 f
  UART/RX/EBC/U43/Y (AOI221XLM)                           0.26       1.37 r
  UART/RX/EBC/U44/Y (AOI221XLM)                           0.12       1.49 f
  UART/RX/EBC/U45/Y (AOI221XLM)                           0.29       1.78 r
  UART/RX/EBC/U47/Y (OR4X1M)                              0.28       2.06 r
  UART/RX/EBC/U6/Y (NAND2X2M)                             0.13       2.20 f
  UART/RX/EBC/U8/Y (NOR2BX2M)                             0.11       2.30 r
  UART/RX/EBC/edge_count_reg[2]/D (DFFRQX2M)              0.00       2.30 r
  data arrival time                                                  2.30

  clock RX_CLK (rise edge)                              271.27     271.27
  clock network delay (ideal)                             0.00     271.27
  clock uncertainty                                      -0.20     271.07
  UART/RX/EBC/edge_count_reg[2]/CK (DFFRQX2M)             0.00     271.07 r
  library setup time                                     -0.29     270.78
  data required time                                               270.78
  --------------------------------------------------------------------------
  data required time                                               270.78
  data arrival time                                                 -2.30
  --------------------------------------------------------------------------
  slack (MET)                                                      268.48


  Startpoint: UART/RX/EBC/edge_count_reg[0]
              (rising edge-triggered flip-flop clocked by RX_CLK)
  Endpoint: UART/RX/EBC/edge_count_reg[0]
            (rising edge-triggered flip-flop clocked by RX_CLK)
  Path Group: RX_CLK
  Path Type: max

  Point                                                   Incr       Path
  --------------------------------------------------------------------------
  clock RX_CLK (rise edge)                                0.00       0.00
  clock network delay (ideal)                             0.00       0.00
  UART/RX/EBC/edge_count_reg[0]/CK (DFFRQX2M)             0.00       0.00 r
  UART/RX/EBC/edge_count_reg[0]/Q (DFFRQX2M)              0.62       0.62 f
  UART/RX/EBC/U41/Y (NAND2BX1M)                           0.25       0.87 f
  UART/RX/EBC/U42/Y (AOI2BB1X1M)                          0.24       1.11 f
  UART/RX/EBC/U43/Y (AOI221XLM)                           0.26       1.37 r
  UART/RX/EBC/U44/Y (AOI221XLM)                           0.12       1.49 f
  UART/RX/EBC/U45/Y (AOI221XLM)                           0.29       1.78 r
  UART/RX/EBC/U47/Y (OR4X1M)                              0.28       2.06 r
  UART/RX/EBC/U6/Y (NAND2X2M)                             0.13       2.20 f
  UART/RX/EBC/U13/Y (NOR2X2M)                             0.11       2.30 r
  UART/RX/EBC/edge_count_reg[0]/D (DFFRQX2M)              0.00       2.30 r
  data arrival time                                                  2.30

  clock RX_CLK (rise edge)                              271.27     271.27
  clock network delay (ideal)                             0.00     271.27
  clock uncertainty                                      -0.20     271.07
  UART/RX/EBC/edge_count_reg[0]/CK (DFFRQX2M)             0.00     271.07 r
  library setup time                                     -0.29     270.78
  data required time                                               270.78
  --------------------------------------------------------------------------
  data required time                                               270.78
  data arrival time                                                 -2.30
  --------------------------------------------------------------------------
  slack (MET)                                                      268.48


  Startpoint: UART/RX/EBC/edge_count_reg[0]
              (rising edge-triggered flip-flop clocked by RX_CLK)
  Endpoint: UART/RX/EBC/edge_count_reg[4]
            (rising edge-triggered flip-flop clocked by RX_CLK)
  Path Group: RX_CLK
  Path Type: max

  Point                                                   Incr       Path
  --------------------------------------------------------------------------
  clock RX_CLK (rise edge)                                0.00       0.00
  clock network delay (ideal)                             0.00       0.00
  UART/RX/EBC/edge_count_reg[0]/CK (DFFRQX2M)             0.00       0.00 r
  UART/RX/EBC/edge_count_reg[0]/Q (DFFRQX2M)              0.62       0.62 f
  UART/RX/EBC/U41/Y (NAND2BX1M)                           0.25       0.87 f
  UART/RX/EBC/U42/Y (AOI2BB1X1M)                          0.24       1.11 f
  UART/RX/EBC/U43/Y (AOI221XLM)                           0.26       1.37 r
  UART/RX/EBC/U44/Y (AOI221XLM)                           0.12       1.49 f
  UART/RX/EBC/U45/Y (AOI221XLM)                           0.29       1.78 r
  UART/RX/EBC/U47/Y (OR4X1M)                              0.28       2.06 r
  UART/RX/EBC/U26/Y (AND3X2M)                             0.18       2.24 r
  UART/RX/EBC/edge_count_reg[4]/D (DFFRQX2M)              0.00       2.24 r
  data arrival time                                                  2.24

  clock RX_CLK (rise edge)                              271.27     271.27
  clock network delay (ideal)                             0.00     271.27
  clock uncertainty                                      -0.20     271.07
  UART/RX/EBC/edge_count_reg[4]/CK (DFFRQX2M)             0.00     271.07 r
  library setup time                                     -0.28     270.79
  data required time                                               270.79
  --------------------------------------------------------------------------
  data required time                                               270.79
  data arrival time                                                 -2.24
  --------------------------------------------------------------------------
  slack (MET)                                                      268.54


  Startpoint: UART/RX/P/par_error_reg
              (rising edge-triggered flip-flop clocked by RX_CLK)
  Endpoint: parity_error
            (output port clocked by TX_CLK)
  Path Group: TX_CLK
  Path Type: max

  Point                                                   Incr       Path
  --------------------------------------------------------------------------
  clock RX_CLK (rise edge)                             8409.29    8409.29
  clock network delay (ideal)                             0.00    8409.29
  UART/RX/P/par_error_reg/CK (DFFRHQX8M)                  0.00    8409.29 r
  UART/RX/P/par_error_reg/Q (DFFRHQX8M)                   1.08    8410.38 r
  UART/RX/P/par_error (parity_check)                      0.00    8410.38 r
  UART/RX/PARITY_ERROR (UART_RX)                          0.00    8410.38 r
  UART/PARITY_ERROR (UART_TOP)                            0.00    8410.38 r
  parity_error (out)                                      0.00    8410.38 r
  data arrival time                                               8410.38

  clock TX_CLK (rise edge)                             8680.56    8680.56
  clock network delay (ideal)                             0.00    8680.56
  clock uncertainty                                      -0.20    8680.36
  output external delay                                 -54.25    8626.10
  data required time                                              8626.10
  --------------------------------------------------------------------------
  data required time                                              8626.10
  data arrival time                                              -8410.38
  --------------------------------------------------------------------------
  slack (MET)                                                      215.73


  Startpoint: UART/RX/Sp/stop_error_reg
              (rising edge-triggered flip-flop clocked by RX_CLK)
  Endpoint: framing_error
            (output port clocked by TX_CLK)
  Path Group: TX_CLK
  Path Type: max

  Point                                                   Incr       Path
  --------------------------------------------------------------------------
  clock RX_CLK (rise edge)                             8409.29    8409.29
  clock network delay (ideal)                             0.00    8409.29
  UART/RX/Sp/stop_error_reg/CK (DFFRHQX8M)                0.00    8409.29 r
  UART/RX/Sp/stop_error_reg/Q (DFFRHQX8M)                 1.08    8410.37 r
  UART/RX/Sp/stop_error (stop_check)                      0.00    8410.37 r
  UART/RX/STOP_ERROR (UART_RX)                            0.00    8410.37 r
  UART/STOP_ERROR (UART_TOP)                              0.00    8410.37 r
  framing_error (out)                                     0.00    8410.37 r
  data arrival time                                               8410.37

  clock TX_CLK (rise edge)                             8680.56    8680.56
  clock network delay (ideal)                             0.00    8680.56
  clock uncertainty                                      -0.20    8680.36
  output external delay                                 -54.25    8626.10
  data required time                                              8626.10
  --------------------------------------------------------------------------
  data required time                                              8626.10
  data arrival time                                              -8410.37
  --------------------------------------------------------------------------
  slack (MET)                                                      215.73


  Startpoint: D2/SYNC_RST_reg
              (rising edge-triggered flip-flop clocked by UART_DOMAIN)
  Endpoint: FIFO/Read_Empty/internal_reg[3]
            (rising edge-triggered flip-flop clocked by TX_CLK)
  Path Group: TX_CLK
  Path Type: max

  Point                                                   Incr       Path
  --------------------------------------------------------------------------
  clock UART_DOMAIN (rise edge)                        8409.29    8409.29
  clock network delay (ideal)                             0.00    8409.29
  D2/SYNC_RST_reg/CK (DFFRQX2M)                           0.00    8409.29 r
  D2/SYNC_RST_reg/Q (DFFRQX2M)                            0.39    8409.68 r
  D2/SYNC_RST (RST_Sync_NUM_STAGES2_1)                    0.00    8409.68 r
  U8/Y (INVX2M)                                           0.04    8409.72 f
  U2/Y (INVX2M)                                           0.53    8410.25 r
  FIFO/R_RST (fifo_top_width8)                            0.00    8410.25 r
  FIFO/U4/Y (INVX2M)                                      0.10    8410.35 f
  FIFO/U3/Y (INVX2M)                                      0.36    8410.71 r
  FIFO/Read_Empty/RST (fifo_rptr_empty)                   0.00    8410.71 r
  FIFO/Read_Empty/U11/Y (AND2X2M)                         0.20    8410.91 r
  FIFO/Read_Empty/U6/Y (NAND4X2M)                         0.16    8411.07 f
  FIFO/Read_Empty/U13/Y (NAND2X2M)                        0.12    8411.19 r
  FIFO/Read_Empty/U4/Y (NOR2X2M)                          0.06    8411.25 f
  FIFO/Read_Empty/U10/Y (NAND2X2M)                        0.08    8411.33 r
  FIFO/Read_Empty/U16/Y (NOR2BX2M)                        0.06    8411.39 f
  FIFO/Read_Empty/U15/Y (CLKXOR2X2M)                      0.25    8411.64 r
  FIFO/Read_Empty/internal_reg[3]/D (DFFRQX2M)            0.00    8411.64 r
  data arrival time                                               8411.64

  clock TX_CLK (rise edge)                             8680.56    8680.56
  clock network delay (ideal)                             0.00    8680.56
  clock uncertainty                                      -0.20    8680.36
  FIFO/Read_Empty/internal_reg[3]/CK (DFFRQX2M)           0.00    8680.36 r
  library setup time                                     -0.28    8680.07
  data required time                                              8680.07
  --------------------------------------------------------------------------
  data required time                                              8680.07
  data arrival time                                              -8411.64
  --------------------------------------------------------------------------
  slack (MET)                                                      268.44


  Startpoint: D2/SYNC_RST_reg
              (rising edge-triggered flip-flop clocked by UART_DOMAIN)
  Endpoint: FIFO/Read_Empty/internal_reg[2]
            (rising edge-triggered flip-flop clocked by TX_CLK)
  Path Group: TX_CLK
  Path Type: max

  Point                                                   Incr       Path
  --------------------------------------------------------------------------
  clock UART_DOMAIN (rise edge)                        8409.29    8409.29
  clock network delay (ideal)                             0.00    8409.29
  D2/SYNC_RST_reg/CK (DFFRQX2M)                           0.00    8409.29 r
  D2/SYNC_RST_reg/Q (DFFRQX2M)                            0.39    8409.68 r
  D2/SYNC_RST (RST_Sync_NUM_STAGES2_1)                    0.00    8409.68 r
  U8/Y (INVX2M)                                           0.04    8409.72 f
  U2/Y (INVX2M)                                           0.53    8410.25 r
  FIFO/R_RST (fifo_top_width8)                            0.00    8410.25 r
  FIFO/U4/Y (INVX2M)                                      0.10    8410.35 f
  FIFO/U3/Y (INVX2M)                                      0.36    8410.71 r
  FIFO/Read_Empty/RST (fifo_rptr_empty)                   0.00    8410.71 r
  FIFO/Read_Empty/U11/Y (AND2X2M)                         0.20    8410.91 r
  FIFO/Read_Empty/U6/Y (NAND4X2M)                         0.16    8411.07 f
  FIFO/Read_Empty/U13/Y (NAND2X2M)                        0.12    8411.19 r
  FIFO/Read_Empty/U4/Y (NOR2X2M)                          0.06    8411.25 f
  FIFO/Read_Empty/U10/Y (NAND2X2M)                        0.08    8411.33 r
  FIFO/Read_Empty/U5/Y (XNOR2X2M)                         0.17    8411.50 r
  FIFO/Read_Empty/internal_reg[2]/D (DFFRQX2M)            0.00    8411.50 r
  data arrival time                                               8411.50

  clock TX_CLK (rise edge)                             8680.56    8680.56
  clock network delay (ideal)                             0.00    8680.56
  clock uncertainty                                      -0.20    8680.36
  FIFO/Read_Empty/internal_reg[2]/CK (DFFRQX2M)           0.00    8680.36 r
  library setup time                                     -0.30    8680.05
  data required time                                              8680.05
  --------------------------------------------------------------------------
  data required time                                              8680.05
  data arrival time                                              -8411.50
  --------------------------------------------------------------------------
  slack (MET)                                                      268.55


  Startpoint: D2/SYNC_RST_reg
              (rising edge-triggered flip-flop clocked by UART_DOMAIN)
  Endpoint: FIFO/Read_Empty/internal_reg[1]
            (rising edge-triggered flip-flop clocked by TX_CLK)
  Path Group: TX_CLK
  Path Type: max

  Point                                                   Incr       Path
  --------------------------------------------------------------------------
  clock UART_DOMAIN (rise edge)                        8409.29    8409.29
  clock network delay (ideal)                             0.00    8409.29
  D2/SYNC_RST_reg/CK (DFFRQX2M)                           0.00    8409.29 r
  D2/SYNC_RST_reg/Q (DFFRQX2M)                            0.39    8409.68 r
  D2/SYNC_RST (RST_Sync_NUM_STAGES2_1)                    0.00    8409.68 r
  U8/Y (INVX2M)                                           0.04    8409.72 f
  U2/Y (INVX2M)                                           0.53    8410.25 r
  FIFO/R_RST (fifo_top_width8)                            0.00    8410.25 r
  FIFO/U4/Y (INVX2M)                                      0.10    8410.35 f
  FIFO/U3/Y (INVX2M)                                      0.36    8410.71 r
  FIFO/Read_Empty/RST (fifo_rptr_empty)                   0.00    8410.71 r
  FIFO/Read_Empty/U11/Y (AND2X2M)                         0.20    8410.91 r
  FIFO/Read_Empty/U6/Y (NAND4X2M)                         0.16    8411.07 f
  FIFO/Read_Empty/U13/Y (NAND2X2M)                        0.12    8411.19 r
  FIFO/Read_Empty/U4/Y (NOR2X2M)                          0.06    8411.25 f
  FIFO/Read_Empty/U14/Y (CLKXOR2X2M)                      0.25    8411.50 r
  FIFO/Read_Empty/internal_reg[1]/D (DFFRQX2M)            0.00    8411.50 r
  data arrival time                                               8411.50

  clock TX_CLK (rise edge)                             8680.56    8680.56
  clock network delay (ideal)                             0.00    8680.56
  clock uncertainty                                      -0.20    8680.36
  FIFO/Read_Empty/internal_reg[1]/CK (DFFRQX2M)           0.00    8680.36 r
  library setup time                                     -0.28    8680.07
  data required time                                              8680.07
  --------------------------------------------------------------------------
  data required time                                              8680.07
  data arrival time                                              -8411.50
  --------------------------------------------------------------------------
  slack (MET)                                                      268.58


  Startpoint: D2/SYNC_RST_reg
              (rising edge-triggered flip-flop clocked by UART_DOMAIN)
  Endpoint: FIFO/Read_Empty/internal_reg[0]
            (rising edge-triggered flip-flop clocked by TX_CLK)
  Path Group: TX_CLK
  Path Type: max

  Point                                                   Incr       Path
  --------------------------------------------------------------------------
  clock UART_DOMAIN (rise edge)                        8409.29    8409.29
  clock network delay (ideal)                             0.00    8409.29
  D2/SYNC_RST_reg/CK (DFFRQX2M)                           0.00    8409.29 r
  D2/SYNC_RST_reg/Q (DFFRQX2M)                            0.39    8409.68 r
  D2/SYNC_RST (RST_Sync_NUM_STAGES2_1)                    0.00    8409.68 r
  U8/Y (INVX2M)                                           0.04    8409.72 f
  U2/Y (INVX2M)                                           0.53    8410.25 r
  FIFO/R_RST (fifo_top_width8)                            0.00    8410.25 r
  FIFO/U4/Y (INVX2M)                                      0.10    8410.35 f
  FIFO/U3/Y (INVX2M)                                      0.36    8410.71 r
  FIFO/Read_Empty/RST (fifo_rptr_empty)                   0.00    8410.71 r
  FIFO/Read_Empty/U11/Y (AND2X2M)                         0.20    8410.91 r
  FIFO/Read_Empty/U6/Y (NAND4X2M)                         0.16    8411.07 f
  FIFO/Read_Empty/U13/Y (NAND2X2M)                        0.12    8411.19 r
  FIFO/Read_Empty/U17/Y (CLKXOR2X2M)                      0.21    8411.40 r
  FIFO/Read_Empty/internal_reg[0]/D (DFFRX1M)             0.00    8411.40 r
  data arrival time                                               8411.40

  clock TX_CLK (rise edge)                             8680.56    8680.56
  clock network delay (ideal)                             0.00    8680.56
  clock uncertainty                                      -0.20    8680.36
  FIFO/Read_Empty/internal_reg[0]/CK (DFFRX1M)            0.00    8680.36 r
  library setup time                                     -0.22    8680.13
  data required time                                              8680.13
  --------------------------------------------------------------------------
  data required time                                              8680.13
  data arrival time                                              -8411.40
  --------------------------------------------------------------------------
  slack (MET)                                                      268.73


  Startpoint: D2/SYNC_RST_reg
              (rising edge-triggered flip-flop clocked by UART_DOMAIN)
  Endpoint: UART/TX/F1/current_state_reg[0]
            (rising edge-triggered flip-flop clocked by TX_CLK)
  Path Group: TX_CLK
  Path Type: max

  Point                                                   Incr       Path
  --------------------------------------------------------------------------
  clock UART_DOMAIN (rise edge)                        8409.29    8409.29
  clock network delay (ideal)                             0.00    8409.29
  D2/SYNC_RST_reg/CK (DFFRQX2M)                           0.00    8409.29 r
  D2/SYNC_RST_reg/Q (DFFRQX2M)                            0.39    8409.68 r
  D2/SYNC_RST (RST_Sync_NUM_STAGES2_1)                    0.00    8409.68 r
  U8/Y (INVX2M)                                           0.04    8409.72 f
  U2/Y (INVX2M)                                           0.53    8410.25 r
  FIFO/R_RST (fifo_top_width8)                            0.00    8410.25 r
  FIFO/U4/Y (INVX2M)                                      0.10    8410.35 f
  FIFO/U3/Y (INVX2M)                                      0.36    8410.71 r
  FIFO/Read_Empty/RST (fifo_rptr_empty)                   0.00    8410.71 r
  FIFO/Read_Empty/U11/Y (AND2X2M)                         0.20    8410.91 r
  FIFO/Read_Empty/U6/Y (NAND4X2M)                         0.16    8411.07 f
  FIFO/Read_Empty/U3/Y (INVX2M)                           0.09    8411.15 r
  FIFO/Read_Empty/r_empty (fifo_rptr_empty)               0.00    8411.15 r
  FIFO/EMPTY (fifo_top_width8)                            0.00    8411.15 r
  U3/Y (INVX2M)                                           0.04    8411.20 f
  UART/TX_IN_V (UART_TOP)                                 0.00    8411.20 f
  UART/TX/valid (UART_TX)                                 0.00    8411.20 f
  UART/TX/F1/Data_valid (FSM)                             0.00    8411.20 f
  UART/TX/F1/U5/Y (NAND3X2M)                              0.08    8411.27 r
  UART/TX/F1/U4/Y (NAND2BX2M)                             0.06    8411.33 f
  UART/TX/F1/current_state_reg[0]/D (DFFRQX2M)            0.00    8411.33 f
  data arrival time                                               8411.33

  clock TX_CLK (rise edge)                             8680.56    8680.56
  clock network delay (ideal)                             0.00    8680.56
  clock uncertainty                                      -0.20    8680.36
  UART/TX/F1/current_state_reg[0]/CK (DFFRQX2M)           0.00    8680.36 r
  library setup time                                     -0.13    8680.22
  data required time                                              8680.22
  --------------------------------------------------------------------------
  data required time                                              8680.22
  data arrival time                                              -8411.33
  --------------------------------------------------------------------------
  slack (MET)                                                      268.89


  Startpoint: D2/SYNC_RST_reg
              (rising edge-triggered flip-flop clocked by UART_DOMAIN)
  Endpoint: UART/TX/S1/Ser_data_reg
            (rising edge-triggered flip-flop clocked by TX_CLK)
  Path Group: TX_CLK
  Path Type: max

  Point                                                   Incr       Path
  --------------------------------------------------------------------------
  clock UART_DOMAIN (rise edge)                        8409.29    8409.29
  clock network delay (ideal)                             0.00    8409.29
  D2/SYNC_RST_reg/CK (DFFRQX2M)                           0.00    8409.29 r
  D2/SYNC_RST_reg/Q (DFFRQX2M)                            0.39    8409.68 r
  D2/SYNC_RST (RST_Sync_NUM_STAGES2_1)                    0.00    8409.68 r
  U8/Y (INVX2M)                                           0.04    8409.72 f
  U2/Y (INVX2M)                                           0.53    8410.25 r
  UART/RST (UART_TOP)                                     0.00    8410.25 r
  UART/U2/Y (INVX2M)                                      0.10    8410.35 f
  UART/U1/Y (INVX2M)                                      0.10    8410.45 r
  UART/TX/RST (UART_TX)                                   0.00    8410.45 r
  UART/TX/U2/Y (INVX2M)                                   0.05    8410.49 f
  UART/TX/U1/Y (INVX2M)                                   0.45    8410.94 r
  UART/TX/S1/RST (Serializer)                             0.00    8410.94 r
  UART/TX/S1/Ser_data_reg/E (EDFFHQX2M)                   0.00    8410.94 r
  data arrival time                                               8410.94

  clock TX_CLK (rise edge)                             8680.56    8680.56
  clock network delay (ideal)                             0.00    8680.56
  clock uncertainty                                      -0.20    8680.36
  UART/TX/S1/Ser_data_reg/CK (EDFFHQX2M)                  0.00    8680.36 r
  library setup time                                     -0.39    8679.96
  data required time                                              8679.96
  --------------------------------------------------------------------------
  data required time                                              8679.96
  data arrival time                                              -8410.94
  --------------------------------------------------------------------------
  slack (MET)                                                      269.02


  Startpoint: UART/TX/M1/TX_OUT_reg
              (rising edge-triggered flip-flop clocked by TX_CLK)
  Endpoint: UART_TX_O (output port clocked by TX_CLK)
  Path Group: TX_CLK
  Path Type: max

  Point                                    Incr       Path
  -----------------------------------------------------------
  clock TX_CLK (rise edge)                 0.00       0.00
  clock network delay (ideal)              0.00       0.00
  UART/TX/M1/TX_OUT_reg/CK (DFFSQX2M)      0.00       0.00 r
  UART/TX/M1/TX_OUT_reg/Q (DFFSQX2M)       0.42       0.42 r
  UART/TX/M1/U3/Y (INVXLM)                 0.14       0.56 f
  UART/TX/M1/U4/Y (INVX8M)                 0.75       1.31 r
  UART/TX/M1/TX_OUT (MUX)                  0.00       1.31 r
  UART/TX/Tx_out (UART_TX)                 0.00       1.31 r
  UART/TX_OUT_S (UART_TOP)                 0.00       1.31 r
  UART_TX_O (out)                          0.00       1.31 r
  data arrival time                                   1.31

  clock TX_CLK (rise edge)              8680.56    8680.56
  clock network delay (ideal)              0.00    8680.56
  clock uncertainty                       -0.20    8680.36
  output external delay                  -54.25    8626.10
  data required time                               8626.10
  -----------------------------------------------------------
  data required time                               8626.10
  data arrival time                                  -1.31
  -----------------------------------------------------------
  slack (MET)                                      8624.79


  Startpoint: FIFO/Read_Empty/internal_reg[0]
              (rising edge-triggered flip-flop clocked by TX_CLK)
  Endpoint: UART/TX/P1/parity_reg
            (rising edge-triggered flip-flop clocked by TX_CLK)
  Path Group: TX_CLK
  Path Type: max

  Point                                                   Incr       Path
  --------------------------------------------------------------------------
  clock TX_CLK (rise edge)                                0.00       0.00
  clock network delay (ideal)                             0.00       0.00
  FIFO/Read_Empty/internal_reg[0]/CK (DFFRX1M)            0.00       0.00 r
  FIFO/Read_Empty/internal_reg[0]/Q (DFFRX1M)             0.50       0.50 r
  FIFO/Read_Empty/r_address[0] (fifo_rptr_empty)          0.00       0.50 r
  FIFO/Memory/r_address[0] (fifo_memory_data_width8)      0.00       0.50 r
  FIFO/Memory/U98/Y (BUFX4M)                              0.55       1.05 r
  FIFO/Memory/U112/Y (MX4X1M)                             0.45       1.50 f
  FIFO/Memory/U111/Y (MX2X2M)                             0.24       1.74 f
  FIFO/Memory/r_data[5] (fifo_memory_data_width8)         0.00       1.74 f
  FIFO/RD_DATA[5] (fifo_top_width8)                       0.00       1.74 f
  UART/TX_IN_P[5] (UART_TOP)                              0.00       1.74 f
  UART/TX/Data[5] (UART_TX)                               0.00       1.74 f
  UART/TX/P1/P_DATA[5] (parity_checker)                   0.00       1.74 f
  UART/TX/P1/U3/Y (XOR3XLM)                               0.49       2.23 f
  UART/TX/P1/U7/Y (XOR3XLM)                               0.51       2.74 f
  UART/TX/P1/U5/Y (OAI2BB2X1M)                            0.14       2.88 r
  UART/TX/P1/parity_reg/D (DFFRQX2M)                      0.00       2.88 r
  data arrival time                                                  2.88

  clock TX_CLK (rise edge)                             8680.56    8680.56
  clock network delay (ideal)                             0.00    8680.56
  clock uncertainty                                      -0.20    8680.36
  UART/TX/P1/parity_reg/CK (DFFRQX2M)                     0.00    8680.36 r
  library setup time                                     -0.30    8680.06
  data required time                                              8680.06
  --------------------------------------------------------------------------
  data required time                                              8680.06
  data arrival time                                                 -2.88
  --------------------------------------------------------------------------
  slack (MET)                                                     8677.18


  Startpoint: FIFO/Read_Empty/internal_reg[0]
              (rising edge-triggered flip-flop clocked by TX_CLK)
  Endpoint: UART/TX/S1/Ser_data_reg
            (rising edge-triggered flip-flop clocked by TX_CLK)
  Path Group: TX_CLK
  Path Type: max

  Point                                                   Incr       Path
  --------------------------------------------------------------------------
  clock TX_CLK (rise edge)                                0.00       0.00
  clock network delay (ideal)                             0.00       0.00
  FIFO/Read_Empty/internal_reg[0]/CK (DFFRX1M)            0.00       0.00 r
  FIFO/Read_Empty/internal_reg[0]/Q (DFFRX1M)             0.50       0.50 r
  FIFO/Read_Empty/r_address[0] (fifo_rptr_empty)          0.00       0.50 r
  FIFO/Memory/r_address[0] (fifo_memory_data_width8)      0.00       0.50 r
  FIFO/Memory/U98/Y (BUFX4M)                              0.55       1.05 r
  FIFO/Memory/U106/Y (MX4X1M)                             0.45       1.50 f
  FIFO/Memory/U105/Y (MX2X2M)                             0.25       1.75 f
  FIFO/Memory/r_data[0] (fifo_memory_data_width8)         0.00       1.75 f
  FIFO/RD_DATA[0] (fifo_top_width8)                       0.00       1.75 f
  UART/TX_IN_P[0] (UART_TOP)                              0.00       1.75 f
  UART/TX/Data[0] (UART_TX)                               0.00       1.75 f
  UART/TX/S1/Data[0] (Serializer)                         0.00       1.75 f
  UART/TX/S1/U15/Y (AOI32X1M)                             0.23       1.99 r
  UART/TX/S1/U14/Y (INVX2M)                               0.06       2.04 f
  UART/TX/S1/Ser_data_reg/D (EDFFHQX2M)                   0.00       2.04 f
  data arrival time                                                  2.04

  clock TX_CLK (rise edge)                             8680.56    8680.56
  clock network delay (ideal)                             0.00    8680.56
  clock uncertainty                                      -0.20    8680.36
  UART/TX/S1/Ser_data_reg/CK (EDFFHQX2M)                  0.00    8680.36 r
  library setup time                                     -0.33    8680.03
  data required time                                              8680.03
  --------------------------------------------------------------------------
  data required time                                              8680.03
  data arrival time                                                 -2.04
  --------------------------------------------------------------------------
  slack (MET)                                                     8677.99


  Startpoint: UART/TX/F1/current_state_reg[0]
              (rising edge-triggered flip-flop clocked by TX_CLK)
  Endpoint: UART/TX/S1/internal_reg[5]
            (rising edge-triggered flip-flop clocked by TX_CLK)
  Path Group: TX_CLK
  Path Type: max

  Point                                                   Incr       Path
  --------------------------------------------------------------------------
  clock TX_CLK (rise edge)                                0.00       0.00
  clock network delay (ideal)                             0.00       0.00
  UART/TX/F1/current_state_reg[0]/CK (DFFRQX2M)           0.00       0.00 r
  UART/TX/F1/current_state_reg[0]/Q (DFFRQX2M)            0.43       0.43 r
  UART/TX/F1/U11/Y (INVX2M)                               0.09       0.52 f
  UART/TX/F1/U3/Y (NOR3X2M)                               0.41       0.93 r
  UART/TX/F1/U7/Y (OAI21BX1M)                             0.24       1.17 r
  UART/TX/F1/Ser_en (FSM)                                 0.00       1.17 r
  UART/TX/S1/Ser_en (Serializer)                          0.00       1.17 r
  UART/TX/S1/U6/Y (INVX2M)                                0.10       1.27 f
  UART/TX/S1/U5/Y (NOR2X2M)                               0.32       1.59 r
  UART/TX/S1/U3/Y (NOR2X2M)                               0.15       1.74 f
  UART/TX/S1/U23/Y (AO22X1M)                              0.42       2.16 f
  UART/TX/S1/internal_reg[5]/D (DFFRQX2M)                 0.00       2.16 f
  data arrival time                                                  2.16

  clock TX_CLK (rise edge)                             8680.56    8680.56
  clock network delay (ideal)                             0.00    8680.56
  clock uncertainty                                      -0.20    8680.36
  UART/TX/S1/internal_reg[5]/CK (DFFRQX2M)                0.00    8680.36 r
  library setup time                                     -0.14    8680.21
  data required time                                              8680.21
  --------------------------------------------------------------------------
  data required time                                              8680.21
  data arrival time                                                 -2.16
  --------------------------------------------------------------------------
  slack (MET)                                                     8678.06


  Startpoint: UART/TX/F1/current_state_reg[0]
              (rising edge-triggered flip-flop clocked by TX_CLK)
  Endpoint: UART/TX/S1/internal_reg[1]
            (rising edge-triggered flip-flop clocked by TX_CLK)
  Path Group: TX_CLK
  Path Type: max

  Point                                                   Incr       Path
  --------------------------------------------------------------------------
  clock TX_CLK (rise edge)                                0.00       0.00
  clock network delay (ideal)                             0.00       0.00
  UART/TX/F1/current_state_reg[0]/CK (DFFRQX2M)           0.00       0.00 r
  UART/TX/F1/current_state_reg[0]/Q (DFFRQX2M)            0.43       0.43 r
  UART/TX/F1/U11/Y (INVX2M)                               0.09       0.52 f
  UART/TX/F1/U3/Y (NOR3X2M)                               0.41       0.93 r
  UART/TX/F1/U7/Y (OAI21BX1M)                             0.24       1.17 r
  UART/TX/F1/Ser_en (FSM)                                 0.00       1.17 r
  UART/TX/S1/Ser_en (Serializer)                          0.00       1.17 r
  UART/TX/S1/U6/Y (INVX2M)                                0.10       1.27 f
  UART/TX/S1/U5/Y (NOR2X2M)                               0.32       1.59 r
  UART/TX/S1/U3/Y (NOR2X2M)                               0.15       1.74 f
  UART/TX/S1/U19/Y (AO22X1M)                              0.42       2.16 f
  UART/TX/S1/internal_reg[1]/D (DFFRQX2M)                 0.00       2.16 f
  data arrival time                                                  2.16

  clock TX_CLK (rise edge)                             8680.56    8680.56
  clock network delay (ideal)                             0.00    8680.56
  clock uncertainty                                      -0.20    8680.36
  UART/TX/S1/internal_reg[1]/CK (DFFRQX2M)                0.00    8680.36 r
  library setup time                                     -0.14    8680.21
  data required time                                              8680.21
  --------------------------------------------------------------------------
  data required time                                              8680.21
  data arrival time                                                 -2.16
  --------------------------------------------------------------------------
  slack (MET)                                                     8678.06


  Startpoint: UART/TX/F1/current_state_reg[0]
              (rising edge-triggered flip-flop clocked by TX_CLK)
  Endpoint: UART/TX/S1/internal_reg[7]
            (rising edge-triggered flip-flop clocked by TX_CLK)
  Path Group: TX_CLK
  Path Type: max

  Point                                                   Incr       Path
  --------------------------------------------------------------------------
  clock TX_CLK (rise edge)                                0.00       0.00
  clock network delay (ideal)                             0.00       0.00
  UART/TX/F1/current_state_reg[0]/CK (DFFRQX2M)           0.00       0.00 r
  UART/TX/F1/current_state_reg[0]/Q (DFFRQX2M)            0.43       0.43 r
  UART/TX/F1/U11/Y (INVX2M)                               0.09       0.52 f
  UART/TX/F1/U3/Y (NOR3X2M)                               0.41       0.93 r
  UART/TX/F1/U7/Y (OAI21BX1M)                             0.24       1.17 r
  UART/TX/F1/Ser_en (FSM)                                 0.00       1.17 r
  UART/TX/S1/Ser_en (Serializer)                          0.00       1.17 r
  UART/TX/S1/U6/Y (INVX2M)                                0.10       1.27 f
  UART/TX/S1/U5/Y (NOR2X2M)                               0.32       1.59 r
  UART/TX/S1/U3/Y (NOR2X2M)                               0.15       1.74 f
  UART/TX/S1/U25/Y (AO22X1M)                              0.42       2.16 f
  UART/TX/S1/internal_reg[7]/D (DFFRQX2M)                 0.00       2.16 f
  data arrival time                                                  2.16

  clock TX_CLK (rise edge)                             8680.56    8680.56
  clock network delay (ideal)                             0.00    8680.56
  clock uncertainty                                      -0.20    8680.36
  UART/TX/S1/internal_reg[7]/CK (DFFRQX2M)                0.00    8680.36 r
  library setup time                                     -0.14    8680.21
  data required time                                              8680.21
  --------------------------------------------------------------------------
  data required time                                              8680.21
  data arrival time                                                 -2.16
  --------------------------------------------------------------------------
  slack (MET)                                                     8678.06


  Startpoint: UART/TX/F1/current_state_reg[0]
              (rising edge-triggered flip-flop clocked by TX_CLK)
  Endpoint: UART/TX/S1/internal_reg[3]
            (rising edge-triggered flip-flop clocked by TX_CLK)
  Path Group: TX_CLK
  Path Type: max

  Point                                                   Incr       Path
  --------------------------------------------------------------------------
  clock TX_CLK (rise edge)                                0.00       0.00
  clock network delay (ideal)                             0.00       0.00
  UART/TX/F1/current_state_reg[0]/CK (DFFRQX2M)           0.00       0.00 r
  UART/TX/F1/current_state_reg[0]/Q (DFFRQX2M)            0.43       0.43 r
  UART/TX/F1/U11/Y (INVX2M)                               0.09       0.52 f
  UART/TX/F1/U3/Y (NOR3X2M)                               0.41       0.93 r
  UART/TX/F1/U7/Y (OAI21BX1M)                             0.24       1.17 r
  UART/TX/F1/Ser_en (FSM)                                 0.00       1.17 r
  UART/TX/S1/Ser_en (Serializer)                          0.00       1.17 r
  UART/TX/S1/U6/Y (INVX2M)                                0.10       1.27 f
  UART/TX/S1/U5/Y (NOR2X2M)                               0.32       1.59 r
  UART/TX/S1/U3/Y (NOR2X2M)                               0.15       1.74 f
  UART/TX/S1/U21/Y (AO22X1M)                              0.42       2.16 f
  UART/TX/S1/internal_reg[3]/D (DFFRQX2M)                 0.00       2.16 f
  data arrival time                                                  2.16

  clock TX_CLK (rise edge)                             8680.56    8680.56
  clock network delay (ideal)                             0.00    8680.56
  clock uncertainty                                      -0.20    8680.36
  UART/TX/S1/internal_reg[3]/CK (DFFRQX2M)                0.00    8680.36 r
  library setup time                                     -0.14    8680.21
  data required time                                              8680.21
  --------------------------------------------------------------------------
  data required time                                              8680.21
  data arrival time                                                 -2.16
  --------------------------------------------------------------------------
  slack (MET)                                                     8678.06


  Startpoint: UART/TX/F1/current_state_reg[0]
              (rising edge-triggered flip-flop clocked by TX_CLK)
  Endpoint: UART/TX/S1/internal_reg[6]
            (rising edge-triggered flip-flop clocked by TX_CLK)
  Path Group: TX_CLK
  Path Type: max

  Point                                                   Incr       Path
  --------------------------------------------------------------------------
  clock TX_CLK (rise edge)                                0.00       0.00
  clock network delay (ideal)                             0.00       0.00
  UART/TX/F1/current_state_reg[0]/CK (DFFRQX2M)           0.00       0.00 r
  UART/TX/F1/current_state_reg[0]/Q (DFFRQX2M)            0.43       0.43 r
  UART/TX/F1/U11/Y (INVX2M)                               0.09       0.52 f
  UART/TX/F1/U3/Y (NOR3X2M)                               0.41       0.93 r
  UART/TX/F1/U7/Y (OAI21BX1M)                             0.24       1.17 r
  UART/TX/F1/Ser_en (FSM)                                 0.00       1.17 r
  UART/TX/S1/Ser_en (Serializer)                          0.00       1.17 r
  UART/TX/S1/U6/Y (INVX2M)                                0.10       1.27 f
  UART/TX/S1/U5/Y (NOR2X2M)                               0.32       1.59 r
  UART/TX/S1/U3/Y (NOR2X2M)                               0.15       1.74 f
  UART/TX/S1/U24/Y (AO22X1M)                              0.42       2.16 f
  UART/TX/S1/internal_reg[6]/D (DFFRQX2M)                 0.00       2.16 f
  data arrival time                                                  2.16

  clock TX_CLK (rise edge)                             8680.56    8680.56
  clock network delay (ideal)                             0.00    8680.56
  clock uncertainty                                      -0.20    8680.36
  UART/TX/S1/internal_reg[6]/CK (DFFRQX2M)                0.00    8680.36 r
  library setup time                                     -0.14    8680.21
  data required time                                              8680.21
  --------------------------------------------------------------------------
  data required time                                              8680.21
  data arrival time                                                 -2.16
  --------------------------------------------------------------------------
  slack (MET)                                                     8678.06


  Startpoint: UART/TX/F1/current_state_reg[0]
              (rising edge-triggered flip-flop clocked by TX_CLK)
  Endpoint: UART/TX/S1/internal_reg[2]
            (rising edge-triggered flip-flop clocked by TX_CLK)
  Path Group: TX_CLK
  Path Type: max

  Point                                                   Incr       Path
  --------------------------------------------------------------------------
  clock TX_CLK (rise edge)                                0.00       0.00
  clock network delay (ideal)                             0.00       0.00
  UART/TX/F1/current_state_reg[0]/CK (DFFRQX2M)           0.00       0.00 r
  UART/TX/F1/current_state_reg[0]/Q (DFFRQX2M)            0.43       0.43 r
  UART/TX/F1/U11/Y (INVX2M)                               0.09       0.52 f
  UART/TX/F1/U3/Y (NOR3X2M)                               0.41       0.93 r
  UART/TX/F1/U7/Y (OAI21BX1M)                             0.24       1.17 r
  UART/TX/F1/Ser_en (FSM)                                 0.00       1.17 r
  UART/TX/S1/Ser_en (Serializer)                          0.00       1.17 r
  UART/TX/S1/U6/Y (INVX2M)                                0.10       1.27 f
  UART/TX/S1/U5/Y (NOR2X2M)                               0.32       1.59 r
  UART/TX/S1/U3/Y (NOR2X2M)                               0.15       1.74 f
  UART/TX/S1/U20/Y (AO22X1M)                              0.42       2.16 f
  UART/TX/S1/internal_reg[2]/D (DFFRQX2M)                 0.00       2.16 f
  data arrival time                                                  2.16

  clock TX_CLK (rise edge)                             8680.56    8680.56
  clock network delay (ideal)                             0.00    8680.56
  clock uncertainty                                      -0.20    8680.36
  UART/TX/S1/internal_reg[2]/CK (DFFRQX2M)                0.00    8680.36 r
  library setup time                                     -0.14    8680.21
  data required time                                              8680.21
  --------------------------------------------------------------------------
  data required time                                              8680.21
  data arrival time                                                 -2.16
  --------------------------------------------------------------------------
  slack (MET)                                                     8678.06


  Startpoint: UART/TX/F1/current_state_reg[0]
              (rising edge-triggered flip-flop clocked by TX_CLK)
  Endpoint: UART/TX/S1/internal_reg[4]
            (rising edge-triggered flip-flop clocked by TX_CLK)
  Path Group: TX_CLK
  Path Type: max

  Point                                                   Incr       Path
  --------------------------------------------------------------------------
  clock TX_CLK (rise edge)                                0.00       0.00
  clock network delay (ideal)                             0.00       0.00
  UART/TX/F1/current_state_reg[0]/CK (DFFRQX2M)           0.00       0.00 r
  UART/TX/F1/current_state_reg[0]/Q (DFFRQX2M)            0.43       0.43 r
  UART/TX/F1/U11/Y (INVX2M)                               0.09       0.52 f
  UART/TX/F1/U3/Y (NOR3X2M)                               0.41       0.93 r
  UART/TX/F1/U7/Y (OAI21BX1M)                             0.24       1.17 r
  UART/TX/F1/Ser_en (FSM)                                 0.00       1.17 r
  UART/TX/S1/Ser_en (Serializer)                          0.00       1.17 r
  UART/TX/S1/U6/Y (INVX2M)                                0.10       1.27 f
  UART/TX/S1/U5/Y (NOR2X2M)                               0.32       1.59 r
  UART/TX/S1/U3/Y (NOR2X2M)                               0.15       1.74 f
  UART/TX/S1/U22/Y (AO22X1M)                              0.42       2.16 f
  UART/TX/S1/internal_reg[4]/D (DFFRQX2M)                 0.00       2.16 f
  data arrival time                                                  2.16

  clock TX_CLK (rise edge)                             8680.56    8680.56
  clock network delay (ideal)                             0.00    8680.56
  clock uncertainty                                      -0.20    8680.36
  UART/TX/S1/internal_reg[4]/CK (DFFRQX2M)                0.00    8680.36 r
  library setup time                                     -0.14    8680.21
  data required time                                              8680.21
  --------------------------------------------------------------------------
  data required time                                              8680.21
  data arrival time                                                 -2.16
  --------------------------------------------------------------------------
  slack (MET)                                                     8678.06


  Startpoint: FIFO/Read_Empty/internal_reg[0]
              (rising edge-triggered flip-flop clocked by TX_CLK)
  Endpoint: UART/TX/S1/internal_reg[0]
            (rising edge-triggered flip-flop clocked by TX_CLK)
  Path Group: TX_CLK
  Path Type: max

  Point                                                   Incr       Path
  --------------------------------------------------------------------------
  clock TX_CLK (rise edge)                                0.00       0.00
  clock network delay (ideal)                             0.00       0.00
  FIFO/Read_Empty/internal_reg[0]/CK (DFFRX1M)            0.00       0.00 r
  FIFO/Read_Empty/internal_reg[0]/Q (DFFRX1M)             0.50       0.50 r
  FIFO/Read_Empty/r_address[0] (fifo_rptr_empty)          0.00       0.50 r
  FIFO/Memory/r_address[0] (fifo_memory_data_width8)      0.00       0.50 r
  FIFO/Memory/U98/Y (BUFX4M)                              0.55       1.05 r
  FIFO/Memory/U106/Y (MX4X1M)                             0.45       1.50 f
  FIFO/Memory/U105/Y (MX2X2M)                             0.25       1.75 f
  FIFO/Memory/r_data[0] (fifo_memory_data_width8)         0.00       1.75 f
  FIFO/RD_DATA[0] (fifo_top_width8)                       0.00       1.75 f
  UART/TX_IN_P[0] (UART_TOP)                              0.00       1.75 f
  UART/TX/Data[0] (UART_TX)                               0.00       1.75 f
  UART/TX/S1/Data[0] (Serializer)                         0.00       1.75 f
  UART/TX/S1/U18/Y (AO22X1M)                              0.34       2.10 f
  UART/TX/S1/internal_reg[0]/D (DFFRQX2M)                 0.00       2.10 f
  data arrival time                                                  2.10

  clock TX_CLK (rise edge)                             8680.56    8680.56
  clock network delay (ideal)                             0.00    8680.56
  clock uncertainty                                      -0.20    8680.36
  UART/TX/S1/internal_reg[0]/CK (DFFRQX2M)                0.00    8680.36 r
  library setup time                                     -0.14    8680.21
  data required time                                              8680.21
  --------------------------------------------------------------------------
  data required time                                              8680.21
  data arrival time                                                 -2.10
  --------------------------------------------------------------------------
  slack (MET)                                                     8678.12


  Startpoint: UART/TX/F1/current_state_reg[0]
              (rising edge-triggered flip-flop clocked by TX_CLK)
  Endpoint: UART/TX/S1/counter_reg[0]
            (rising edge-triggered flip-flop clocked by TX_CLK)
  Path Group: TX_CLK
  Path Type: max

  Point                                                   Incr       Path
  --------------------------------------------------------------------------
  clock TX_CLK (rise edge)                                0.00       0.00
  clock network delay (ideal)                             0.00       0.00
  UART/TX/F1/current_state_reg[0]/CK (DFFRQX2M)           0.00       0.00 r
  UART/TX/F1/current_state_reg[0]/Q (DFFRQX2M)            0.43       0.43 r
  UART/TX/F1/U11/Y (INVX2M)                               0.09       0.52 f
  UART/TX/F1/U3/Y (NOR3X2M)                               0.41       0.93 r
  UART/TX/F1/U7/Y (OAI21BX1M)                             0.24       1.17 r
  UART/TX/F1/Ser_en (FSM)                                 0.00       1.17 r
  UART/TX/S1/Ser_en (Serializer)                          0.00       1.17 r
  UART/TX/S1/U6/Y (INVX2M)                                0.10       1.27 f
  UART/TX/S1/U5/Y (NOR2X2M)                               0.32       1.59 r
  UART/TX/S1/U4/Y (INVX2M)                                0.12       1.71 f
  UART/TX/S1/U7/Y (OAI2BB2X1M)                            0.15       1.87 r
  UART/TX/S1/counter_reg[0]/D (DFFRQX2M)                  0.00       1.87 r
  data arrival time                                                  1.87

  clock TX_CLK (rise edge)                             8680.56    8680.56
  clock network delay (ideal)                             0.00    8680.56
  clock uncertainty                                      -0.20    8680.36
  UART/TX/S1/counter_reg[0]/CK (DFFRQX2M)                 0.00    8680.36 r
  library setup time                                     -0.30    8680.06
  data required time                                              8680.06
  --------------------------------------------------------------------------
  data required time                                              8680.06
  data arrival time                                                 -1.87
  --------------------------------------------------------------------------
  slack (MET)                                                     8678.19


  Startpoint: UART/TX/F1/current_state_reg[0]
              (rising edge-triggered flip-flop clocked by TX_CLK)
  Endpoint: UART/TX/S1/counter_reg[2]
            (rising edge-triggered flip-flop clocked by TX_CLK)
  Path Group: TX_CLK
  Path Type: max

  Point                                                   Incr       Path
  --------------------------------------------------------------------------
  clock TX_CLK (rise edge)                                0.00       0.00
  clock network delay (ideal)                             0.00       0.00
  UART/TX/F1/current_state_reg[0]/CK (DFFRQX2M)           0.00       0.00 r
  UART/TX/F1/current_state_reg[0]/Q (DFFRQX2M)            0.43       0.43 r
  UART/TX/F1/U11/Y (INVX2M)                               0.09       0.52 f
  UART/TX/F1/U3/Y (NOR3X2M)                               0.41       0.93 r
  UART/TX/F1/U7/Y (OAI21BX1M)                             0.24       1.17 r
  UART/TX/F1/Ser_en (FSM)                                 0.00       1.17 r
  UART/TX/S1/Ser_en (Serializer)                          0.00       1.17 r
  UART/TX/S1/U6/Y (INVX2M)                                0.10       1.27 f
  UART/TX/S1/U5/Y (NOR2X2M)                               0.32       1.59 r
  UART/TX/S1/U4/Y (INVX2M)                                0.12       1.71 f
  UART/TX/S1/U9/Y (NOR2X2M)                               0.11       1.82 r
  UART/TX/S1/counter_reg[2]/D (DFFRQX2M)                  0.00       1.82 r
  data arrival time                                                  1.82

  clock TX_CLK (rise edge)                             8680.56    8680.56
  clock network delay (ideal)                             0.00    8680.56
  clock uncertainty                                      -0.20    8680.36
  UART/TX/S1/counter_reg[2]/CK (DFFRQX2M)                 0.00    8680.36 r
  library setup time                                     -0.29    8680.07
  data required time                                              8680.07
  --------------------------------------------------------------------------
  data required time                                              8680.07
  data arrival time                                                 -1.82
  --------------------------------------------------------------------------
  slack (MET)                                                     8678.25


  Startpoint: UART/TX/F1/current_state_reg[0]
              (rising edge-triggered flip-flop clocked by TX_CLK)
  Endpoint: UART/TX/S1/counter_reg[1]
            (rising edge-triggered flip-flop clocked by TX_CLK)
  Path Group: TX_CLK
  Path Type: max

  Point                                                   Incr       Path
  --------------------------------------------------------------------------
  clock TX_CLK (rise edge)                                0.00       0.00
  clock network delay (ideal)                             0.00       0.00
  UART/TX/F1/current_state_reg[0]/CK (DFFRQX2M)           0.00       0.00 r
  UART/TX/F1/current_state_reg[0]/Q (DFFRQX2M)            0.43       0.43 r
  UART/TX/F1/U11/Y (INVX2M)                               0.09       0.52 f
  UART/TX/F1/U3/Y (NOR3X2M)                               0.41       0.93 r
  UART/TX/F1/U7/Y (OAI21BX1M)                             0.24       1.17 r
  UART/TX/F1/Ser_en (FSM)                                 0.00       1.17 r
  UART/TX/S1/Ser_en (Serializer)                          0.00       1.17 r
  UART/TX/S1/U6/Y (INVX2M)                                0.10       1.27 f
  UART/TX/S1/U5/Y (NOR2X2M)                               0.32       1.59 r
  UART/TX/S1/U4/Y (INVX2M)                                0.12       1.71 f
  UART/TX/S1/U12/Y (NOR2X2M)                              0.11       1.82 r
  UART/TX/S1/counter_reg[1]/D (DFFRQX2M)                  0.00       1.82 r
  data arrival time                                                  1.82

  clock TX_CLK (rise edge)                             8680.56    8680.56
  clock network delay (ideal)                             0.00    8680.56
  clock uncertainty                                      -0.20    8680.36
  UART/TX/S1/counter_reg[1]/CK (DFFRQX2M)                 0.00    8680.36 r
  library setup time                                     -0.29    8680.07
  data required time                                              8680.07
  --------------------------------------------------------------------------
  data required time                                              8680.07
  data arrival time                                                 -1.82
  --------------------------------------------------------------------------
  slack (MET)                                                     8678.25


  Startpoint: UART/TX/F1/current_state_reg[0]
              (rising edge-triggered flip-flop clocked by TX_CLK)
  Endpoint: UART/TX/S1/Ser_done_reg
            (rising edge-triggered flip-flop clocked by TX_CLK)
  Path Group: TX_CLK
  Path Type: max

  Point                                                   Incr       Path
  --------------------------------------------------------------------------
  clock TX_CLK (rise edge)                                0.00       0.00
  clock network delay (ideal)                             0.00       0.00
  UART/TX/F1/current_state_reg[0]/CK (DFFRQX2M)           0.00       0.00 r
  UART/TX/F1/current_state_reg[0]/Q (DFFRQX2M)            0.43       0.43 r
  UART/TX/F1/U11/Y (INVX2M)                               0.09       0.52 f
  UART/TX/F1/U3/Y (NOR3X2M)                               0.41       0.93 r
  UART/TX/F1/U7/Y (OAI21BX1M)                             0.24       1.17 r
  UART/TX/F1/Ser_en (FSM)                                 0.00       1.17 r
  UART/TX/S1/Ser_en (Serializer)                          0.00       1.17 r
  UART/TX/S1/U6/Y (INVX2M)                                0.10       1.27 f
  UART/TX/S1/U5/Y (NOR2X2M)                               0.32       1.59 r
  UART/TX/S1/U26/Y (AND4X2M)                              0.22       1.81 r
  UART/TX/S1/Ser_done_reg/D (DFFRQX2M)                    0.00       1.81 r
  data arrival time                                                  1.81

  clock TX_CLK (rise edge)                             8680.56    8680.56
  clock network delay (ideal)                             0.00    8680.56
  clock uncertainty                                      -0.20    8680.36
  UART/TX/S1/Ser_done_reg/CK (DFFRQX2M)                   0.00    8680.36 r
  library setup time                                     -0.28    8680.07
  data required time                                              8680.07
  --------------------------------------------------------------------------
  data required time                                              8680.07
  data arrival time                                                 -1.81
  --------------------------------------------------------------------------
  slack (MET)                                                     8678.26


  Startpoint: UART/TX/F1/current_state_reg[0]
              (rising edge-triggered flip-flop clocked by TX_CLK)
  Endpoint: PULSE_GENERATOR/rcv_flop_reg
            (rising edge-triggered flip-flop clocked by TX_CLK)
  Path Group: TX_CLK
  Path Type: max

  Point                                                   Incr       Path
  --------------------------------------------------------------------------
  clock TX_CLK (rise edge)                                0.00       0.00
  clock network delay (ideal)                             0.00       0.00
  UART/TX/F1/current_state_reg[0]/CK (DFFRQX2M)           0.00       0.00 r
  UART/TX/F1/current_state_reg[0]/Q (DFFRQX2M)            0.43       0.43 r
  UART/TX/F1/U11/Y (INVX2M)                               0.09       0.52 f
  UART/TX/F1/U3/Y (NOR3X2M)                               0.41       0.93 r
  UART/TX/F1/U13/Y (AOI211X2M)                            0.10       1.03 f
  UART/TX/F1/U12/Y (INVX2M)                               0.07       1.10 r
  UART/TX/F1/busy (FSM)                                   0.00       1.10 r
  UART/TX/busy (UART_TX)                                  0.00       1.10 r
  UART/TX_OUT_V (UART_TOP)                                0.00       1.10 r
  PULSE_GENERATOR/lvl_sig (PULSE_GEN)                     0.00       1.10 r
  PULSE_GENERATOR/rcv_flop_reg/D (DFFRQX2M)               0.00       1.10 r
  data arrival time                                                  1.10

  clock TX_CLK (rise edge)                             8680.56    8680.56
  clock network delay (ideal)                             0.00    8680.56
  clock uncertainty                                      -0.20    8680.36
  PULSE_GENERATOR/rcv_flop_reg/CK (DFFRQX2M)              0.00    8680.36 r
  library setup time                                     -0.28    8680.07
  data required time                                              8680.07
  --------------------------------------------------------------------------
  data required time                                              8680.07
  data arrival time                                                 -1.10
  --------------------------------------------------------------------------
  slack (MET)                                                     8678.98


  Startpoint: UART/TX/F1/current_state_reg[2]
              (rising edge-triggered flip-flop clocked by TX_CLK)
  Endpoint: UART/TX/M1/TX_OUT_reg
            (rising edge-triggered flip-flop clocked by TX_CLK)
  Path Group: TX_CLK
  Path Type: max

  Point                                                   Incr       Path
  --------------------------------------------------------------------------
  clock TX_CLK (rise edge)                                0.00       0.00
  clock network delay (ideal)                             0.00       0.00
  UART/TX/F1/current_state_reg[2]/CK (DFFRQX2M)           0.00       0.00 r
  UART/TX/F1/current_state_reg[2]/Q (DFFRQX2M)            0.51       0.51 f
  UART/TX/F1/U10/Y (INVX2M)                               0.12       0.63 r
  UART/TX/F1/U8/Y (NAND3X2M)                              0.13       0.76 f
  UART/TX/F1/U6/Y (NAND2X2M)                              0.11       0.88 r
  UART/TX/F1/mux[1] (FSM)                                 0.00       0.88 r
  UART/TX/M1/mux_sel[1] (MUX)                             0.00       0.88 r
  UART/TX/M1/U7/Y (NOR2BX2M)                              0.16       1.04 r
  UART/TX/M1/U5/Y (OAI21X2M)                              0.07       1.11 f
  UART/TX/M1/TX_OUT_reg/D (DFFSQX2M)                      0.00       1.11 f
  data arrival time                                                  1.11

  clock TX_CLK (rise edge)                             8680.56    8680.56
  clock network delay (ideal)                             0.00    8680.56
  clock uncertainty                                      -0.20    8680.36
  UART/TX/M1/TX_OUT_reg/CK (DFFSQX2M)                     0.00    8680.36 r
  library setup time                                     -0.23    8680.13
  data required time                                              8680.13
  --------------------------------------------------------------------------
  data required time                                              8680.13
  data arrival time                                                 -1.11
  --------------------------------------------------------------------------
  slack (MET)                                                     8679.02


  Startpoint: UART/TX/F1/current_state_reg[2]
              (rising edge-triggered flip-flop clocked by TX_CLK)
  Endpoint: UART/TX/F1/current_state_reg[2]
            (rising edge-triggered flip-flop clocked by TX_CLK)
  Path Group: TX_CLK
  Path Type: max

  Point                                                   Incr       Path
  --------------------------------------------------------------------------
  clock TX_CLK (rise edge)                                0.00       0.00
  clock network delay (ideal)                             0.00       0.00
  UART/TX/F1/current_state_reg[2]/CK (DFFRQX2M)           0.00       0.00 r
  UART/TX/F1/current_state_reg[2]/Q (DFFRQX2M)            0.51       0.51 f
  UART/TX/F1/U10/Y (INVX2M)                               0.12       0.63 r
  UART/TX/F1/U8/Y (NAND3X2M)                              0.13       0.76 f
  UART/TX/F1/U14/Y (OAI31X1M)                             0.24       1.01 r
  UART/TX/F1/current_state_reg[2]/D (DFFRQX2M)            0.00       1.01 r
  data arrival time                                                  1.01

  clock TX_CLK (rise edge)                             8680.56    8680.56
  clock network delay (ideal)                             0.00    8680.56
  clock uncertainty                                      -0.20    8680.36
  UART/TX/F1/current_state_reg[2]/CK (DFFRQX2M)           0.00    8680.36 r
  library setup time                                     -0.31    8680.05
  data required time                                              8680.05
  --------------------------------------------------------------------------
  data required time                                              8680.05
  data arrival time                                                 -1.01
  --------------------------------------------------------------------------
  slack (MET)                                                     8679.04


  Startpoint: UART/TX/F1/current_state_reg[1]
              (rising edge-triggered flip-flop clocked by TX_CLK)
  Endpoint: UART/TX/F1/current_state_reg[1]
            (rising edge-triggered flip-flop clocked by TX_CLK)
  Path Group: TX_CLK
  Path Type: max

  Point                                                   Incr       Path
  --------------------------------------------------------------------------
  clock TX_CLK (rise edge)                                0.00       0.00
  clock network delay (ideal)                             0.00       0.00
  UART/TX/F1/current_state_reg[1]/CK (DFFRQX2M)           0.00       0.00 r
  UART/TX/F1/current_state_reg[1]/Q (DFFRQX2M)            0.46       0.46 r
  UART/TX/F1/U18/Y (INVX2M)                               0.08       0.54 f
  UART/TX/F1/U16/Y (AOI21X2M)                             0.13       0.67 r
  UART/TX/F1/current_state_reg[1]/D (DFFRQX2M)            0.00       0.67 r
  data arrival time                                                  0.67

  clock TX_CLK (rise edge)                             8680.56    8680.56
  clock network delay (ideal)                             0.00    8680.56
  clock uncertainty                                      -0.20    8680.36
  UART/TX/F1/current_state_reg[1]/CK (DFFRQX2M)           0.00    8680.36 r
  library setup time                                     -0.29    8680.07
  data required time                                              8680.07
  --------------------------------------------------------------------------
  data required time                                              8680.07
  data arrival time                                                 -0.67
  --------------------------------------------------------------------------
  slack (MET)                                                     8679.39


  Startpoint: PULSE_GENERATOR/rcv_flop_reg
              (rising edge-triggered flip-flop clocked by TX_CLK)
  Endpoint: PULSE_GENERATOR/pls_flop_reg
            (rising edge-triggered flip-flop clocked by TX_CLK)
  Path Group: TX_CLK
  Path Type: max

  Point                                                   Incr       Path
  --------------------------------------------------------------------------
  clock TX_CLK (rise edge)                                0.00       0.00
  clock network delay (ideal)                             0.00       0.00
  PULSE_GENERATOR/rcv_flop_reg/CK (DFFRQX2M)              0.00       0.00 r
  PULSE_GENERATOR/rcv_flop_reg/Q (DFFRQX2M)               0.39       0.39 r
  PULSE_GENERATOR/pls_flop_reg/D (DFFRQX2M)               0.00       0.39 r
  data arrival time                                                  0.39

  clock TX_CLK (rise edge)                             8680.56    8680.56
  clock network delay (ideal)                             0.00    8680.56
  clock uncertainty                                      -0.20    8680.36
  PULSE_GENERATOR/pls_flop_reg/CK (DFFRQX2M)              0.00    8680.36 r
  library setup time                                     -0.28    8680.07
  data required time                                              8680.07
  --------------------------------------------------------------------------
  data required time                                              8680.07
  data arrival time                                                 -0.39
  --------------------------------------------------------------------------
  slack (MET)                                                     8679.69


  Startpoint: FIFO/Data_Sync_Read_Block/stage_one_reg[2]
              (rising edge-triggered flip-flop clocked by TX_CLK)
  Endpoint: FIFO/Data_Sync_Read_Block/out_reg[2]
            (rising edge-triggered flip-flop clocked by TX_CLK)
  Path Group: TX_CLK
  Path Type: max

  Point                                                   Incr       Path
  --------------------------------------------------------------------------
  clock TX_CLK (rise edge)                                0.00       0.00
  clock network delay (ideal)                             0.00       0.00
  FIFO/Data_Sync_Read_Block/stage_one_reg[2]/CK (DFFRQX2M)
                                                          0.00       0.00 r
  FIFO/Data_Sync_Read_Block/stage_one_reg[2]/Q (DFFRQX2M)
                                                          0.37       0.37 r
  FIFO/Data_Sync_Read_Block/out_reg[2]/D (DFFRQX2M)       0.00       0.37 r
  data arrival time                                                  0.37

  clock TX_CLK (rise edge)                             8680.56    8680.56
  clock network delay (ideal)                             0.00    8680.56
  clock uncertainty                                      -0.20    8680.36
  FIFO/Data_Sync_Read_Block/out_reg[2]/CK (DFFRQX2M)      0.00    8680.36 r
  library setup time                                     -0.28    8680.07
  data required time                                              8680.07
  --------------------------------------------------------------------------
  data required time                                              8680.07
  data arrival time                                                 -0.37
  --------------------------------------------------------------------------
  slack (MET)                                                     8679.70


  Startpoint: FIFO/Data_Sync_Read_Block/stage_one_reg[1]
              (rising edge-triggered flip-flop clocked by TX_CLK)
  Endpoint: FIFO/Data_Sync_Read_Block/out_reg[1]
            (rising edge-triggered flip-flop clocked by TX_CLK)
  Path Group: TX_CLK
  Path Type: max

  Point                                                   Incr       Path
  --------------------------------------------------------------------------
  clock TX_CLK (rise edge)                                0.00       0.00
  clock network delay (ideal)                             0.00       0.00
  FIFO/Data_Sync_Read_Block/stage_one_reg[1]/CK (DFFRQX2M)
                                                          0.00       0.00 r
  FIFO/Data_Sync_Read_Block/stage_one_reg[1]/Q (DFFRQX2M)
                                                          0.37       0.37 r
  FIFO/Data_Sync_Read_Block/out_reg[1]/D (DFFRQX2M)       0.00       0.37 r
  data arrival time                                                  0.37

  clock TX_CLK (rise edge)                             8680.56    8680.56
  clock network delay (ideal)                             0.00    8680.56
  clock uncertainty                                      -0.20    8680.36
  FIFO/Data_Sync_Read_Block/out_reg[1]/CK (DFFRQX2M)      0.00    8680.36 r
  library setup time                                     -0.28    8680.07
  data required time                                              8680.07
  --------------------------------------------------------------------------
  data required time                                              8680.07
  data arrival time                                                 -0.37
  --------------------------------------------------------------------------
  slack (MET)                                                     8679.70


  Startpoint: FIFO/Data_Sync_Read_Block/stage_one_reg[0]
              (rising edge-triggered flip-flop clocked by TX_CLK)
  Endpoint: FIFO/Data_Sync_Read_Block/out_reg[0]
            (rising edge-triggered flip-flop clocked by TX_CLK)
  Path Group: TX_CLK
  Path Type: max

  Point                                                   Incr       Path
  --------------------------------------------------------------------------
  clock TX_CLK (rise edge)                                0.00       0.00
  clock network delay (ideal)                             0.00       0.00
  FIFO/Data_Sync_Read_Block/stage_one_reg[0]/CK (DFFRQX2M)
                                                          0.00       0.00 r
  FIFO/Data_Sync_Read_Block/stage_one_reg[0]/Q (DFFRQX2M)
                                                          0.37       0.37 r
  FIFO/Data_Sync_Read_Block/out_reg[0]/D (DFFRQX2M)       0.00       0.37 r
  data arrival time                                                  0.37

  clock TX_CLK (rise edge)                             8680.56    8680.56
  clock network delay (ideal)                             0.00    8680.56
  clock uncertainty                                      -0.20    8680.36
  FIFO/Data_Sync_Read_Block/out_reg[0]/CK (DFFRQX2M)      0.00    8680.36 r
  library setup time                                     -0.28    8680.07
  data required time                                              8680.07
  --------------------------------------------------------------------------
  data required time                                              8680.07
  data arrival time                                                 -0.37
  --------------------------------------------------------------------------
  slack (MET)                                                     8679.70


  Startpoint: FIFO/Data_Sync_Read_Block/stage_one_reg[3]
              (rising edge-triggered flip-flop clocked by TX_CLK)
  Endpoint: FIFO/Data_Sync_Read_Block/out_reg[3]
            (rising edge-triggered flip-flop clocked by TX_CLK)
  Path Group: TX_CLK
  Path Type: max

  Point                                                   Incr       Path
  --------------------------------------------------------------------------
  clock TX_CLK (rise edge)                                0.00       0.00
  clock network delay (ideal)                             0.00       0.00
  FIFO/Data_Sync_Read_Block/stage_one_reg[3]/CK (DFFRQX2M)
                                                          0.00       0.00 r
  FIFO/Data_Sync_Read_Block/stage_one_reg[3]/Q (DFFRQX2M)
                                                          0.37       0.37 r
  FIFO/Data_Sync_Read_Block/out_reg[3]/D (DFFRQX2M)       0.00       0.37 r
  data arrival time                                                  0.37

  clock TX_CLK (rise edge)                             8680.56    8680.56
  clock network delay (ideal)                             0.00    8680.56
  clock uncertainty                                      -0.20    8680.36
  FIFO/Data_Sync_Read_Block/out_reg[3]/CK (DFFRQX2M)      0.00    8680.36 r
  library setup time                                     -0.28    8680.07
  data required time                                              8680.07
  --------------------------------------------------------------------------
  data required time                                              8680.07
  data arrival time                                                 -0.37
  --------------------------------------------------------------------------
  slack (MET)                                                     8679.70


  Startpoint: RX_CLK_DIV/count_reg[2]
              (rising edge-triggered flip-flop clocked by UART_DOMAIN)
  Endpoint: RX_CLK_DIV/count_reg[5]
            (rising edge-triggered flip-flop clocked by UART_DOMAIN)
  Path Group: UART_DOMAIN
  Path Type: max

  Point                                                   Incr       Path
  --------------------------------------------------------------------------
  clock UART_DOMAIN (rise edge)                           0.00       0.00
  clock network delay (ideal)                             0.00       0.00
  RX_CLK_DIV/count_reg[2]/CK (DFFRQX2M)                   0.00       0.00 r
  RX_CLK_DIV/count_reg[2]/Q (DFFRQX2M)                    0.51       0.51 f
  RX_CLK_DIV/U35/Y (CLKXOR2X2M)                           0.23       0.74 f
  RX_CLK_DIV/U34/Y (NOR4X1M)                              0.26       1.00 r
  RX_CLK_DIV/U33/Y (NAND4X1M)                             0.20       1.20 f
  RX_CLK_DIV/U32/Y (MXI2X1M)                              0.18       1.38 r
  RX_CLK_DIV/U31/Y (CLKNAND2X2M)                          0.13       1.51 f
  RX_CLK_DIV/U25/Y (AND3X1M)                              0.30       1.81 f
  RX_CLK_DIV/U23/Y (AO22X1M)                              0.41       2.22 f
  RX_CLK_DIV/count_reg[5]/D (DFFRQX2M)                    0.00       2.22 f
  data arrival time                                                  2.22

  clock UART_DOMAIN (rise edge)                         271.27     271.27
  clock network delay (ideal)                             0.00     271.27
  clock uncertainty                                      -0.20     271.07
  RX_CLK_DIV/count_reg[5]/CK (DFFRQX2M)                   0.00     271.07 r
  library setup time                                     -0.14     270.92
  data required time                                               270.92
  --------------------------------------------------------------------------
  data required time                                               270.92
  data arrival time                                                 -2.22
  --------------------------------------------------------------------------
  slack (MET)                                                      268.70


  Startpoint: RX_CLK_DIV/count_reg[2]
              (rising edge-triggered flip-flop clocked by UART_DOMAIN)
  Endpoint: RX_CLK_DIV/count_reg[4]
            (rising edge-triggered flip-flop clocked by UART_DOMAIN)
  Path Group: UART_DOMAIN
  Path Type: max

  Point                                                   Incr       Path
  --------------------------------------------------------------------------
  clock UART_DOMAIN (rise edge)                           0.00       0.00
  clock network delay (ideal)                             0.00       0.00
  RX_CLK_DIV/count_reg[2]/CK (DFFRQX2M)                   0.00       0.00 r
  RX_CLK_DIV/count_reg[2]/Q (DFFRQX2M)                    0.51       0.51 f
  RX_CLK_DIV/U35/Y (CLKXOR2X2M)                           0.23       0.74 f
  RX_CLK_DIV/U34/Y (NOR4X1M)                              0.26       1.00 r
  RX_CLK_DIV/U33/Y (NAND4X1M)                             0.20       1.20 f
  RX_CLK_DIV/U32/Y (MXI2X1M)                              0.18       1.38 r
  RX_CLK_DIV/U31/Y (CLKNAND2X2M)                          0.13       1.51 f
  RX_CLK_DIV/U25/Y (AND3X1M)                              0.30       1.81 f
  RX_CLK_DIV/U22/Y (AO22X1M)                              0.41       2.22 f
  RX_CLK_DIV/count_reg[4]/D (DFFRQX2M)                    0.00       2.22 f
  data arrival time                                                  2.22

  clock UART_DOMAIN (rise edge)                         271.27     271.27
  clock network delay (ideal)                             0.00     271.27
  clock uncertainty                                      -0.20     271.07
  RX_CLK_DIV/count_reg[4]/CK (DFFRQX2M)                   0.00     271.07 r
  library setup time                                     -0.14     270.92
  data required time                                               270.92
  --------------------------------------------------------------------------
  data required time                                               270.92
  data arrival time                                                 -2.22
  --------------------------------------------------------------------------
  slack (MET)                                                      268.70


  Startpoint: RX_CLK_DIV/count_reg[2]
              (rising edge-triggered flip-flop clocked by UART_DOMAIN)
  Endpoint: RX_CLK_DIV/count_reg[3]
            (rising edge-triggered flip-flop clocked by UART_DOMAIN)
  Path Group: UART_DOMAIN
  Path Type: max

  Point                                                   Incr       Path
  --------------------------------------------------------------------------
  clock UART_DOMAIN (rise edge)                           0.00       0.00
  clock network delay (ideal)                             0.00       0.00
  RX_CLK_DIV/count_reg[2]/CK (DFFRQX2M)                   0.00       0.00 r
  RX_CLK_DIV/count_reg[2]/Q (DFFRQX2M)                    0.51       0.51 f
  RX_CLK_DIV/U35/Y (CLKXOR2X2M)                           0.23       0.74 f
  RX_CLK_DIV/U34/Y (NOR4X1M)                              0.26       1.00 r
  RX_CLK_DIV/U33/Y (NAND4X1M)                             0.20       1.20 f
  RX_CLK_DIV/U32/Y (MXI2X1M)                              0.18       1.38 r
  RX_CLK_DIV/U31/Y (CLKNAND2X2M)                          0.13       1.51 f
  RX_CLK_DIV/U25/Y (AND3X1M)                              0.30       1.81 f
  RX_CLK_DIV/U21/Y (AO22X1M)                              0.41       2.22 f
  RX_CLK_DIV/count_reg[3]/D (DFFRQX2M)                    0.00       2.22 f
  data arrival time                                                  2.22

  clock UART_DOMAIN (rise edge)                         271.27     271.27
  clock network delay (ideal)                             0.00     271.27
  clock uncertainty                                      -0.20     271.07
  RX_CLK_DIV/count_reg[3]/CK (DFFRQX2M)                   0.00     271.07 r
  library setup time                                     -0.14     270.92
  data required time                                               270.92
  --------------------------------------------------------------------------
  data required time                                               270.92
  data arrival time                                                 -2.22
  --------------------------------------------------------------------------
  slack (MET)                                                      268.70


  Startpoint: RX_CLK_DIV/count_reg[2]
              (rising edge-triggered flip-flop clocked by UART_DOMAIN)
  Endpoint: RX_CLK_DIV/count_reg[6]
            (rising edge-triggered flip-flop clocked by UART_DOMAIN)
  Path Group: UART_DOMAIN
  Path Type: max

  Point                                                   Incr       Path
  --------------------------------------------------------------------------
  clock UART_DOMAIN (rise edge)                           0.00       0.00
  clock network delay (ideal)                             0.00       0.00
  RX_CLK_DIV/count_reg[2]/CK (DFFRQX2M)                   0.00       0.00 r
  RX_CLK_DIV/count_reg[2]/Q (DFFRQX2M)                    0.51       0.51 f
  RX_CLK_DIV/U35/Y (CLKXOR2X2M)                           0.23       0.74 f
  RX_CLK_DIV/U34/Y (NOR4X1M)                              0.26       1.00 r
  RX_CLK_DIV/U33/Y (NAND4X1M)                             0.20       1.20 f
  RX_CLK_DIV/U32/Y (MXI2X1M)                              0.18       1.38 r
  RX_CLK_DIV/U31/Y (CLKNAND2X2M)                          0.13       1.51 f
  RX_CLK_DIV/U25/Y (AND3X1M)                              0.30       1.81 f
  RX_CLK_DIV/U24/Y (AO22X1M)                              0.41       2.22 f
  RX_CLK_DIV/count_reg[6]/D (DFFRQX2M)                    0.00       2.22 f
  data arrival time                                                  2.22

  clock UART_DOMAIN (rise edge)                         271.27     271.27
  clock network delay (ideal)                             0.00     271.27
  clock uncertainty                                      -0.20     271.07
  RX_CLK_DIV/count_reg[6]/CK (DFFRQX2M)                   0.00     271.07 r
  library setup time                                     -0.14     270.92
  data required time                                               270.92
  --------------------------------------------------------------------------
  data required time                                               270.92
  data arrival time                                                 -2.22
  --------------------------------------------------------------------------
  slack (MET)                                                      268.70


  Startpoint: RX_CLK_DIV/count_reg[2]
              (rising edge-triggered flip-flop clocked by UART_DOMAIN)
  Endpoint: RX_CLK_DIV/count_reg[0]
            (rising edge-triggered flip-flop clocked by UART_DOMAIN)
  Path Group: UART_DOMAIN
  Path Type: max

  Point                                                   Incr       Path
  --------------------------------------------------------------------------
  clock UART_DOMAIN (rise edge)                           0.00       0.00
  clock network delay (ideal)                             0.00       0.00
  RX_CLK_DIV/count_reg[2]/CK (DFFRQX2M)                   0.00       0.00 r
  RX_CLK_DIV/count_reg[2]/Q (DFFRQX2M)                    0.51       0.51 f
  RX_CLK_DIV/U35/Y (CLKXOR2X2M)                           0.23       0.74 f
  RX_CLK_DIV/U34/Y (NOR4X1M)                              0.26       1.00 r
  RX_CLK_DIV/U33/Y (NAND4X1M)                             0.20       1.20 f
  RX_CLK_DIV/U32/Y (MXI2X1M)                              0.18       1.38 r
  RX_CLK_DIV/U31/Y (CLKNAND2X2M)                          0.13       1.51 f
  RX_CLK_DIV/U25/Y (AND3X1M)                              0.30       1.81 f
  RX_CLK_DIV/U18/Y (AO22X1M)                              0.41       2.22 f
  RX_CLK_DIV/count_reg[0]/D (DFFRQX2M)                    0.00       2.22 f
  data arrival time                                                  2.22

  clock UART_DOMAIN (rise edge)                         271.27     271.27
  clock network delay (ideal)                             0.00     271.27
  clock uncertainty                                      -0.20     271.07
  RX_CLK_DIV/count_reg[0]/CK (DFFRQX2M)                   0.00     271.07 r
  library setup time                                     -0.14     270.92
  data required time                                               270.92
  --------------------------------------------------------------------------
  data required time                                               270.92
  data arrival time                                                 -2.22
  --------------------------------------------------------------------------
  slack (MET)                                                      268.70


  Startpoint: RX_CLK_DIV/count_reg[2]
              (rising edge-triggered flip-flop clocked by UART_DOMAIN)
  Endpoint: RX_CLK_DIV/count_reg[2]
            (rising edge-triggered flip-flop clocked by UART_DOMAIN)
  Path Group: UART_DOMAIN
  Path Type: max

  Point                                                   Incr       Path
  --------------------------------------------------------------------------
  clock UART_DOMAIN (rise edge)                           0.00       0.00
  clock network delay (ideal)                             0.00       0.00
  RX_CLK_DIV/count_reg[2]/CK (DFFRQX2M)                   0.00       0.00 r
  RX_CLK_DIV/count_reg[2]/Q (DFFRQX2M)                    0.51       0.51 f
  RX_CLK_DIV/U35/Y (CLKXOR2X2M)                           0.23       0.74 f
  RX_CLK_DIV/U34/Y (NOR4X1M)                              0.26       1.00 r
  RX_CLK_DIV/U33/Y (NAND4X1M)                             0.20       1.20 f
  RX_CLK_DIV/U32/Y (MXI2X1M)                              0.18       1.38 r
  RX_CLK_DIV/U31/Y (CLKNAND2X2M)                          0.13       1.51 f
  RX_CLK_DIV/U25/Y (AND3X1M)                              0.30       1.81 f
  RX_CLK_DIV/U20/Y (AO22X1M)                              0.41       2.22 f
  RX_CLK_DIV/count_reg[2]/D (DFFRQX2M)                    0.00       2.22 f
  data arrival time                                                  2.22

  clock UART_DOMAIN (rise edge)                         271.27     271.27
  clock network delay (ideal)                             0.00     271.27
  clock uncertainty                                      -0.20     271.07
  RX_CLK_DIV/count_reg[2]/CK (DFFRQX2M)                   0.00     271.07 r
  library setup time                                     -0.14     270.92
  data required time                                               270.92
  --------------------------------------------------------------------------
  data required time                                               270.92
  data arrival time                                                 -2.22
  --------------------------------------------------------------------------
  slack (MET)                                                      268.70


  Startpoint: RX_CLK_DIV/count_reg[2]
              (rising edge-triggered flip-flop clocked by UART_DOMAIN)
  Endpoint: RX_CLK_DIV/count_reg[1]
            (rising edge-triggered flip-flop clocked by UART_DOMAIN)
  Path Group: UART_DOMAIN
  Path Type: max

  Point                                                   Incr       Path
  --------------------------------------------------------------------------
  clock UART_DOMAIN (rise edge)                           0.00       0.00
  clock network delay (ideal)                             0.00       0.00
  RX_CLK_DIV/count_reg[2]/CK (DFFRQX2M)                   0.00       0.00 r
  RX_CLK_DIV/count_reg[2]/Q (DFFRQX2M)                    0.51       0.51 f
  RX_CLK_DIV/U35/Y (CLKXOR2X2M)                           0.23       0.74 f
  RX_CLK_DIV/U34/Y (NOR4X1M)                              0.26       1.00 r
  RX_CLK_DIV/U33/Y (NAND4X1M)                             0.20       1.20 f
  RX_CLK_DIV/U32/Y (MXI2X1M)                              0.18       1.38 r
  RX_CLK_DIV/U31/Y (CLKNAND2X2M)                          0.13       1.51 f
  RX_CLK_DIV/U25/Y (AND3X1M)                              0.30       1.81 f
  RX_CLK_DIV/U19/Y (AO22X1M)                              0.41       2.22 f
  RX_CLK_DIV/count_reg[1]/D (DFFRQX2M)                    0.00       2.22 f
  data arrival time                                                  2.22

  clock UART_DOMAIN (rise edge)                         271.27     271.27
  clock network delay (ideal)                             0.00     271.27
  clock uncertainty                                      -0.20     271.07
  RX_CLK_DIV/count_reg[1]/CK (DFFRQX2M)                   0.00     271.07 r
  library setup time                                     -0.14     270.92
  data required time                                               270.92
  --------------------------------------------------------------------------
  data required time                                               270.92
  data arrival time                                                 -2.22
  --------------------------------------------------------------------------
  slack (MET)                                                      268.70


  Startpoint: TX_CLK_DIV/count_reg[2]
              (rising edge-triggered flip-flop clocked by UART_DOMAIN)
  Endpoint: TX_CLK_DIV/count_reg[5]
            (rising edge-triggered flip-flop clocked by UART_DOMAIN)
  Path Group: UART_DOMAIN
  Path Type: max

  Point                                                   Incr       Path
  --------------------------------------------------------------------------
  clock UART_DOMAIN (rise edge)                           0.00       0.00
  clock network delay (ideal)                             0.00       0.00
  TX_CLK_DIV/count_reg[2]/CK (DFFRQX2M)                   0.00       0.00 r
  TX_CLK_DIV/count_reg[2]/Q (DFFRQX2M)                    0.51       0.51 f
  TX_CLK_DIV/U35/Y (CLKXOR2X2M)                           0.23       0.74 f
  TX_CLK_DIV/U34/Y (NOR4X1M)                              0.26       1.00 r
  TX_CLK_DIV/U33/Y (NAND4X1M)                             0.20       1.20 f
  TX_CLK_DIV/U32/Y (MXI2X1M)                              0.18       1.38 r
  TX_CLK_DIV/U31/Y (CLKNAND2X2M)                          0.13       1.51 f
  TX_CLK_DIV/U25/Y (AND3X1M)                              0.30       1.81 f
  TX_CLK_DIV/U23/Y (AO22X1M)                              0.41       2.22 f
  TX_CLK_DIV/count_reg[5]/D (DFFRQX2M)                    0.00       2.22 f
  data arrival time                                                  2.22

  clock UART_DOMAIN (rise edge)                         271.27     271.27
  clock network delay (ideal)                             0.00     271.27
  clock uncertainty                                      -0.20     271.07
  TX_CLK_DIV/count_reg[5]/CK (DFFRQX2M)                   0.00     271.07 r
  library setup time                                     -0.14     270.92
  data required time                                               270.92
  --------------------------------------------------------------------------
  data required time                                               270.92
  data arrival time                                                 -2.22
  --------------------------------------------------------------------------
  slack (MET)                                                      268.70


  Startpoint: TX_CLK_DIV/count_reg[2]
              (rising edge-triggered flip-flop clocked by UART_DOMAIN)
  Endpoint: TX_CLK_DIV/count_reg[4]
            (rising edge-triggered flip-flop clocked by UART_DOMAIN)
  Path Group: UART_DOMAIN
  Path Type: max

  Point                                                   Incr       Path
  --------------------------------------------------------------------------
  clock UART_DOMAIN (rise edge)                           0.00       0.00
  clock network delay (ideal)                             0.00       0.00
  TX_CLK_DIV/count_reg[2]/CK (DFFRQX2M)                   0.00       0.00 r
  TX_CLK_DIV/count_reg[2]/Q (DFFRQX2M)                    0.51       0.51 f
  TX_CLK_DIV/U35/Y (CLKXOR2X2M)                           0.23       0.74 f
  TX_CLK_DIV/U34/Y (NOR4X1M)                              0.26       1.00 r
  TX_CLK_DIV/U33/Y (NAND4X1M)                             0.20       1.20 f
  TX_CLK_DIV/U32/Y (MXI2X1M)                              0.18       1.38 r
  TX_CLK_DIV/U31/Y (CLKNAND2X2M)                          0.13       1.51 f
  TX_CLK_DIV/U25/Y (AND3X1M)                              0.30       1.81 f
  TX_CLK_DIV/U22/Y (AO22X1M)                              0.41       2.22 f
  TX_CLK_DIV/count_reg[4]/D (DFFRQX2M)                    0.00       2.22 f
  data arrival time                                                  2.22

  clock UART_DOMAIN (rise edge)                         271.27     271.27
  clock network delay (ideal)                             0.00     271.27
  clock uncertainty                                      -0.20     271.07
  TX_CLK_DIV/count_reg[4]/CK (DFFRQX2M)                   0.00     271.07 r
  library setup time                                     -0.14     270.92
  data required time                                               270.92
  --------------------------------------------------------------------------
  data required time                                               270.92
  data arrival time                                                 -2.22
  --------------------------------------------------------------------------
  slack (MET)                                                      268.70


  Startpoint: TX_CLK_DIV/count_reg[2]
              (rising edge-triggered flip-flop clocked by UART_DOMAIN)
  Endpoint: TX_CLK_DIV/count_reg[3]
            (rising edge-triggered flip-flop clocked by UART_DOMAIN)
  Path Group: UART_DOMAIN
  Path Type: max

  Point                                                   Incr       Path
  --------------------------------------------------------------------------
  clock UART_DOMAIN (rise edge)                           0.00       0.00
  clock network delay (ideal)                             0.00       0.00
  TX_CLK_DIV/count_reg[2]/CK (DFFRQX2M)                   0.00       0.00 r
  TX_CLK_DIV/count_reg[2]/Q (DFFRQX2M)                    0.51       0.51 f
  TX_CLK_DIV/U35/Y (CLKXOR2X2M)                           0.23       0.74 f
  TX_CLK_DIV/U34/Y (NOR4X1M)                              0.26       1.00 r
  TX_CLK_DIV/U33/Y (NAND4X1M)                             0.20       1.20 f
  TX_CLK_DIV/U32/Y (MXI2X1M)                              0.18       1.38 r
  TX_CLK_DIV/U31/Y (CLKNAND2X2M)                          0.13       1.51 f
  TX_CLK_DIV/U25/Y (AND3X1M)                              0.30       1.81 f
  TX_CLK_DIV/U21/Y (AO22X1M)                              0.41       2.22 f
  TX_CLK_DIV/count_reg[3]/D (DFFRQX2M)                    0.00       2.22 f
  data arrival time                                                  2.22

  clock UART_DOMAIN (rise edge)                         271.27     271.27
  clock network delay (ideal)                             0.00     271.27
  clock uncertainty                                      -0.20     271.07
  TX_CLK_DIV/count_reg[3]/CK (DFFRQX2M)                   0.00     271.07 r
  library setup time                                     -0.14     270.92
  data required time                                               270.92
  --------------------------------------------------------------------------
  data required time                                               270.92
  data arrival time                                                 -2.22
  --------------------------------------------------------------------------
  slack (MET)                                                      268.70


  Startpoint: TX_CLK_DIV/count_reg[2]
              (rising edge-triggered flip-flop clocked by UART_DOMAIN)
  Endpoint: TX_CLK_DIV/count_reg[6]
            (rising edge-triggered flip-flop clocked by UART_DOMAIN)
  Path Group: UART_DOMAIN
  Path Type: max

  Point                                                   Incr       Path
  --------------------------------------------------------------------------
  clock UART_DOMAIN (rise edge)                           0.00       0.00
  clock network delay (ideal)                             0.00       0.00
  TX_CLK_DIV/count_reg[2]/CK (DFFRQX2M)                   0.00       0.00 r
  TX_CLK_DIV/count_reg[2]/Q (DFFRQX2M)                    0.51       0.51 f
  TX_CLK_DIV/U35/Y (CLKXOR2X2M)                           0.23       0.74 f
  TX_CLK_DIV/U34/Y (NOR4X1M)                              0.26       1.00 r
  TX_CLK_DIV/U33/Y (NAND4X1M)                             0.20       1.20 f
  TX_CLK_DIV/U32/Y (MXI2X1M)                              0.18       1.38 r
  TX_CLK_DIV/U31/Y (CLKNAND2X2M)                          0.13       1.51 f
  TX_CLK_DIV/U25/Y (AND3X1M)                              0.30       1.81 f
  TX_CLK_DIV/U24/Y (AO22X1M)                              0.41       2.22 f
  TX_CLK_DIV/count_reg[6]/D (DFFRQX2M)                    0.00       2.22 f
  data arrival time                                                  2.22

  clock UART_DOMAIN (rise edge)                         271.27     271.27
  clock network delay (ideal)                             0.00     271.27
  clock uncertainty                                      -0.20     271.07
  TX_CLK_DIV/count_reg[6]/CK (DFFRQX2M)                   0.00     271.07 r
  library setup time                                     -0.14     270.92
  data required time                                               270.92
  --------------------------------------------------------------------------
  data required time                                               270.92
  data arrival time                                                 -2.22
  --------------------------------------------------------------------------
  slack (MET)                                                      268.70


  Startpoint: TX_CLK_DIV/count_reg[2]
              (rising edge-triggered flip-flop clocked by UART_DOMAIN)
  Endpoint: TX_CLK_DIV/count_reg[0]
            (rising edge-triggered flip-flop clocked by UART_DOMAIN)
  Path Group: UART_DOMAIN
  Path Type: max

  Point                                                   Incr       Path
  --------------------------------------------------------------------------
  clock UART_DOMAIN (rise edge)                           0.00       0.00
  clock network delay (ideal)                             0.00       0.00
  TX_CLK_DIV/count_reg[2]/CK (DFFRQX2M)                   0.00       0.00 r
  TX_CLK_DIV/count_reg[2]/Q (DFFRQX2M)                    0.51       0.51 f
  TX_CLK_DIV/U35/Y (CLKXOR2X2M)                           0.23       0.74 f
  TX_CLK_DIV/U34/Y (NOR4X1M)                              0.26       1.00 r
  TX_CLK_DIV/U33/Y (NAND4X1M)                             0.20       1.20 f
  TX_CLK_DIV/U32/Y (MXI2X1M)                              0.18       1.38 r
  TX_CLK_DIV/U31/Y (CLKNAND2X2M)                          0.13       1.51 f
  TX_CLK_DIV/U25/Y (AND3X1M)                              0.30       1.81 f
  TX_CLK_DIV/U18/Y (AO22X1M)                              0.41       2.22 f
  TX_CLK_DIV/count_reg[0]/D (DFFRQX2M)                    0.00       2.22 f
  data arrival time                                                  2.22

  clock UART_DOMAIN (rise edge)                         271.27     271.27
  clock network delay (ideal)                             0.00     271.27
  clock uncertainty                                      -0.20     271.07
  TX_CLK_DIV/count_reg[0]/CK (DFFRQX2M)                   0.00     271.07 r
  library setup time                                     -0.14     270.92
  data required time                                               270.92
  --------------------------------------------------------------------------
  data required time                                               270.92
  data arrival time                                                 -2.22
  --------------------------------------------------------------------------
  slack (MET)                                                      268.70


  Startpoint: TX_CLK_DIV/count_reg[2]
              (rising edge-triggered flip-flop clocked by UART_DOMAIN)
  Endpoint: TX_CLK_DIV/count_reg[2]
            (rising edge-triggered flip-flop clocked by UART_DOMAIN)
  Path Group: UART_DOMAIN
  Path Type: max

  Point                                                   Incr       Path
  --------------------------------------------------------------------------
  clock UART_DOMAIN (rise edge)                           0.00       0.00
  clock network delay (ideal)                             0.00       0.00
  TX_CLK_DIV/count_reg[2]/CK (DFFRQX2M)                   0.00       0.00 r
  TX_CLK_DIV/count_reg[2]/Q (DFFRQX2M)                    0.51       0.51 f
  TX_CLK_DIV/U35/Y (CLKXOR2X2M)                           0.23       0.74 f
  TX_CLK_DIV/U34/Y (NOR4X1M)                              0.26       1.00 r
  TX_CLK_DIV/U33/Y (NAND4X1M)                             0.20       1.20 f
  TX_CLK_DIV/U32/Y (MXI2X1M)                              0.18       1.38 r
  TX_CLK_DIV/U31/Y (CLKNAND2X2M)                          0.13       1.51 f
  TX_CLK_DIV/U25/Y (AND3X1M)                              0.30       1.81 f
  TX_CLK_DIV/U20/Y (AO22X1M)                              0.41       2.22 f
  TX_CLK_DIV/count_reg[2]/D (DFFRQX2M)                    0.00       2.22 f
  data arrival time                                                  2.22

  clock UART_DOMAIN (rise edge)                         271.27     271.27
  clock network delay (ideal)                             0.00     271.27
  clock uncertainty                                      -0.20     271.07
  TX_CLK_DIV/count_reg[2]/CK (DFFRQX2M)                   0.00     271.07 r
  library setup time                                     -0.14     270.92
  data required time                                               270.92
  --------------------------------------------------------------------------
  data required time                                               270.92
  data arrival time                                                 -2.22
  --------------------------------------------------------------------------
  slack (MET)                                                      268.70


  Startpoint: TX_CLK_DIV/count_reg[2]
              (rising edge-triggered flip-flop clocked by UART_DOMAIN)
  Endpoint: TX_CLK_DIV/count_reg[1]
            (rising edge-triggered flip-flop clocked by UART_DOMAIN)
  Path Group: UART_DOMAIN
  Path Type: max

  Point                                                   Incr       Path
  --------------------------------------------------------------------------
  clock UART_DOMAIN (rise edge)                           0.00       0.00
  clock network delay (ideal)                             0.00       0.00
  TX_CLK_DIV/count_reg[2]/CK (DFFRQX2M)                   0.00       0.00 r
  TX_CLK_DIV/count_reg[2]/Q (DFFRQX2M)                    0.51       0.51 f
  TX_CLK_DIV/U35/Y (CLKXOR2X2M)                           0.23       0.74 f
  TX_CLK_DIV/U34/Y (NOR4X1M)                              0.26       1.00 r
  TX_CLK_DIV/U33/Y (NAND4X1M)                             0.20       1.20 f
  TX_CLK_DIV/U32/Y (MXI2X1M)                              0.18       1.38 r
  TX_CLK_DIV/U31/Y (CLKNAND2X2M)                          0.13       1.51 f
  TX_CLK_DIV/U25/Y (AND3X1M)                              0.30       1.81 f
  TX_CLK_DIV/U19/Y (AO22X1M)                              0.41       2.22 f
  TX_CLK_DIV/count_reg[1]/D (DFFRQX2M)                    0.00       2.22 f
  data arrival time                                                  2.22

  clock UART_DOMAIN (rise edge)                         271.27     271.27
  clock network delay (ideal)                             0.00     271.27
  clock uncertainty                                      -0.20     271.07
  TX_CLK_DIV/count_reg[1]/CK (DFFRQX2M)                   0.00     271.07 r
  library setup time                                     -0.14     270.92
  data required time                                               270.92
  --------------------------------------------------------------------------
  data required time                                               270.92
  data arrival time                                                 -2.22
  --------------------------------------------------------------------------
  slack (MET)                                                      268.70


  Startpoint: RX_CLK_DIV/count_reg[2]
              (rising edge-triggered flip-flop clocked by UART_DOMAIN)
  Endpoint: RX_CLK_DIV/div_clk_reg
            (rising edge-triggered flip-flop clocked by UART_DOMAIN)
  Path Group: UART_DOMAIN
  Path Type: max

  Point                                                   Incr       Path
  --------------------------------------------------------------------------
  clock UART_DOMAIN (rise edge)                           0.00       0.00
  clock network delay (ideal)                             0.00       0.00
  RX_CLK_DIV/count_reg[2]/CK (DFFRQX2M)                   0.00       0.00 r
  RX_CLK_DIV/count_reg[2]/Q (DFFRQX2M)                    0.51       0.51 f
  RX_CLK_DIV/U35/Y (CLKXOR2X2M)                           0.23       0.74 f
  RX_CLK_DIV/U34/Y (NOR4X1M)                              0.26       1.00 r
  RX_CLK_DIV/U33/Y (NAND4X1M)                             0.20       1.20 f
  RX_CLK_DIV/U32/Y (MXI2X1M)                              0.18       1.38 r
  RX_CLK_DIV/U31/Y (CLKNAND2X2M)                          0.13       1.51 f
  RX_CLK_DIV/U27/Y (AOI21X1M)                             0.15       1.67 r
  RX_CLK_DIV/U26/Y (CLKXOR2X2M)                           0.22       1.89 r
  RX_CLK_DIV/div_clk_reg/D (DFFRQX2M)                     0.00       1.89 r
  data arrival time                                                  1.89

  clock UART_DOMAIN (rise edge)                         271.27     271.27
  clock network delay (ideal)                             0.00     271.27
  clock uncertainty                                      -0.20     271.07
  RX_CLK_DIV/div_clk_reg/CK (DFFRQX2M)                    0.00     271.07 r
  library setup time                                     -0.28     270.79
  data required time                                               270.79
  --------------------------------------------------------------------------
  data required time                                               270.79
  data arrival time                                                 -1.89
  --------------------------------------------------------------------------
  slack (MET)                                                      268.90


  Startpoint: TX_CLK_DIV/count_reg[2]
              (rising edge-triggered flip-flop clocked by UART_DOMAIN)
  Endpoint: TX_CLK_DIV/div_clk_reg
            (rising edge-triggered flip-flop clocked by UART_DOMAIN)
  Path Group: UART_DOMAIN
  Path Type: max

  Point                                                   Incr       Path
  --------------------------------------------------------------------------
  clock UART_DOMAIN (rise edge)                           0.00       0.00
  clock network delay (ideal)                             0.00       0.00
  TX_CLK_DIV/count_reg[2]/CK (DFFRQX2M)                   0.00       0.00 r
  TX_CLK_DIV/count_reg[2]/Q (DFFRQX2M)                    0.51       0.51 f
  TX_CLK_DIV/U35/Y (CLKXOR2X2M)                           0.23       0.74 f
  TX_CLK_DIV/U34/Y (NOR4X1M)                              0.26       1.00 r
  TX_CLK_DIV/U33/Y (NAND4X1M)                             0.20       1.20 f
  TX_CLK_DIV/U32/Y (MXI2X1M)                              0.18       1.38 r
  TX_CLK_DIV/U31/Y (CLKNAND2X2M)                          0.13       1.51 f
  TX_CLK_DIV/U27/Y (AOI21X1M)                             0.15       1.67 r
  TX_CLK_DIV/U26/Y (CLKXOR2X2M)                           0.22       1.89 r
  TX_CLK_DIV/div_clk_reg/D (DFFRQX2M)                     0.00       1.89 r
  data arrival time                                                  1.89

  clock UART_DOMAIN (rise edge)                         271.27     271.27
  clock network delay (ideal)                             0.00     271.27
  clock uncertainty                                      -0.20     271.07
  TX_CLK_DIV/div_clk_reg/CK (DFFRQX2M)                    0.00     271.07 r
  library setup time                                     -0.28     270.79
  data required time                                               270.79
  --------------------------------------------------------------------------
  data required time                                               270.79
  data arrival time                                                 -1.89
  --------------------------------------------------------------------------
  slack (MET)                                                      268.90


  Startpoint: RX_CLK_DIV/count_reg[2]
              (rising edge-triggered flip-flop clocked by UART_DOMAIN)
  Endpoint: RX_CLK_DIV/odd_edge_tog_reg
            (rising edge-triggered flip-flop clocked by UART_DOMAIN)
  Path Group: UART_DOMAIN
  Path Type: max

  Point                                                   Incr       Path
  --------------------------------------------------------------------------
  clock UART_DOMAIN (rise edge)                           0.00       0.00
  clock network delay (ideal)                             0.00       0.00
  RX_CLK_DIV/count_reg[2]/CK (DFFRQX2M)                   0.00       0.00 r
  RX_CLK_DIV/count_reg[2]/Q (DFFRQX2M)                    0.51       0.51 f
  RX_CLK_DIV/U35/Y (CLKXOR2X2M)                           0.23       0.74 f
  RX_CLK_DIV/U34/Y (NOR4X1M)                              0.26       1.00 r
  RX_CLK_DIV/U33/Y (NAND4X1M)                             0.20       1.20 f
  RX_CLK_DIV/U32/Y (MXI2X1M)                              0.18       1.38 r
  RX_CLK_DIV/U31/Y (CLKNAND2X2M)                          0.13       1.51 f
  RX_CLK_DIV/U30/Y (OR2X1M)                               0.23       1.75 f
  RX_CLK_DIV/U29/Y (XNOR2X1M)                             0.17       1.92 f
  RX_CLK_DIV/odd_edge_tog_reg/D (DFFSQX2M)                0.00       1.92 f
  data arrival time                                                  1.92

  clock UART_DOMAIN (rise edge)                         271.27     271.27
  clock network delay (ideal)                             0.00     271.27
  clock uncertainty                                      -0.20     271.07
  RX_CLK_DIV/odd_edge_tog_reg/CK (DFFSQX2M)               0.00     271.07 r
  library setup time                                     -0.23     270.83
  data required time                                               270.83
  --------------------------------------------------------------------------
  data required time                                               270.83
  data arrival time                                                 -1.92
  --------------------------------------------------------------------------
  slack (MET)                                                      268.91


  Startpoint: TX_CLK_DIV/count_reg[2]
              (rising edge-triggered flip-flop clocked by UART_DOMAIN)
  Endpoint: TX_CLK_DIV/odd_edge_tog_reg
            (rising edge-triggered flip-flop clocked by UART_DOMAIN)
  Path Group: UART_DOMAIN
  Path Type: max

  Point                                                   Incr       Path
  --------------------------------------------------------------------------
  clock UART_DOMAIN (rise edge)                           0.00       0.00
  clock network delay (ideal)                             0.00       0.00
  TX_CLK_DIV/count_reg[2]/CK (DFFRQX2M)                   0.00       0.00 r
  TX_CLK_DIV/count_reg[2]/Q (DFFRQX2M)                    0.51       0.51 f
  TX_CLK_DIV/U35/Y (CLKXOR2X2M)                           0.23       0.74 f
  TX_CLK_DIV/U34/Y (NOR4X1M)                              0.26       1.00 r
  TX_CLK_DIV/U33/Y (NAND4X1M)                             0.20       1.20 f
  TX_CLK_DIV/U32/Y (MXI2X1M)                              0.18       1.38 r
  TX_CLK_DIV/U31/Y (CLKNAND2X2M)                          0.13       1.51 f
  TX_CLK_DIV/U30/Y (OR2X1M)                               0.23       1.75 f
  TX_CLK_DIV/U29/Y (XNOR2X1M)                             0.17       1.92 f
  TX_CLK_DIV/odd_edge_tog_reg/D (DFFSQX2M)                0.00       1.92 f
  data arrival time                                                  1.92

  clock UART_DOMAIN (rise edge)                         271.27     271.27
  clock network delay (ideal)                             0.00     271.27
  clock uncertainty                                      -0.20     271.07
  TX_CLK_DIV/odd_edge_tog_reg/CK (DFFSQX2M)               0.00     271.07 r
  library setup time                                     -0.23     270.83
  data required time                                               270.83
  --------------------------------------------------------------------------
  data required time                                               270.83
  data arrival time                                                 -1.92
  --------------------------------------------------------------------------
  slack (MET)                                                      268.91


  Startpoint: D2/chain_reg[0]/CK
              (internal path startpoint clocked by UART_DOMAIN)
  Endpoint: D2/SYNC_RST_reg
            (rising edge-triggered flip-flop clocked by UART_DOMAIN)
  Path Group: UART_DOMAIN
  Path Type: max

  Point                                    Incr       Path
  -----------------------------------------------------------
  clock UART_DOMAIN (rise edge)            0.00       0.00
  clock network delay (ideal)              0.00       0.00
  input external delay                     0.00       0.00 r
  D2/chain_reg[0]/CK (DFFRQX2M)            0.00       0.00 r
  D2/chain_reg[0]/Q (DFFRQX2M)             0.37       0.37 r
  D2/SYNC_RST_reg/D (DFFRQX2M)             0.00       0.37 r
  data arrival time                                   0.37

  clock UART_DOMAIN (rise edge)          271.27     271.27
  clock network delay (ideal)              0.00     271.27
  clock uncertainty                       -0.20     271.07
  D2/SYNC_RST_reg/CK (DFFRQX2M)            0.00     271.07 r
  library setup time                      -0.28     270.79
  data required time                                270.79
  -----------------------------------------------------------
  data required time                                270.79
  data arrival time                                  -0.37
  -----------------------------------------------------------
  slack (MET)                                       270.41


1
