 
****************************************
Report : timing
        -path full
        -delay min
        -max_paths 20
Design : SYS_TOP_dft
Version: K-2015.06
Date   : Wed Oct 23 22:05:44 2024
****************************************

Operating Conditions: scmetro_tsmc_cl013g_rvt_ff_1p32v_m40c   Library: scmetro_tsmc_cl013g_rvt_ff_1p32v_m40c
Wire Load Model Mode: top

  Startpoint: ALU/ALU_OUT_reg[6]
              (rising edge-triggered flip-flop clocked by Gated_Clock)
  Endpoint: ALU/ALU_OUT_reg[7]
            (rising edge-triggered flip-flop clocked by Gated_Clock)
  Path Group: Gated_Clock
  Path Type: min

  Point                                    Incr       Path
  -----------------------------------------------------------
  clock Gated_Clock (rise edge)            0.00       0.00
  clock network delay (ideal)              0.00       0.00
  ALU/ALU_OUT_reg[6]/CK (SDFFRQX2M)        0.00       0.00 r
  ALU/ALU_OUT_reg[6]/Q (SDFFRQX2M)         0.37       0.37 r
  ALU/ALU_OUT_reg[7]/SI (SDFFRQX2M)        0.00       0.37 r
  data arrival time                                   0.37

  clock Gated_Clock (rise edge)            0.00       0.00
  clock network delay (ideal)              0.00       0.00
  clock uncertainty                        0.10       0.10
  ALU/ALU_OUT_reg[7]/CK (SDFFRQX2M)        0.00       0.10 r
  library hold time                       -0.17      -0.07
  data required time                                 -0.07
  -----------------------------------------------------------
  data required time                                 -0.07
  data arrival time                                  -0.37
  -----------------------------------------------------------
  slack (MET)                                         0.44


  Startpoint: ALU/ALU_OUT_reg[5]
              (rising edge-triggered flip-flop clocked by Gated_Clock)
  Endpoint: ALU/ALU_OUT_reg[6]
            (rising edge-triggered flip-flop clocked by Gated_Clock)
  Path Group: Gated_Clock
  Path Type: min

  Point                                    Incr       Path
  -----------------------------------------------------------
  clock Gated_Clock (rise edge)            0.00       0.00
  clock network delay (ideal)              0.00       0.00
  ALU/ALU_OUT_reg[5]/CK (SDFFRQX2M)        0.00       0.00 r
  ALU/ALU_OUT_reg[5]/Q (SDFFRQX2M)         0.37       0.37 r
  ALU/ALU_OUT_reg[6]/SI (SDFFRQX2M)        0.00       0.37 r
  data arrival time                                   0.37

  clock Gated_Clock (rise edge)            0.00       0.00
  clock network delay (ideal)              0.00       0.00
  clock uncertainty                        0.10       0.10
  ALU/ALU_OUT_reg[6]/CK (SDFFRQX2M)        0.00       0.10 r
  library hold time                       -0.17      -0.07
  data required time                                 -0.07
  -----------------------------------------------------------
  data required time                                 -0.07
  data arrival time                                  -0.37
  -----------------------------------------------------------
  slack (MET)                                         0.44


  Startpoint: ALU/ALU_OUT_reg[4]
              (rising edge-triggered flip-flop clocked by Gated_Clock)
  Endpoint: ALU/ALU_OUT_reg[5]
            (rising edge-triggered flip-flop clocked by Gated_Clock)
  Path Group: Gated_Clock
  Path Type: min

  Point                                    Incr       Path
  -----------------------------------------------------------
  clock Gated_Clock (rise edge)            0.00       0.00
  clock network delay (ideal)              0.00       0.00
  ALU/ALU_OUT_reg[4]/CK (SDFFRQX2M)        0.00       0.00 r
  ALU/ALU_OUT_reg[4]/Q (SDFFRQX2M)         0.37       0.37 r
  ALU/ALU_OUT_reg[5]/SI (SDFFRQX2M)        0.00       0.37 r
  data arrival time                                   0.37

  clock Gated_Clock (rise edge)            0.00       0.00
  clock network delay (ideal)              0.00       0.00
  clock uncertainty                        0.10       0.10
  ALU/ALU_OUT_reg[5]/CK (SDFFRQX2M)        0.00       0.10 r
  library hold time                       -0.17      -0.07
  data required time                                 -0.07
  -----------------------------------------------------------
  data required time                                 -0.07
  data arrival time                                  -0.37
  -----------------------------------------------------------
  slack (MET)                                         0.44


  Startpoint: ALU/ALU_OUT_reg[3]
              (rising edge-triggered flip-flop clocked by Gated_Clock)
  Endpoint: ALU/ALU_OUT_reg[4]
            (rising edge-triggered flip-flop clocked by Gated_Clock)
  Path Group: Gated_Clock
  Path Type: min

  Point                                    Incr       Path
  -----------------------------------------------------------
  clock Gated_Clock (rise edge)            0.00       0.00
  clock network delay (ideal)              0.00       0.00
  ALU/ALU_OUT_reg[3]/CK (SDFFRQX2M)        0.00       0.00 r
  ALU/ALU_OUT_reg[3]/Q (SDFFRQX2M)         0.37       0.37 r
  ALU/ALU_OUT_reg[4]/SI (SDFFRQX2M)        0.00       0.37 r
  data arrival time                                   0.37

  clock Gated_Clock (rise edge)            0.00       0.00
  clock network delay (ideal)              0.00       0.00
  clock uncertainty                        0.10       0.10
  ALU/ALU_OUT_reg[4]/CK (SDFFRQX2M)        0.00       0.10 r
  library hold time                       -0.17      -0.07
  data required time                                 -0.07
  -----------------------------------------------------------
  data required time                                 -0.07
  data arrival time                                  -0.37
  -----------------------------------------------------------
  slack (MET)                                         0.44


  Startpoint: ALU/ALU_OUT_reg[2]
              (rising edge-triggered flip-flop clocked by Gated_Clock)
  Endpoint: ALU/ALU_OUT_reg[3]
            (rising edge-triggered flip-flop clocked by Gated_Clock)
  Path Group: Gated_Clock
  Path Type: min

  Point                                    Incr       Path
  -----------------------------------------------------------
  clock Gated_Clock (rise edge)            0.00       0.00
  clock network delay (ideal)              0.00       0.00
  ALU/ALU_OUT_reg[2]/CK (SDFFRQX2M)        0.00       0.00 r
  ALU/ALU_OUT_reg[2]/Q (SDFFRQX2M)         0.37       0.37 r
  ALU/ALU_OUT_reg[3]/SI (SDFFRQX2M)        0.00       0.37 r
  data arrival time                                   0.37

  clock Gated_Clock (rise edge)            0.00       0.00
  clock network delay (ideal)              0.00       0.00
  clock uncertainty                        0.10       0.10
  ALU/ALU_OUT_reg[3]/CK (SDFFRQX2M)        0.00       0.10 r
  library hold time                       -0.17      -0.07
  data required time                                 -0.07
  -----------------------------------------------------------
  data required time                                 -0.07
  data arrival time                                  -0.37
  -----------------------------------------------------------
  slack (MET)                                         0.44


  Startpoint: ALU/ALU_OUT_reg[1]
              (rising edge-triggered flip-flop clocked by Gated_Clock)
  Endpoint: ALU/ALU_OUT_reg[2]
            (rising edge-triggered flip-flop clocked by Gated_Clock)
  Path Group: Gated_Clock
  Path Type: min

  Point                                    Incr       Path
  -----------------------------------------------------------
  clock Gated_Clock (rise edge)            0.00       0.00
  clock network delay (ideal)              0.00       0.00
  ALU/ALU_OUT_reg[1]/CK (SDFFRQX2M)        0.00       0.00 r
  ALU/ALU_OUT_reg[1]/Q (SDFFRQX2M)         0.37       0.37 r
  ALU/ALU_OUT_reg[2]/SI (SDFFRQX2M)        0.00       0.37 r
  data arrival time                                   0.37

  clock Gated_Clock (rise edge)            0.00       0.00
  clock network delay (ideal)              0.00       0.00
  clock uncertainty                        0.10       0.10
  ALU/ALU_OUT_reg[2]/CK (SDFFRQX2M)        0.00       0.10 r
  library hold time                       -0.17      -0.07
  data required time                                 -0.07
  -----------------------------------------------------------
  data required time                                 -0.07
  data arrival time                                  -0.37
  -----------------------------------------------------------
  slack (MET)                                         0.44


  Startpoint: ALU/ALU_OUT_reg[0]
              (rising edge-triggered flip-flop clocked by Gated_Clock)
  Endpoint: ALU/ALU_OUT_reg[1]
            (rising edge-triggered flip-flop clocked by Gated_Clock)
  Path Group: Gated_Clock
  Path Type: min

  Point                                    Incr       Path
  -----------------------------------------------------------
  clock Gated_Clock (rise edge)            0.00       0.00
  clock network delay (ideal)              0.00       0.00
  ALU/ALU_OUT_reg[0]/CK (SDFFRQX2M)        0.00       0.00 r
  ALU/ALU_OUT_reg[0]/Q (SDFFRQX2M)         0.37       0.37 r
  ALU/ALU_OUT_reg[1]/SI (SDFFRQX2M)        0.00       0.37 r
  data arrival time                                   0.37

  clock Gated_Clock (rise edge)            0.00       0.00
  clock network delay (ideal)              0.00       0.00
  clock uncertainty                        0.10       0.10
  ALU/ALU_OUT_reg[1]/CK (SDFFRQX2M)        0.00       0.10 r
  library hold time                       -0.17      -0.07
  data required time                                 -0.07
  -----------------------------------------------------------
  data required time                                 -0.07
  data arrival time                                  -0.37
  -----------------------------------------------------------
  slack (MET)                                         0.44


  Startpoint: ALU/ALU_OUT_reg[7]
              (rising edge-triggered flip-flop clocked by Gated_Clock)
  Endpoint: ALU/ALU_OUT_reg[8]
            (rising edge-triggered flip-flop clocked by Gated_Clock)
  Path Group: Gated_Clock
  Path Type: min

  Point                                    Incr       Path
  -----------------------------------------------------------
  clock Gated_Clock (rise edge)            0.00       0.00
  clock network delay (ideal)              0.00       0.00
  ALU/ALU_OUT_reg[7]/CK (SDFFRQX2M)        0.00       0.00 r
  ALU/ALU_OUT_reg[7]/Q (SDFFRQX2M)         0.37       0.37 r
  ALU/ALU_OUT_reg[8]/SI (SDFFRQX2M)        0.00       0.37 r
  data arrival time                                   0.37

  clock Gated_Clock (rise edge)            0.00       0.00
  clock network delay (ideal)              0.00       0.00
  clock uncertainty                        0.10       0.10
  ALU/ALU_OUT_reg[8]/CK (SDFFRQX2M)        0.00       0.10 r
  library hold time                       -0.17      -0.07
  data required time                                 -0.07
  -----------------------------------------------------------
  data required time                                 -0.07
  data arrival time                                  -0.37
  -----------------------------------------------------------
  slack (MET)                                         0.44


  Startpoint: ALU/ALU_OUT_reg[14]
              (rising edge-triggered flip-flop clocked by Gated_Clock)
  Endpoint: ALU/ALU_OUT_reg[15]
            (rising edge-triggered flip-flop clocked by Gated_Clock)
  Path Group: Gated_Clock
  Path Type: min

  Point                                    Incr       Path
  -----------------------------------------------------------
  clock Gated_Clock (rise edge)            0.00       0.00
  clock network delay (ideal)              0.00       0.00
  ALU/ALU_OUT_reg[14]/CK (SDFFRQX2M)       0.00       0.00 r
  ALU/ALU_OUT_reg[14]/Q (SDFFRQX2M)        0.37       0.37 r
  ALU/ALU_OUT_reg[15]/SI (SDFFRQX2M)       0.00       0.37 r
  data arrival time                                   0.37

  clock Gated_Clock (rise edge)            0.00       0.00
  clock network delay (ideal)              0.00       0.00
  clock uncertainty                        0.10       0.10
  ALU/ALU_OUT_reg[15]/CK (SDFFRQX2M)       0.00       0.10 r
  library hold time                       -0.17      -0.07
  data required time                                 -0.07
  -----------------------------------------------------------
  data required time                                 -0.07
  data arrival time                                  -0.37
  -----------------------------------------------------------
  slack (MET)                                         0.45


  Startpoint: ALU/ALU_OUT_reg[13]
              (rising edge-triggered flip-flop clocked by Gated_Clock)
  Endpoint: ALU/ALU_OUT_reg[14]
            (rising edge-triggered flip-flop clocked by Gated_Clock)
  Path Group: Gated_Clock
  Path Type: min

  Point                                    Incr       Path
  -----------------------------------------------------------
  clock Gated_Clock (rise edge)            0.00       0.00
  clock network delay (ideal)              0.00       0.00
  ALU/ALU_OUT_reg[13]/CK (SDFFRQX2M)       0.00       0.00 r
  ALU/ALU_OUT_reg[13]/Q (SDFFRQX2M)        0.37       0.37 r
  ALU/ALU_OUT_reg[14]/SI (SDFFRQX2M)       0.00       0.37 r
  data arrival time                                   0.37

  clock Gated_Clock (rise edge)            0.00       0.00
  clock network delay (ideal)              0.00       0.00
  clock uncertainty                        0.10       0.10
  ALU/ALU_OUT_reg[14]/CK (SDFFRQX2M)       0.00       0.10 r
  library hold time                       -0.17      -0.07
  data required time                                 -0.07
  -----------------------------------------------------------
  data required time                                 -0.07
  data arrival time                                  -0.37
  -----------------------------------------------------------
  slack (MET)                                         0.45


  Startpoint: ALU/ALU_OUT_reg[12]
              (rising edge-triggered flip-flop clocked by Gated_Clock)
  Endpoint: ALU/ALU_OUT_reg[13]
            (rising edge-triggered flip-flop clocked by Gated_Clock)
  Path Group: Gated_Clock
  Path Type: min

  Point                                    Incr       Path
  -----------------------------------------------------------
  clock Gated_Clock (rise edge)            0.00       0.00
  clock network delay (ideal)              0.00       0.00
  ALU/ALU_OUT_reg[12]/CK (SDFFRQX2M)       0.00       0.00 r
  ALU/ALU_OUT_reg[12]/Q (SDFFRQX2M)        0.37       0.37 r
  ALU/ALU_OUT_reg[13]/SI (SDFFRQX2M)       0.00       0.37 r
  data arrival time                                   0.37

  clock Gated_Clock (rise edge)            0.00       0.00
  clock network delay (ideal)              0.00       0.00
  clock uncertainty                        0.10       0.10
  ALU/ALU_OUT_reg[13]/CK (SDFFRQX2M)       0.00       0.10 r
  library hold time                       -0.17      -0.07
  data required time                                 -0.07
  -----------------------------------------------------------
  data required time                                 -0.07
  data arrival time                                  -0.37
  -----------------------------------------------------------
  slack (MET)                                         0.45


  Startpoint: ALU/ALU_OUT_reg[11]
              (rising edge-triggered flip-flop clocked by Gated_Clock)
  Endpoint: ALU/ALU_OUT_reg[12]
            (rising edge-triggered flip-flop clocked by Gated_Clock)
  Path Group: Gated_Clock
  Path Type: min

  Point                                    Incr       Path
  -----------------------------------------------------------
  clock Gated_Clock (rise edge)            0.00       0.00
  clock network delay (ideal)              0.00       0.00
  ALU/ALU_OUT_reg[11]/CK (SDFFRQX2M)       0.00       0.00 r
  ALU/ALU_OUT_reg[11]/Q (SDFFRQX2M)        0.37       0.37 r
  ALU/ALU_OUT_reg[12]/SI (SDFFRQX2M)       0.00       0.37 r
  data arrival time                                   0.37

  clock Gated_Clock (rise edge)            0.00       0.00
  clock network delay (ideal)              0.00       0.00
  clock uncertainty                        0.10       0.10
  ALU/ALU_OUT_reg[12]/CK (SDFFRQX2M)       0.00       0.10 r
  library hold time                       -0.17      -0.07
  data required time                                 -0.07
  -----------------------------------------------------------
  data required time                                 -0.07
  data arrival time                                  -0.37
  -----------------------------------------------------------
  slack (MET)                                         0.45


  Startpoint: ALU/ALU_OUT_reg[10]
              (rising edge-triggered flip-flop clocked by Gated_Clock)
  Endpoint: ALU/ALU_OUT_reg[11]
            (rising edge-triggered flip-flop clocked by Gated_Clock)
  Path Group: Gated_Clock
  Path Type: min

  Point                                    Incr       Path
  -----------------------------------------------------------
  clock Gated_Clock (rise edge)            0.00       0.00
  clock network delay (ideal)              0.00       0.00
  ALU/ALU_OUT_reg[10]/CK (SDFFRQX2M)       0.00       0.00 r
  ALU/ALU_OUT_reg[10]/Q (SDFFRQX2M)        0.37       0.37 r
  ALU/ALU_OUT_reg[11]/SI (SDFFRQX2M)       0.00       0.37 r
  data arrival time                                   0.37

  clock Gated_Clock (rise edge)            0.00       0.00
  clock network delay (ideal)              0.00       0.00
  clock uncertainty                        0.10       0.10
  ALU/ALU_OUT_reg[11]/CK (SDFFRQX2M)       0.00       0.10 r
  library hold time                       -0.17      -0.07
  data required time                                 -0.07
  -----------------------------------------------------------
  data required time                                 -0.07
  data arrival time                                  -0.37
  -----------------------------------------------------------
  slack (MET)                                         0.45


  Startpoint: ALU/ALU_OUT_reg[9]
              (rising edge-triggered flip-flop clocked by Gated_Clock)
  Endpoint: ALU/ALU_OUT_reg[10]
            (rising edge-triggered flip-flop clocked by Gated_Clock)
  Path Group: Gated_Clock
  Path Type: min

  Point                                    Incr       Path
  -----------------------------------------------------------
  clock Gated_Clock (rise edge)            0.00       0.00
  clock network delay (ideal)              0.00       0.00
  ALU/ALU_OUT_reg[9]/CK (SDFFRQX2M)        0.00       0.00 r
  ALU/ALU_OUT_reg[9]/Q (SDFFRQX2M)         0.37       0.37 r
  ALU/ALU_OUT_reg[10]/SI (SDFFRQX2M)       0.00       0.37 r
  data arrival time                                   0.37

  clock Gated_Clock (rise edge)            0.00       0.00
  clock network delay (ideal)              0.00       0.00
  clock uncertainty                        0.10       0.10
  ALU/ALU_OUT_reg[10]/CK (SDFFRQX2M)       0.00       0.10 r
  library hold time                       -0.17      -0.07
  data required time                                 -0.07
  -----------------------------------------------------------
  data required time                                 -0.07
  data arrival time                                  -0.37
  -----------------------------------------------------------
  slack (MET)                                         0.45


  Startpoint: ALU/ALU_OUT_reg[8]
              (rising edge-triggered flip-flop clocked by Gated_Clock)
  Endpoint: ALU/ALU_OUT_reg[9]
            (rising edge-triggered flip-flop clocked by Gated_Clock)
  Path Group: Gated_Clock
  Path Type: min

  Point                                    Incr       Path
  -----------------------------------------------------------
  clock Gated_Clock (rise edge)            0.00       0.00
  clock network delay (ideal)              0.00       0.00
  ALU/ALU_OUT_reg[8]/CK (SDFFRQX2M)        0.00       0.00 r
  ALU/ALU_OUT_reg[8]/Q (SDFFRQX2M)         0.37       0.37 r
  ALU/ALU_OUT_reg[9]/SI (SDFFRQX2M)        0.00       0.37 r
  data arrival time                                   0.37

  clock Gated_Clock (rise edge)            0.00       0.00
  clock network delay (ideal)              0.00       0.00
  clock uncertainty                        0.10       0.10
  ALU/ALU_OUT_reg[9]/CK (SDFFRQX2M)        0.00       0.10 r
  library hold time                       -0.17      -0.07
  data required time                                 -0.07
  -----------------------------------------------------------
  data required time                                 -0.07
  data arrival time                                  -0.37
  -----------------------------------------------------------
  slack (MET)                                         0.45


  Startpoint: ALU/ALU_OUT_reg[15]
              (rising edge-triggered flip-flop clocked by Gated_Clock)
  Endpoint: ALU/OUT_VALID_reg
            (rising edge-triggered flip-flop clocked by Gated_Clock)
  Path Group: Gated_Clock
  Path Type: min

  Point                                    Incr       Path
  -----------------------------------------------------------
  clock Gated_Clock (rise edge)            0.00       0.00
  clock network delay (ideal)              0.00       0.00
  ALU/ALU_OUT_reg[15]/CK (SDFFRQX2M)       0.00       0.00 r
  ALU/ALU_OUT_reg[15]/Q (SDFFRQX2M)        0.37       0.37 r
  ALU/OUT_VALID_reg/SI (SDFFRQX1M)         0.00       0.37 r
  data arrival time                                   0.37

  clock Gated_Clock (rise edge)            0.00       0.00
  clock network delay (ideal)              0.00       0.00
  clock uncertainty                        0.10       0.10
  ALU/OUT_VALID_reg/CK (SDFFRQX1M)         0.00       0.10 r
  library hold time                       -0.19      -0.09
  data required time                                 -0.09
  -----------------------------------------------------------
  data required time                                 -0.09
  data arrival time                                  -0.37
  -----------------------------------------------------------
  slack (MET)                                         0.46


  Startpoint: REG_FILE/Reg_File_reg[1][7]
              (rising edge-triggered flip-flop clocked by REF_DOMAIN)
  Endpoint: ALU/ALU_OUT_reg[7]
            (rising edge-triggered flip-flop clocked by Gated_Clock)
  Path Group: Gated_Clock
  Path Type: min

  Point                                                   Incr       Path
  --------------------------------------------------------------------------
  clock REF_DOMAIN (rise edge)                            0.00       0.00
  clock network delay (ideal)                             0.00       0.00
  REG_FILE/Reg_File_reg[1][7]/CK (SDFFRQX2M)              0.00       0.00 r
  REG_FILE/Reg_File_reg[1][7]/Q (SDFFRQX2M)               0.53       0.53 r
  REG_FILE/REG1[7] (RAM_test_1)                           0.00       0.53 r
  ALU/B[7] (ALU_16_bit_OPERAND_WIDTH8_OPCODE_WIDTH4_RESULT_WIDTH16_test_1)
                                                          0.00       0.53 r
  ALU/U145/Y (AOI222X1M)                                  0.14       0.67 f
  ALU/U143/Y (AOI31X2M)                                   0.15       0.82 r
  ALU/ALU_OUT_reg[7]/D (SDFFRQX2M)                        0.00       0.82 r
  data arrival time                                                  0.82

  clock Gated_Clock (rise edge)                           0.00       0.00
  clock network delay (ideal)                             0.00       0.00
  clock uncertainty                                       0.10       0.10
  ALU/ALU_OUT_reg[7]/CK (SDFFRQX2M)                       0.00       0.10 r
  library hold time                                      -0.16      -0.06
  data required time                                                -0.06
  --------------------------------------------------------------------------
  data required time                                                -0.06
  data arrival time                                                 -0.82
  --------------------------------------------------------------------------
  slack (MET)                                                        0.88


  Startpoint: DATA_SYNC/sync_bus_reg[4]
              (rising edge-triggered flip-flop clocked by REF_DOMAIN)
  Endpoint: ALU/OUT_VALID_reg
            (rising edge-triggered flip-flop clocked by Gated_Clock)
  Path Group: Gated_Clock
  Path Type: min

  Point                                                   Incr       Path
  --------------------------------------------------------------------------
  clock REF_DOMAIN (rise edge)                            0.00       0.00
  clock network delay (ideal)                             0.00       0.00
  DATA_SYNC/sync_bus_reg[4]/CK (SDFFRQX2M)                0.00       0.00 r
  DATA_SYNC/sync_bus_reg[4]/Q (SDFFRQX2M)                 0.47       0.47 f
  DATA_SYNC/sync_bus[4] (Data_Sync_NUM_STAGES2_BUS_WIDTH8_test_1)
                                                          0.00       0.47 f
  CTRL_UNIT/RX_P_DATA[4] (SYS_CTRL_test_1)                0.00       0.47 f
  CTRL_UNIT/U101/Y (INVX2M)                               0.12       0.59 r
  CTRL_UNIT/U14/Y (NOR2X2M)                               0.12       0.71 f
  CTRL_UNIT/ALU_FUN[0] (SYS_CTRL_test_1)                  0.00       0.71 f
  ALU/ALU_FUN[0] (ALU_16_bit_OPERAND_WIDTH8_OPCODE_WIDTH4_RESULT_WIDTH16_test_1)
                                                          0.00       0.71 f
  ALU/U55/Y (AOI21X2M)                                    0.14       0.85 r
  ALU/OUT_VALID_reg/D (SDFFRQX1M)                         0.00       0.85 r
  data arrival time                                                  0.85

  clock Gated_Clock (rise edge)                           0.00       0.00
  clock network delay (ideal)                             0.00       0.00
  clock uncertainty                                       0.10       0.10
  ALU/OUT_VALID_reg/CK (SDFFRQX1M)                        0.00       0.10 r
  library hold time                                      -0.18      -0.08
  data required time                                                -0.08
  --------------------------------------------------------------------------
  data required time                                                -0.08
  data arrival time                                                 -0.85
  --------------------------------------------------------------------------
  slack (MET)                                                        0.93


  Startpoint: REG_FILE/Reg_File_reg[1][0]
              (rising edge-triggered flip-flop clocked by REF_DOMAIN)
  Endpoint: ALU/ALU_OUT_reg[0]
            (rising edge-triggered flip-flop clocked by Gated_Clock)
  Path Group: Gated_Clock
  Path Type: min

  Point                                                   Incr       Path
  --------------------------------------------------------------------------
  clock REF_DOMAIN (rise edge)                            0.00       0.00
  clock network delay (ideal)                             0.00       0.00
  REG_FILE/Reg_File_reg[1][0]/CK (SDFFRQX2M)              0.00       0.00 r
  REG_FILE/Reg_File_reg[1][0]/Q (SDFFRQX2M)               0.52       0.52 r
  REG_FILE/REG1[0] (RAM_test_1)                           0.00       0.52 r
  ALU/B[0] (ALU_16_bit_OPERAND_WIDTH8_OPCODE_WIDTH4_RESULT_WIDTH16_test_1)
                                                          0.00       0.52 r
  ALU/sub_10/B[0] (ALU_16_bit_OPERAND_WIDTH8_OPCODE_WIDTH4_RESULT_WIDTH16_DW01_sub_0)
                                                          0.00       0.52 r
  ALU/sub_10/U2/Y (INVX2M)                                0.07       0.59 f
  ALU/sub_10/U1/Y (XNOR2X2M)                              0.08       0.67 r
  ALU/sub_10/DIFF[0] (ALU_16_bit_OPERAND_WIDTH8_OPCODE_WIDTH4_RESULT_WIDTH16_DW01_sub_0)
                                                          0.00       0.67 r
  ALU/U60/Y (AOI22X1M)                                    0.09       0.76 f
  ALU/U59/Y (AOI31X2M)                                    0.12       0.88 r
  ALU/ALU_OUT_reg[0]/D (SDFFRQX2M)                        0.00       0.88 r
  data arrival time                                                  0.88

  clock Gated_Clock (rise edge)                           0.00       0.00
  clock network delay (ideal)                             0.00       0.00
  clock uncertainty                                       0.10       0.10
  ALU/ALU_OUT_reg[0]/CK (SDFFRQX2M)                       0.00       0.10 r
  library hold time                                      -0.16      -0.06
  data required time                                                -0.06
  --------------------------------------------------------------------------
  data required time                                                -0.06
  data arrival time                                                 -0.88
  --------------------------------------------------------------------------
  slack (MET)                                                        0.94


  Startpoint: REG_FILE/Reg_File_reg[0][7]
              (rising edge-triggered flip-flop clocked by REF_DOMAIN)
  Endpoint: ALU/ALU_OUT_reg[8]
            (rising edge-triggered flip-flop clocked by Gated_Clock)
  Path Group: Gated_Clock
  Path Type: min

  Point                                                   Incr       Path
  --------------------------------------------------------------------------
  clock REF_DOMAIN (rise edge)                            0.00       0.00
  clock network delay (ideal)                             0.00       0.00
  REG_FILE/Reg_File_reg[0][7]/CK (SDFFRQX2M)              0.00       0.00 r
  REG_FILE/Reg_File_reg[0][7]/Q (SDFFRQX2M)               0.40       0.40 r
  REG_FILE/REG0[7] (RAM_test_1)                           0.00       0.40 r
  ALU/A[7] (ALU_16_bit_OPERAND_WIDTH8_OPCODE_WIDTH4_RESULT_WIDTH16_test_1)
                                                          0.00       0.40 r
  ALU/U135/Y (BUFX2M)                                     0.25       0.65 r
  ALU/U111/Y (AOI22X1M)                                   0.13       0.78 f
  ALU/U109/Y (AOI31X2M)                                   0.16       0.94 r
  ALU/ALU_OUT_reg[8]/D (SDFFRQX2M)                        0.00       0.94 r
  data arrival time                                                  0.94

  clock Gated_Clock (rise edge)                           0.00       0.00
  clock network delay (ideal)                             0.00       0.00
  clock uncertainty                                       0.10       0.10
  ALU/ALU_OUT_reg[8]/CK (SDFFRQX2M)                       0.00       0.10 r
  library hold time                                      -0.16      -0.06
  data required time                                                -0.06
  --------------------------------------------------------------------------
  data required time                                                -0.06
  data arrival time                                                 -0.94
  --------------------------------------------------------------------------
  slack (MET)                                                        1.00


  Startpoint: D1/chain_reg[0]
              (rising edge-triggered flip-flop clocked by REF_DOMAIN)
  Endpoint: D1/SYNC_RST_reg
            (rising edge-triggered flip-flop clocked by REF_DOMAIN)
  Path Group: REF_DOMAIN
  Path Type: min

  Point                                    Incr       Path
  -----------------------------------------------------------
  clock REF_DOMAIN (rise edge)             0.00       0.00
  clock network delay (ideal)              0.00       0.00
  D1/chain_reg[0]/CK (SDFFRQX2M)           0.00       0.00 r
  D1/chain_reg[0]/Q (SDFFRQX2M)            0.37       0.37 r
  D1/SYNC_RST_reg/D (SDFFRQX2M)            0.00       0.37 r
  data arrival time                                   0.37

  clock REF_DOMAIN (rise edge)             0.00       0.00
  clock network delay (ideal)              0.00       0.00
  clock uncertainty                        0.10       0.10
  D1/SYNC_RST_reg/CK (SDFFRQX2M)           0.00       0.10 r
  library hold time                       -0.16      -0.06
  data required time                                 -0.06
  -----------------------------------------------------------
  data required time                                 -0.06
  data arrival time                                  -0.37
  -----------------------------------------------------------
  slack (MET)                                         0.42


  Startpoint: FIFO/Data_Sync_Write_Block/stage_one_reg[1]
              (rising edge-triggered flip-flop clocked by REF_DOMAIN)
  Endpoint: FIFO/Data_Sync_Write_Block/out_reg[1]
            (rising edge-triggered flip-flop clocked by REF_DOMAIN)
  Path Group: REF_DOMAIN
  Path Type: min

  Point                                                   Incr       Path
  --------------------------------------------------------------------------
  clock REF_DOMAIN (rise edge)                            0.00       0.00
  clock network delay (ideal)                             0.00       0.00
  FIFO/Data_Sync_Write_Block/stage_one_reg[1]/CK (SDFFRQX2M)
                                                          0.00       0.00 r
  FIFO/Data_Sync_Write_Block/stage_one_reg[1]/Q (SDFFRQX2M)
                                                          0.37       0.37 r
  FIFO/Data_Sync_Write_Block/out_reg[1]/D (SDFFRQX2M)     0.00       0.37 r
  data arrival time                                                  0.37

  clock REF_DOMAIN (rise edge)                            0.00       0.00
  clock network delay (ideal)                             0.00       0.00
  clock uncertainty                                       0.10       0.10
  FIFO/Data_Sync_Write_Block/out_reg[1]/CK (SDFFRQX2M)
                                                          0.00       0.10 r
  library hold time                                      -0.16      -0.06
  data required time                                                -0.06
  --------------------------------------------------------------------------
  data required time                                                -0.06
  data arrival time                                                 -0.37
  --------------------------------------------------------------------------
  slack (MET)                                                        0.42


  Startpoint: FIFO/Data_Sync_Write_Block/stage_one_reg[0]
              (rising edge-triggered flip-flop clocked by REF_DOMAIN)
  Endpoint: FIFO/Data_Sync_Write_Block/out_reg[0]
            (rising edge-triggered flip-flop clocked by REF_DOMAIN)
  Path Group: REF_DOMAIN
  Path Type: min

  Point                                                   Incr       Path
  --------------------------------------------------------------------------
  clock REF_DOMAIN (rise edge)                            0.00       0.00
  clock network delay (ideal)                             0.00       0.00
  FIFO/Data_Sync_Write_Block/stage_one_reg[0]/CK (SDFFRQX2M)
                                                          0.00       0.00 r
  FIFO/Data_Sync_Write_Block/stage_one_reg[0]/Q (SDFFRQX2M)
                                                          0.37       0.37 r
  FIFO/Data_Sync_Write_Block/out_reg[0]/D (SDFFRQX2M)     0.00       0.37 r
  data arrival time                                                  0.37

  clock REF_DOMAIN (rise edge)                            0.00       0.00
  clock network delay (ideal)                             0.00       0.00
  clock uncertainty                                       0.10       0.10
  FIFO/Data_Sync_Write_Block/out_reg[0]/CK (SDFFRQX2M)
                                                          0.00       0.10 r
  library hold time                                      -0.16      -0.06
  data required time                                                -0.06
  --------------------------------------------------------------------------
  data required time                                                -0.06
  data arrival time                                                 -0.37
  --------------------------------------------------------------------------
  slack (MET)                                                        0.42


  Startpoint: DATA_SYNC/chain_reg[0]
              (rising edge-triggered flip-flop clocked by REF_DOMAIN)
  Endpoint: DATA_SYNC/chain_reg[1]
            (rising edge-triggered flip-flop clocked by REF_DOMAIN)
  Path Group: REF_DOMAIN
  Path Type: min

  Point                                                   Incr       Path
  --------------------------------------------------------------------------
  clock REF_DOMAIN (rise edge)                            0.00       0.00
  clock network delay (ideal)                             0.00       0.00
  DATA_SYNC/chain_reg[0]/CK (SDFFRQX2M)                   0.00       0.00 r
  DATA_SYNC/chain_reg[0]/Q (SDFFRQX2M)                    0.37       0.37 r
  DATA_SYNC/chain_reg[1]/D (SDFFRQX2M)                    0.00       0.37 r
  data arrival time                                                  0.37

  clock REF_DOMAIN (rise edge)                            0.00       0.00
  clock network delay (ideal)                             0.00       0.00
  clock uncertainty                                       0.10       0.10
  DATA_SYNC/chain_reg[1]/CK (SDFFRQX2M)                   0.00       0.10 r
  library hold time                                      -0.16      -0.06
  data required time                                                -0.06
  --------------------------------------------------------------------------
  data required time                                                -0.06
  data arrival time                                                 -0.37
  --------------------------------------------------------------------------
  slack (MET)                                                        0.42


  Startpoint: FIFO/Data_Sync_Write_Block/stage_one_reg[2]
              (rising edge-triggered flip-flop clocked by REF_DOMAIN)
  Endpoint: FIFO/Data_Sync_Write_Block/stage_one_reg[3]
            (rising edge-triggered flip-flop clocked by REF_DOMAIN)
  Path Group: REF_DOMAIN
  Path Type: min

  Point                                                   Incr       Path
  --------------------------------------------------------------------------
  clock REF_DOMAIN (rise edge)                            0.00       0.00
  clock network delay (ideal)                             0.00       0.00
  FIFO/Data_Sync_Write_Block/stage_one_reg[2]/CK (SDFFRQX2M)
                                                          0.00       0.00 r
  FIFO/Data_Sync_Write_Block/stage_one_reg[2]/Q (SDFFRQX2M)
                                                          0.37       0.37 r
  FIFO/Data_Sync_Write_Block/stage_one_reg[3]/SI (SDFFRQX2M)
                                                          0.00       0.37 r
  data arrival time                                                  0.37

  clock REF_DOMAIN (rise edge)                            0.00       0.00
  clock network delay (ideal)                             0.00       0.00
  clock uncertainty                                       0.10       0.10
  FIFO/Data_Sync_Write_Block/stage_one_reg[3]/CK (SDFFRQX2M)
                                                          0.00       0.10 r
  library hold time                                      -0.17      -0.07
  data required time                                                -0.07
  --------------------------------------------------------------------------
  data required time                                                -0.07
  data arrival time                                                 -0.37
  --------------------------------------------------------------------------
  slack (MET)                                                        0.44


  Startpoint: FIFO/Data_Sync_Write_Block/stage_one_reg[3]
              (rising edge-triggered flip-flop clocked by REF_DOMAIN)
  Endpoint: FIFO/Memory/Memory_reg[0][0]
            (rising edge-triggered flip-flop clocked by REF_DOMAIN)
  Path Group: REF_DOMAIN
  Path Type: min

  Point                                                   Incr       Path
  --------------------------------------------------------------------------
  clock REF_DOMAIN (rise edge)                            0.00       0.00
  clock network delay (ideal)                             0.00       0.00
  FIFO/Data_Sync_Write_Block/stage_one_reg[3]/CK (SDFFRQX2M)
                                                          0.00       0.00 r
  FIFO/Data_Sync_Write_Block/stage_one_reg[3]/Q (SDFFRQX2M)
                                                          0.37       0.37 r
  FIFO/Data_Sync_Write_Block/test_so (data_sync_fifo_test_1)
                                                          0.00       0.37 r
  FIFO/Memory/test_si1 (fifo_memory_data_width8_test_1)
                                                          0.00       0.37 r
  FIFO/Memory/Memory_reg[0][0]/SI (SDFFRQX2M)             0.00       0.37 r
  data arrival time                                                  0.37

  clock REF_DOMAIN (rise edge)                            0.00       0.00
  clock network delay (ideal)                             0.00       0.00
  clock uncertainty                                       0.10       0.10
  FIFO/Memory/Memory_reg[0][0]/CK (SDFFRQX2M)             0.00       0.10 r
  library hold time                                      -0.17      -0.07
  data required time                                                -0.07
  --------------------------------------------------------------------------
  data required time                                                -0.07
  data arrival time                                                 -0.37
  --------------------------------------------------------------------------
  slack (MET)                                                        0.44


  Startpoint: FIFO/Data_Sync_Write_Block/stage_one_reg[1]
              (rising edge-triggered flip-flop clocked by REF_DOMAIN)
  Endpoint: FIFO/Data_Sync_Write_Block/stage_one_reg[2]
            (rising edge-triggered flip-flop clocked by REF_DOMAIN)
  Path Group: REF_DOMAIN
  Path Type: min

  Point                                                   Incr       Path
  --------------------------------------------------------------------------
  clock REF_DOMAIN (rise edge)                            0.00       0.00
  clock network delay (ideal)                             0.00       0.00
  FIFO/Data_Sync_Write_Block/stage_one_reg[1]/CK (SDFFRQX2M)
                                                          0.00       0.00 r
  FIFO/Data_Sync_Write_Block/stage_one_reg[1]/Q (SDFFRQX2M)
                                                          0.37       0.37 r
  FIFO/Data_Sync_Write_Block/stage_one_reg[2]/SI (SDFFRQX2M)
                                                          0.00       0.37 r
  data arrival time                                                  0.37

  clock REF_DOMAIN (rise edge)                            0.00       0.00
  clock network delay (ideal)                             0.00       0.00
  clock uncertainty                                       0.10       0.10
  FIFO/Data_Sync_Write_Block/stage_one_reg[2]/CK (SDFFRQX2M)
                                                          0.00       0.10 r
  library hold time                                      -0.17      -0.07
  data required time                                                -0.07
  --------------------------------------------------------------------------
  data required time                                                -0.07
  data arrival time                                                 -0.37
  --------------------------------------------------------------------------
  slack (MET)                                                        0.44


  Startpoint: FIFO/Data_Sync_Write_Block/stage_one_reg[0]
              (rising edge-triggered flip-flop clocked by REF_DOMAIN)
  Endpoint: FIFO/Data_Sync_Write_Block/stage_one_reg[1]
            (rising edge-triggered flip-flop clocked by REF_DOMAIN)
  Path Group: REF_DOMAIN
  Path Type: min

  Point                                                   Incr       Path
  --------------------------------------------------------------------------
  clock REF_DOMAIN (rise edge)                            0.00       0.00
  clock network delay (ideal)                             0.00       0.00
  FIFO/Data_Sync_Write_Block/stage_one_reg[0]/CK (SDFFRQX2M)
                                                          0.00       0.00 r
  FIFO/Data_Sync_Write_Block/stage_one_reg[0]/Q (SDFFRQX2M)
                                                          0.37       0.37 r
  FIFO/Data_Sync_Write_Block/stage_one_reg[1]/SI (SDFFRQX2M)
                                                          0.00       0.37 r
  data arrival time                                                  0.37

  clock REF_DOMAIN (rise edge)                            0.00       0.00
  clock network delay (ideal)                             0.00       0.00
  clock uncertainty                                       0.10       0.10
  FIFO/Data_Sync_Write_Block/stage_one_reg[1]/CK (SDFFRQX2M)
                                                          0.00       0.10 r
  library hold time                                      -0.17      -0.07
  data required time                                                -0.07
  --------------------------------------------------------------------------
  data required time                                                -0.07
  data arrival time                                                 -0.37
  --------------------------------------------------------------------------
  slack (MET)                                                        0.44


  Startpoint: DATA_SYNC/chain_reg[0]
              (rising edge-triggered flip-flop clocked by REF_DOMAIN)
  Endpoint: DATA_SYNC/chain_reg[1]
            (rising edge-triggered flip-flop clocked by REF_DOMAIN)
  Path Group: REF_DOMAIN
  Path Type: min

  Point                                                   Incr       Path
  --------------------------------------------------------------------------
  clock REF_DOMAIN (rise edge)                            0.00       0.00
  clock network delay (ideal)                             0.00       0.00
  DATA_SYNC/chain_reg[0]/CK (SDFFRQX2M)                   0.00       0.00 r
  DATA_SYNC/chain_reg[0]/Q (SDFFRQX2M)                    0.37       0.37 r
  DATA_SYNC/chain_reg[1]/SI (SDFFRQX2M)                   0.00       0.37 r
  data arrival time                                                  0.37

  clock REF_DOMAIN (rise edge)                            0.00       0.00
  clock network delay (ideal)                             0.00       0.00
  clock uncertainty                                       0.10       0.10
  DATA_SYNC/chain_reg[1]/CK (SDFFRQX2M)                   0.00       0.10 r
  library hold time                                      -0.17      -0.07
  data required time                                                -0.07
  --------------------------------------------------------------------------
  data required time                                                -0.07
  data arrival time                                                 -0.37
  --------------------------------------------------------------------------
  slack (MET)                                                        0.44


  Startpoint: FIFO/Data_Sync_Write_Block/stage_one_reg[3]
              (rising edge-triggered flip-flop clocked by REF_DOMAIN)
  Endpoint: FIFO/Data_Sync_Write_Block/out_reg[3]
            (rising edge-triggered flip-flop clocked by REF_DOMAIN)
  Path Group: REF_DOMAIN
  Path Type: min

  Point                                                   Incr       Path
  --------------------------------------------------------------------------
  clock REF_DOMAIN (rise edge)                            0.00       0.00
  clock network delay (ideal)                             0.00       0.00
  FIFO/Data_Sync_Write_Block/stage_one_reg[3]/CK (SDFFRQX2M)
                                                          0.00       0.00 r
  FIFO/Data_Sync_Write_Block/stage_one_reg[3]/Q (SDFFRQX2M)
                                                          0.37       0.37 r
  FIFO/Data_Sync_Write_Block/out_reg[3]/D (SDFFRQX1M)     0.00       0.37 r
  data arrival time                                                  0.37

  clock REF_DOMAIN (rise edge)                            0.00       0.00
  clock network delay (ideal)                             0.00       0.00
  clock uncertainty                                       0.10       0.10
  FIFO/Data_Sync_Write_Block/out_reg[3]/CK (SDFFRQX1M)
                                                          0.00       0.10 r
  library hold time                                      -0.17      -0.07
  data required time                                                -0.07
  --------------------------------------------------------------------------
  data required time                                                -0.07
  data arrival time                                                 -0.37
  --------------------------------------------------------------------------
  slack (MET)                                                        0.44


  Startpoint: FIFO/Data_Sync_Write_Block/stage_one_reg[2]
              (rising edge-triggered flip-flop clocked by REF_DOMAIN)
  Endpoint: FIFO/Data_Sync_Write_Block/out_reg[2]
            (rising edge-triggered flip-flop clocked by REF_DOMAIN)
  Path Group: REF_DOMAIN
  Path Type: min

  Point                                                   Incr       Path
  --------------------------------------------------------------------------
  clock REF_DOMAIN (rise edge)                            0.00       0.00
  clock network delay (ideal)                             0.00       0.00
  FIFO/Data_Sync_Write_Block/stage_one_reg[2]/CK (SDFFRQX2M)
                                                          0.00       0.00 r
  FIFO/Data_Sync_Write_Block/stage_one_reg[2]/Q (SDFFRQX2M)
                                                          0.37       0.37 r
  FIFO/Data_Sync_Write_Block/out_reg[2]/D (SDFFRQX1M)     0.00       0.37 r
  data arrival time                                                  0.37

  clock REF_DOMAIN (rise edge)                            0.00       0.00
  clock network delay (ideal)                             0.00       0.00
  clock uncertainty                                       0.10       0.10
  FIFO/Data_Sync_Write_Block/out_reg[2]/CK (SDFFRQX1M)
                                                          0.00       0.10 r
  library hold time                                      -0.17      -0.07
  data required time                                                -0.07
  --------------------------------------------------------------------------
  data required time                                                -0.07
  data arrival time                                                 -0.37
  --------------------------------------------------------------------------
  slack (MET)                                                        0.44


  Startpoint: D1/SYNC_RST_reg
              (rising edge-triggered flip-flop clocked by REF_DOMAIN)
  Endpoint: D1/chain_reg[0]
            (rising edge-triggered flip-flop clocked by REF_DOMAIN)
  Path Group: REF_DOMAIN
  Path Type: min

  Point                                    Incr       Path
  -----------------------------------------------------------
  clock REF_DOMAIN (rise edge)             0.00       0.00
  clock network delay (ideal)              0.00       0.00
  D1/SYNC_RST_reg/CK (SDFFRQX2M)           0.00       0.00 r
  D1/SYNC_RST_reg/Q (SDFFRQX2M)            0.37       0.37 r
  D1/chain_reg[0]/SI (SDFFRQX2M)           0.00       0.37 r
  data arrival time                                   0.37

  clock REF_DOMAIN (rise edge)             0.00       0.00
  clock network delay (ideal)              0.00       0.00
  clock uncertainty                        0.10       0.10
  D1/chain_reg[0]/CK (SDFFRQX2M)           0.00       0.10 r
  library hold time                       -0.17      -0.07
  data required time                                 -0.07
  -----------------------------------------------------------
  data required time                                 -0.07
  data arrival time                                  -0.37
  -----------------------------------------------------------
  slack (MET)                                         0.44


  Startpoint: DATA_SYNC/final_reg
              (rising edge-triggered flip-flop clocked by REF_DOMAIN)
  Endpoint: DATA_SYNC/sync_bus_reg[0]
            (rising edge-triggered flip-flop clocked by REF_DOMAIN)
  Path Group: REF_DOMAIN
  Path Type: min

  Point                                                   Incr       Path
  --------------------------------------------------------------------------
  clock REF_DOMAIN (rise edge)                            0.00       0.00
  clock network delay (ideal)                             0.00       0.00
  DATA_SYNC/final_reg/CK (SDFFRQX2M)                      0.00       0.00 r
  DATA_SYNC/final_reg/Q (SDFFRQX2M)                       0.37       0.37 r
  DATA_SYNC/sync_bus_reg[0]/SI (SDFFRQX2M)                0.00       0.37 r
  data arrival time                                                  0.37

  clock REF_DOMAIN (rise edge)                            0.00       0.00
  clock network delay (ideal)                             0.00       0.00
  clock uncertainty                                       0.10       0.10
  DATA_SYNC/sync_bus_reg[0]/CK (SDFFRQX2M)                0.00       0.10 r
  library hold time                                      -0.17      -0.07
  data required time                                                -0.07
  --------------------------------------------------------------------------
  data required time                                                -0.07
  data arrival time                                                 -0.37
  --------------------------------------------------------------------------
  slack (MET)                                                        0.44


  Startpoint: DATA_SYNC/enable_pulse_reg
              (rising edge-triggered flip-flop clocked by REF_DOMAIN)
  Endpoint: DATA_SYNC/final_reg
            (rising edge-triggered flip-flop clocked by REF_DOMAIN)
  Path Group: REF_DOMAIN
  Path Type: min

  Point                                                   Incr       Path
  --------------------------------------------------------------------------
  clock REF_DOMAIN (rise edge)                            0.00       0.00
  clock network delay (ideal)                             0.00       0.00
  DATA_SYNC/enable_pulse_reg/CK (SDFFRQX2M)               0.00       0.00 r
  DATA_SYNC/enable_pulse_reg/Q (SDFFRQX2M)                0.37       0.37 r
  DATA_SYNC/final_reg/SI (SDFFRQX2M)                      0.00       0.37 r
  data arrival time                                                  0.37

  clock REF_DOMAIN (rise edge)                            0.00       0.00
  clock network delay (ideal)                             0.00       0.00
  clock uncertainty                                       0.10       0.10
  DATA_SYNC/final_reg/CK (SDFFRQX2M)                      0.00       0.10 r
  library hold time                                      -0.17      -0.07
  data required time                                                -0.07
  --------------------------------------------------------------------------
  data required time                                                -0.07
  data arrival time                                                 -0.37
  --------------------------------------------------------------------------
  slack (MET)                                                        0.44


  Startpoint: DATA_SYNC/chain_reg[1]
              (rising edge-triggered flip-flop clocked by REF_DOMAIN)
  Endpoint: DATA_SYNC/final_reg
            (rising edge-triggered flip-flop clocked by REF_DOMAIN)
  Path Group: REF_DOMAIN
  Path Type: min

  Point                                                   Incr       Path
  --------------------------------------------------------------------------
  clock REF_DOMAIN (rise edge)                            0.00       0.00
  clock network delay (ideal)                             0.00       0.00
  DATA_SYNC/chain_reg[1]/CK (SDFFRQX2M)                   0.00       0.00 r
  DATA_SYNC/chain_reg[1]/Q (SDFFRQX2M)                    0.39       0.39 r
  DATA_SYNC/final_reg/D (SDFFRQX2M)                       0.00       0.39 r
  data arrival time                                                  0.39

  clock REF_DOMAIN (rise edge)                            0.00       0.00
  clock network delay (ideal)                             0.00       0.00
  clock uncertainty                                       0.10       0.10
  DATA_SYNC/final_reg/CK (SDFFRQX2M)                      0.00       0.10 r
  library hold time                                      -0.16      -0.06
  data required time                                                -0.06
  --------------------------------------------------------------------------
  data required time                                                -0.06
  data arrival time                                                 -0.39
  --------------------------------------------------------------------------
  slack (MET)                                                        0.45


  Startpoint: CTRL_UNIT/Address_REG_FILE_reg[1]
              (rising edge-triggered flip-flop clocked by REF_DOMAIN)
  Endpoint: CTRL_UNIT/Address_REG_FILE_reg[2]
            (rising edge-triggered flip-flop clocked by REF_DOMAIN)
  Path Group: REF_DOMAIN
  Path Type: min

  Point                                                   Incr       Path
  --------------------------------------------------------------------------
  clock REF_DOMAIN (rise edge)                            0.00       0.00
  clock network delay (ideal)                             0.00       0.00
  CTRL_UNIT/Address_REG_FILE_reg[1]/CK (SDFFRQX2M)        0.00       0.00 r
  CTRL_UNIT/Address_REG_FILE_reg[1]/Q (SDFFRQX2M)         0.38       0.38 r
  CTRL_UNIT/Address_REG_FILE_reg[2]/SI (SDFFRQX2M)        0.00       0.38 r
  data arrival time                                                  0.38

  clock REF_DOMAIN (rise edge)                            0.00       0.00
  clock network delay (ideal)                             0.00       0.00
  clock uncertainty                                       0.10       0.10
  CTRL_UNIT/Address_REG_FILE_reg[2]/CK (SDFFRQX2M)        0.00       0.10 r
  library hold time                                      -0.18      -0.08
  data required time                                                -0.08
  --------------------------------------------------------------------------
  data required time                                                -0.08
  data arrival time                                                 -0.38
  --------------------------------------------------------------------------
  slack (MET)                                                        0.46


  Startpoint: FIFO/Data_Sync_Write_Block/out_reg[0]
              (rising edge-triggered flip-flop clocked by REF_DOMAIN)
  Endpoint: FIFO/Data_Sync_Write_Block/out_reg[1]
            (rising edge-triggered flip-flop clocked by REF_DOMAIN)
  Path Group: REF_DOMAIN
  Path Type: min

  Point                                                   Incr       Path
  --------------------------------------------------------------------------
  clock REF_DOMAIN (rise edge)                            0.00       0.00
  clock network delay (ideal)                             0.00       0.00
  FIFO/Data_Sync_Write_Block/out_reg[0]/CK (SDFFRQX2M)
                                                          0.00       0.00 r
  FIFO/Data_Sync_Write_Block/out_reg[0]/Q (SDFFRQX2M)     0.38       0.38 r
  FIFO/Data_Sync_Write_Block/out_reg[1]/SI (SDFFRQX2M)
                                                          0.00       0.38 r
  data arrival time                                                  0.38

  clock REF_DOMAIN (rise edge)                            0.00       0.00
  clock network delay (ideal)                             0.00       0.00
  clock uncertainty                                       0.10       0.10
  FIFO/Data_Sync_Write_Block/out_reg[1]/CK (SDFFRQX2M)
                                                          0.00       0.10 r
  library hold time                                      -0.18      -0.08
  data required time                                                -0.08
  --------------------------------------------------------------------------
  data required time                                                -0.08
  data arrival time                                                 -0.38
  --------------------------------------------------------------------------
  slack (MET)                                                        0.46


  Startpoint: REG_FILE/RdData_Valid_reg
              (rising edge-triggered flip-flop clocked by REF_DOMAIN)
  Endpoint: REG_FILE/RdData_reg[0]
            (rising edge-triggered flip-flop clocked by REF_DOMAIN)
  Path Group: REF_DOMAIN
  Path Type: min

  Point                                                   Incr       Path
  --------------------------------------------------------------------------
  clock REF_DOMAIN (rise edge)                            0.00       0.00
  clock network delay (ideal)                             0.00       0.00
  REG_FILE/RdData_Valid_reg/CK (SDFFRQX2M)                0.00       0.00 r
  REG_FILE/RdData_Valid_reg/Q (SDFFRQX2M)                 0.38       0.38 r
  REG_FILE/RdData_reg[0]/SI (SDFFRQX2M)                   0.00       0.38 r
  data arrival time                                                  0.38

  clock REF_DOMAIN (rise edge)                            0.00       0.00
  clock network delay (ideal)                             0.00       0.00
  clock uncertainty                                       0.10       0.10
  REG_FILE/RdData_reg[0]/CK (SDFFRQX2M)                   0.00       0.10 r
  library hold time                                      -0.18      -0.08
  data required time                                                -0.08
  --------------------------------------------------------------------------
  data required time                                                -0.08
  data arrival time                                                 -0.38
  --------------------------------------------------------------------------
  slack (MET)                                                        0.46


  Startpoint: REG_FILE/RdData_reg[1]
              (rising edge-triggered flip-flop clocked by REF_DOMAIN)
  Endpoint: REG_FILE/RdData_reg[2]
            (rising edge-triggered flip-flop clocked by REF_DOMAIN)
  Path Group: REF_DOMAIN
  Path Type: min

  Point                                                   Incr       Path
  --------------------------------------------------------------------------
  clock REF_DOMAIN (rise edge)                            0.00       0.00
  clock network delay (ideal)                             0.00       0.00
  REG_FILE/RdData_reg[1]/CK (SDFFRQX2M)                   0.00       0.00 r
  REG_FILE/RdData_reg[1]/Q (SDFFRQX2M)                    0.39       0.39 r
  REG_FILE/RdData_reg[2]/SI (SDFFRQX2M)                   0.00       0.39 r
  data arrival time                                                  0.39

  clock REF_DOMAIN (rise edge)                            0.00       0.00
  clock network delay (ideal)                             0.00       0.00
  clock uncertainty                                       0.10       0.10
  REG_FILE/RdData_reg[2]/CK (SDFFRQX2M)                   0.00       0.10 r
  library hold time                                      -0.18      -0.08
  data required time                                                -0.08
  --------------------------------------------------------------------------
  data required time                                                -0.08
  data arrival time                                                 -0.39
  --------------------------------------------------------------------------
  slack (MET)                                                        0.46


  Startpoint: REG_FILE/RdData_reg[0]
              (rising edge-triggered flip-flop clocked by REF_DOMAIN)
  Endpoint: REG_FILE/RdData_reg[1]
            (rising edge-triggered flip-flop clocked by REF_DOMAIN)
  Path Group: REF_DOMAIN
  Path Type: min

  Point                                                   Incr       Path
  --------------------------------------------------------------------------
  clock REF_DOMAIN (rise edge)                            0.00       0.00
  clock network delay (ideal)                             0.00       0.00
  REG_FILE/RdData_reg[0]/CK (SDFFRQX2M)                   0.00       0.00 r
  REG_FILE/RdData_reg[0]/Q (SDFFRQX2M)                    0.39       0.39 r
  REG_FILE/RdData_reg[1]/SI (SDFFRQX2M)                   0.00       0.39 r
  data arrival time                                                  0.39

  clock REF_DOMAIN (rise edge)                            0.00       0.00
  clock network delay (ideal)                             0.00       0.00
  clock uncertainty                                       0.10       0.10
  REG_FILE/RdData_reg[1]/CK (SDFFRQX2M)                   0.00       0.10 r
  library hold time                                      -0.18      -0.08
  data required time                                                -0.08
  --------------------------------------------------------------------------
  data required time                                                -0.08
  data arrival time                                                 -0.39
  --------------------------------------------------------------------------
  slack (MET)                                                        0.46


  Startpoint: UART/RX/EBC/edge_count_reg[3]
              (rising edge-triggered flip-flop clocked by RX_CLK)
  Endpoint: UART/RX/EBC/edge_count_reg[4]
            (rising edge-triggered flip-flop clocked by RX_CLK)
  Path Group: RX_CLK
  Path Type: min

  Point                                                   Incr       Path
  --------------------------------------------------------------------------
  clock RX_CLK (rise edge)                                0.00       0.00
  clock network delay (ideal)                             0.00       0.00
  UART/RX/EBC/edge_count_reg[3]/CK (SDFFRX1M)             0.00       0.00 r
  UART/RX/EBC/edge_count_reg[3]/QN (SDFFRX1M)             0.29       0.29 r
  UART/RX/EBC/edge_count_reg[4]/SI (SDFFRQX1M)            0.00       0.29 r
  data arrival time                                                  0.29

  clock RX_CLK (rise edge)                                0.00       0.00
  clock network delay (ideal)                             0.00       0.00
  clock uncertainty                                       0.10       0.10
  UART/RX/EBC/edge_count_reg[4]/CK (SDFFRQX1M)            0.00       0.10 r
  library hold time                                      -0.19      -0.09
  data required time                                                -0.09
  --------------------------------------------------------------------------
  data required time                                                -0.09
  data arrival time                                                 -0.29
  --------------------------------------------------------------------------
  slack (MET)                                                        0.38


  Startpoint: UART/TX/S1/internal_reg[7]
              (rising edge-triggered flip-flop clocked by TX_CLK)
  Endpoint: UART/RX/Sp/stop_error_reg
            (rising edge-triggered flip-flop clocked by RX_CLK)
  Path Group: RX_CLK
  Path Type: min

  Point                                                   Incr       Path
  --------------------------------------------------------------------------
  clock TX_CLK (rise edge)                                0.00       0.00
  clock network delay (ideal)                             0.00       0.00
  UART/TX/S1/internal_reg[7]/CK (SDFFRQX2M)               0.00       0.00 r
  UART/TX/S1/internal_reg[7]/Q (SDFFRQX2M)                0.39       0.39 r
  UART/TX/S1/test_so (Serializer_test_1)                  0.00       0.39 r
  UART/TX/test_so (UART_TX_test_1)                        0.00       0.39 r
  UART/RX/test_si2 (UART_RX_test_1)                       0.00       0.39 r
  UART/RX/Sp/test_si (stop_check_test_1)                  0.00       0.39 r
  UART/RX/Sp/stop_error_reg/SI (SDFFRHQX8M)               0.00       0.39 r
  data arrival time                                                  0.39

  clock RX_CLK (rise edge)                                0.00       0.00
  clock network delay (ideal)                             0.00       0.00
  clock uncertainty                                       0.10       0.10
  UART/RX/Sp/stop_error_reg/CK (SDFFRHQX8M)               0.00       0.10 r
  library hold time                                      -0.12      -0.02
  data required time                                                -0.02
  --------------------------------------------------------------------------
  data required time                                                -0.02
  data arrival time                                                 -0.39
  --------------------------------------------------------------------------
  slack (MET)                                                        0.41


  Startpoint: UART/RX/DS/sampled_reg[2]
              (rising edge-triggered flip-flop clocked by RX_CLK)
  Endpoint: UART/RX/DZ/P_DATA_reg[0]
            (rising edge-triggered flip-flop clocked by RX_CLK)
  Path Group: RX_CLK
  Path Type: min

  Point                                                   Incr       Path
  --------------------------------------------------------------------------
  clock RX_CLK (rise edge)                                0.00       0.00
  clock network delay (ideal)                             0.00       0.00
  UART/RX/DS/sampled_reg[2]/CK (SDFFRQX2M)                0.00       0.00 r
  UART/RX/DS/sampled_reg[2]/Q (SDFFRQX2M)                 0.39       0.39 r
  UART/RX/DS/test_so (data_sampling_test_1)               0.00       0.39 r
  UART/RX/DZ/test_si (deserializer_test_1)                0.00       0.39 r
  UART/RX/DZ/P_DATA_reg[0]/SI (SDFFRQX2M)                 0.00       0.39 r
  data arrival time                                                  0.39

  clock RX_CLK (rise edge)                                0.00       0.00
  clock network delay (ideal)                             0.00       0.00
  clock uncertainty                                       0.10       0.10
  UART/RX/DZ/P_DATA_reg[0]/CK (SDFFRQX2M)                 0.00       0.10 r
  library hold time                                      -0.18      -0.08
  data required time                                                -0.08
  --------------------------------------------------------------------------
  data required time                                                -0.08
  data arrival time                                                 -0.39
  --------------------------------------------------------------------------
  slack (MET)                                                        0.47


  Startpoint: UART/RX/DZ/P_DATA_reg[5]
              (rising edge-triggered flip-flop clocked by RX_CLK)
  Endpoint: UART/RX/DZ/P_DATA_reg[6]
            (rising edge-triggered flip-flop clocked by RX_CLK)
  Path Group: RX_CLK
  Path Type: min

  Point                                                   Incr       Path
  --------------------------------------------------------------------------
  clock RX_CLK (rise edge)                                0.00       0.00
  clock network delay (ideal)                             0.00       0.00
  UART/RX/DZ/P_DATA_reg[5]/CK (SDFFRQX2M)                 0.00       0.00 r
  UART/RX/DZ/P_DATA_reg[5]/Q (SDFFRQX2M)                  0.39       0.39 r
  UART/RX/DZ/P_DATA_reg[6]/SI (SDFFRQX2M)                 0.00       0.39 r
  data arrival time                                                  0.39

  clock RX_CLK (rise edge)                                0.00       0.00
  clock network delay (ideal)                             0.00       0.00
  clock uncertainty                                       0.10       0.10
  UART/RX/DZ/P_DATA_reg[6]/CK (SDFFRQX2M)                 0.00       0.10 r
  library hold time                                      -0.18      -0.08
  data required time                                                -0.08
  --------------------------------------------------------------------------
  data required time                                                -0.08
  data arrival time                                                 -0.39
  --------------------------------------------------------------------------
  slack (MET)                                                        0.47


  Startpoint: UART/RX/DZ/P_DATA_reg[1]
              (rising edge-triggered flip-flop clocked by RX_CLK)
  Endpoint: UART/RX/DZ/P_DATA_reg[2]
            (rising edge-triggered flip-flop clocked by RX_CLK)
  Path Group: RX_CLK
  Path Type: min

  Point                                                   Incr       Path
  --------------------------------------------------------------------------
  clock RX_CLK (rise edge)                                0.00       0.00
  clock network delay (ideal)                             0.00       0.00
  UART/RX/DZ/P_DATA_reg[1]/CK (SDFFRQX2M)                 0.00       0.00 r
  UART/RX/DZ/P_DATA_reg[1]/Q (SDFFRQX2M)                  0.39       0.39 r
  UART/RX/DZ/P_DATA_reg[2]/SI (SDFFRQX2M)                 0.00       0.39 r
  data arrival time                                                  0.39

  clock RX_CLK (rise edge)                                0.00       0.00
  clock network delay (ideal)                             0.00       0.00
  clock uncertainty                                       0.10       0.10
  UART/RX/DZ/P_DATA_reg[2]/CK (SDFFRQX2M)                 0.00       0.10 r
  library hold time                                      -0.18      -0.08
  data required time                                                -0.08
  --------------------------------------------------------------------------
  data required time                                                -0.08
  data arrival time                                                 -0.39
  --------------------------------------------------------------------------
  slack (MET)                                                        0.47


  Startpoint: UART/RX/DZ/P_DATA_reg[4]
              (rising edge-triggered flip-flop clocked by RX_CLK)
  Endpoint: UART/RX/DZ/P_DATA_reg[5]
            (rising edge-triggered flip-flop clocked by RX_CLK)
  Path Group: RX_CLK
  Path Type: min

  Point                                                   Incr       Path
  --------------------------------------------------------------------------
  clock RX_CLK (rise edge)                                0.00       0.00
  clock network delay (ideal)                             0.00       0.00
  UART/RX/DZ/P_DATA_reg[4]/CK (SDFFRQX2M)                 0.00       0.00 r
  UART/RX/DZ/P_DATA_reg[4]/Q (SDFFRQX2M)                  0.40       0.40 r
  UART/RX/DZ/P_DATA_reg[5]/SI (SDFFRQX2M)                 0.00       0.40 r
  data arrival time                                                  0.40

  clock RX_CLK (rise edge)                                0.00       0.00
  clock network delay (ideal)                             0.00       0.00
  clock uncertainty                                       0.10       0.10
  UART/RX/DZ/P_DATA_reg[5]/CK (SDFFRQX2M)                 0.00       0.10 r
  library hold time                                      -0.18      -0.08
  data required time                                                -0.08
  --------------------------------------------------------------------------
  data required time                                                -0.08
  data arrival time                                                 -0.40
  --------------------------------------------------------------------------
  slack (MET)                                                        0.47


  Startpoint: UART/RX/DZ/P_DATA_reg[3]
              (rising edge-triggered flip-flop clocked by RX_CLK)
  Endpoint: UART/RX/DZ/P_DATA_reg[4]
            (rising edge-triggered flip-flop clocked by RX_CLK)
  Path Group: RX_CLK
  Path Type: min

  Point                                                   Incr       Path
  --------------------------------------------------------------------------
  clock RX_CLK (rise edge)                                0.00       0.00
  clock network delay (ideal)                             0.00       0.00
  UART/RX/DZ/P_DATA_reg[3]/CK (SDFFRQX2M)                 0.00       0.00 r
  UART/RX/DZ/P_DATA_reg[3]/Q (SDFFRQX2M)                  0.40       0.40 r
  UART/RX/DZ/P_DATA_reg[4]/SI (SDFFRQX2M)                 0.00       0.40 r
  data arrival time                                                  0.40

  clock RX_CLK (rise edge)                                0.00       0.00
  clock network delay (ideal)                             0.00       0.00
  clock uncertainty                                       0.10       0.10
  UART/RX/DZ/P_DATA_reg[4]/CK (SDFFRQX2M)                 0.00       0.10 r
  library hold time                                      -0.18      -0.08
  data required time                                                -0.08
  --------------------------------------------------------------------------
  data required time                                                -0.08
  data arrival time                                                 -0.40
  --------------------------------------------------------------------------
  slack (MET)                                                        0.48


  Startpoint: UART/RX/DZ/P_DATA_reg[2]
              (rising edge-triggered flip-flop clocked by RX_CLK)
  Endpoint: UART/RX/DZ/P_DATA_reg[3]
            (rising edge-triggered flip-flop clocked by RX_CLK)
  Path Group: RX_CLK
  Path Type: min

  Point                                                   Incr       Path
  --------------------------------------------------------------------------
  clock RX_CLK (rise edge)                                0.00       0.00
  clock network delay (ideal)                             0.00       0.00
  UART/RX/DZ/P_DATA_reg[2]/CK (SDFFRQX2M)                 0.00       0.00 r
  UART/RX/DZ/P_DATA_reg[2]/Q (SDFFRQX2M)                  0.40       0.40 r
  UART/RX/DZ/P_DATA_reg[3]/SI (SDFFRQX2M)                 0.00       0.40 r
  data arrival time                                                  0.40

  clock RX_CLK (rise edge)                                0.00       0.00
  clock network delay (ideal)                             0.00       0.00
  clock uncertainty                                       0.10       0.10
  UART/RX/DZ/P_DATA_reg[3]/CK (SDFFRQX2M)                 0.00       0.10 r
  library hold time                                      -0.18      -0.08
  data required time                                                -0.08
  --------------------------------------------------------------------------
  data required time                                                -0.08
  data arrival time                                                 -0.40
  --------------------------------------------------------------------------
  slack (MET)                                                        0.48


  Startpoint: UART/RX/DZ/P_DATA_reg[6]
              (rising edge-triggered flip-flop clocked by RX_CLK)
  Endpoint: UART/RX/DZ/P_DATA_reg[7]
            (rising edge-triggered flip-flop clocked by RX_CLK)
  Path Group: RX_CLK
  Path Type: min

  Point                                                   Incr       Path
  --------------------------------------------------------------------------
  clock RX_CLK (rise edge)                                0.00       0.00
  clock network delay (ideal)                             0.00       0.00
  UART/RX/DZ/P_DATA_reg[6]/CK (SDFFRQX2M)                 0.00       0.00 r
  UART/RX/DZ/P_DATA_reg[6]/Q (SDFFRQX2M)                  0.40       0.40 r
  UART/RX/DZ/P_DATA_reg[7]/SI (SDFFRQX2M)                 0.00       0.40 r
  data arrival time                                                  0.40

  clock RX_CLK (rise edge)                                0.00       0.00
  clock network delay (ideal)                             0.00       0.00
  clock uncertainty                                       0.10       0.10
  UART/RX/DZ/P_DATA_reg[7]/CK (SDFFRQX2M)                 0.00       0.10 r
  library hold time                                      -0.18      -0.08
  data required time                                                -0.08
  --------------------------------------------------------------------------
  data required time                                                -0.08
  data arrival time                                                 -0.40
  --------------------------------------------------------------------------
  slack (MET)                                                        0.48


  Startpoint: UART/RX/DZ/P_DATA_reg[0]
              (rising edge-triggered flip-flop clocked by RX_CLK)
  Endpoint: UART/RX/DZ/P_DATA_reg[1]
            (rising edge-triggered flip-flop clocked by RX_CLK)
  Path Group: RX_CLK
  Path Type: min

  Point                                                   Incr       Path
  --------------------------------------------------------------------------
  clock RX_CLK (rise edge)                                0.00       0.00
  clock network delay (ideal)                             0.00       0.00
  UART/RX/DZ/P_DATA_reg[0]/CK (SDFFRQX2M)                 0.00       0.00 r
  UART/RX/DZ/P_DATA_reg[0]/Q (SDFFRQX2M)                  0.40       0.40 r
  UART/RX/DZ/P_DATA_reg[1]/SI (SDFFRQX2M)                 0.00       0.40 r
  data arrival time                                                  0.40

  clock RX_CLK (rise edge)                                0.00       0.00
  clock network delay (ideal)                             0.00       0.00
  clock uncertainty                                       0.10       0.10
  UART/RX/DZ/P_DATA_reg[1]/CK (SDFFRQX2M)                 0.00       0.10 r
  library hold time                                      -0.18      -0.08
  data required time                                                -0.08
  --------------------------------------------------------------------------
  data required time                                                -0.08
  data arrival time                                                 -0.40
  --------------------------------------------------------------------------
  slack (MET)                                                        0.48


  Startpoint: UART/RX/DZ/P_DATA_reg[7]
              (rising edge-triggered flip-flop clocked by RX_CLK)
  Endpoint: UART/RX/DZ/bit_reg[0]
            (rising edge-triggered flip-flop clocked by RX_CLK)
  Path Group: RX_CLK
  Path Type: min

  Point                                                   Incr       Path
  --------------------------------------------------------------------------
  clock RX_CLK (rise edge)                                0.00       0.00
  clock network delay (ideal)                             0.00       0.00
  UART/RX/DZ/P_DATA_reg[7]/CK (SDFFRQX2M)                 0.00       0.00 r
  UART/RX/DZ/P_DATA_reg[7]/Q (SDFFRQX2M)                  0.40       0.40 r
  UART/RX/DZ/bit_reg[0]/SI (SDFFRQX2M)                    0.00       0.40 r
  data arrival time                                                  0.40

  clock RX_CLK (rise edge)                                0.00       0.00
  clock network delay (ideal)                             0.00       0.00
  clock uncertainty                                       0.10       0.10
  UART/RX/DZ/bit_reg[0]/CK (SDFFRQX2M)                    0.00       0.10 r
  library hold time                                      -0.18      -0.08
  data required time                                                -0.08
  --------------------------------------------------------------------------
  data required time                                                -0.08
  data arrival time                                                 -0.40
  --------------------------------------------------------------------------
  slack (MET)                                                        0.49


  Startpoint: UART/RX/EBC/bit_count_reg[2]
              (rising edge-triggered flip-flop clocked by RX_CLK)
  Endpoint: UART/RX/EBC/bit_count_reg[3]
            (rising edge-triggered flip-flop clocked by RX_CLK)
  Path Group: RX_CLK
  Path Type: min

  Point                                                   Incr       Path
  --------------------------------------------------------------------------
  clock RX_CLK (rise edge)                                0.00       0.00
  clock network delay (ideal)                             0.00       0.00
  UART/RX/EBC/bit_count_reg[2]/CK (SDFFRQX2M)             0.00       0.00 r
  UART/RX/EBC/bit_count_reg[2]/Q (SDFFRQX2M)              0.41       0.41 r
  UART/RX/EBC/bit_count_reg[3]/SI (SDFFRQX2M)             0.00       0.41 r
  data arrival time                                                  0.41

  clock RX_CLK (rise edge)                                0.00       0.00
  clock network delay (ideal)                             0.00       0.00
  clock uncertainty                                       0.10       0.10
  UART/RX/EBC/bit_count_reg[3]/CK (SDFFRQX2M)             0.00       0.10 r
  library hold time                                      -0.18      -0.08
  data required time                                                -0.08
  --------------------------------------------------------------------------
  data required time                                                -0.08
  data arrival time                                                 -0.41
  --------------------------------------------------------------------------
  slack (MET)                                                        0.49


  Startpoint: UART/RX/EBC/bit_count_reg[0]
              (rising edge-triggered flip-flop clocked by RX_CLK)
  Endpoint: UART/RX/EBC/bit_count_reg[1]
            (rising edge-triggered flip-flop clocked by RX_CLK)
  Path Group: RX_CLK
  Path Type: min

  Point                                                   Incr       Path
  --------------------------------------------------------------------------
  clock RX_CLK (rise edge)                                0.00       0.00
  clock network delay (ideal)                             0.00       0.00
  UART/RX/EBC/bit_count_reg[0]/CK (SDFFRQX2M)             0.00       0.00 r
  UART/RX/EBC/bit_count_reg[0]/Q (SDFFRQX2M)              0.41       0.41 r
  UART/RX/EBC/bit_count_reg[1]/SI (SDFFRQX2M)             0.00       0.41 r
  data arrival time                                                  0.41

  clock RX_CLK (rise edge)                                0.00       0.00
  clock network delay (ideal)                             0.00       0.00
  clock uncertainty                                       0.10       0.10
  UART/RX/EBC/bit_count_reg[1]/CK (SDFFRQX2M)             0.00       0.10 r
  library hold time                                      -0.18      -0.08
  data required time                                                -0.08
  --------------------------------------------------------------------------
  data required time                                                -0.08
  data arrival time                                                 -0.41
  --------------------------------------------------------------------------
  slack (MET)                                                        0.49


  Startpoint: UART/RX/DS/sampled_reg[0]
              (rising edge-triggered flip-flop clocked by RX_CLK)
  Endpoint: UART/RX/DS/sampled_reg[1]
            (rising edge-triggered flip-flop clocked by RX_CLK)
  Path Group: RX_CLK
  Path Type: min

  Point                                                   Incr       Path
  --------------------------------------------------------------------------
  clock RX_CLK (rise edge)                                0.00       0.00
  clock network delay (ideal)                             0.00       0.00
  UART/RX/DS/sampled_reg[0]/CK (SDFFRQX2M)                0.00       0.00 r
  UART/RX/DS/sampled_reg[0]/Q (SDFFRQX2M)                 0.41       0.41 r
  UART/RX/DS/sampled_reg[1]/SI (SDFFRQX2M)                0.00       0.41 r
  data arrival time                                                  0.41

  clock RX_CLK (rise edge)                                0.00       0.00
  clock network delay (ideal)                             0.00       0.00
  clock uncertainty                                       0.10       0.10
  UART/RX/DS/sampled_reg[1]/CK (SDFFRQX2M)                0.00       0.10 r
  library hold time                                      -0.18      -0.08
  data required time                                                -0.08
  --------------------------------------------------------------------------
  data required time                                                -0.08
  data arrival time                                                 -0.41
  --------------------------------------------------------------------------
  slack (MET)                                                        0.49


  Startpoint: UART/RX/DS/sampled_reg[1]
              (rising edge-triggered flip-flop clocked by RX_CLK)
  Endpoint: UART/RX/DS/sampled_reg[2]
            (rising edge-triggered flip-flop clocked by RX_CLK)
  Path Group: RX_CLK
  Path Type: min

  Point                                                   Incr       Path
  --------------------------------------------------------------------------
  clock RX_CLK (rise edge)                                0.00       0.00
  clock network delay (ideal)                             0.00       0.00
  UART/RX/DS/sampled_reg[1]/CK (SDFFRQX2M)                0.00       0.00 r
  UART/RX/DS/sampled_reg[1]/Q (SDFFRQX2M)                 0.41       0.41 r
  UART/RX/DS/sampled_reg[2]/SI (SDFFRQX2M)                0.00       0.41 r
  data arrival time                                                  0.41

  clock RX_CLK (rise edge)                                0.00       0.00
  clock network delay (ideal)                             0.00       0.00
  clock uncertainty                                       0.10       0.10
  UART/RX/DS/sampled_reg[2]/CK (SDFFRQX2M)                0.00       0.10 r
  library hold time                                      -0.18      -0.08
  data required time                                                -0.08
  --------------------------------------------------------------------------
  data required time                                                -0.08
  data arrival time                                                 -0.41
  --------------------------------------------------------------------------
  slack (MET)                                                        0.49


  Startpoint: UART/RX/EBC/bit_count_reg[1]
              (rising edge-triggered flip-flop clocked by RX_CLK)
  Endpoint: UART/RX/EBC/bit_count_reg[2]
            (rising edge-triggered flip-flop clocked by RX_CLK)
  Path Group: RX_CLK
  Path Type: min

  Point                                                   Incr       Path
  --------------------------------------------------------------------------
  clock RX_CLK (rise edge)                                0.00       0.00
  clock network delay (ideal)                             0.00       0.00
  UART/RX/EBC/bit_count_reg[1]/CK (SDFFRQX2M)             0.00       0.00 r
  UART/RX/EBC/bit_count_reg[1]/Q (SDFFRQX2M)              0.42       0.42 r
  UART/RX/EBC/bit_count_reg[2]/SI (SDFFRQX2M)             0.00       0.42 r
  data arrival time                                                  0.42

  clock RX_CLK (rise edge)                                0.00       0.00
  clock network delay (ideal)                             0.00       0.00
  clock uncertainty                                       0.10       0.10
  UART/RX/EBC/bit_count_reg[2]/CK (SDFFRQX2M)             0.00       0.10 r
  library hold time                                      -0.18      -0.08
  data required time                                                -0.08
  --------------------------------------------------------------------------
  data required time                                                -0.08
  data arrival time                                                 -0.42
  --------------------------------------------------------------------------
  slack (MET)                                                        0.50


  Startpoint: UART/RX/EBC/bit_count_reg[3]
              (rising edge-triggered flip-flop clocked by RX_CLK)
  Endpoint: UART/RX/EBC/edge_count_reg[0]
            (rising edge-triggered flip-flop clocked by RX_CLK)
  Path Group: RX_CLK
  Path Type: min

  Point                                                   Incr       Path
  --------------------------------------------------------------------------
  clock RX_CLK (rise edge)                                0.00       0.00
  clock network delay (ideal)                             0.00       0.00
  UART/RX/EBC/bit_count_reg[3]/CK (SDFFRQX2M)             0.00       0.00 r
  UART/RX/EBC/bit_count_reg[3]/Q (SDFFRQX2M)              0.42       0.42 r
  UART/RX/EBC/edge_count_reg[0]/SI (SDFFRQX2M)            0.00       0.42 r
  data arrival time                                                  0.42

  clock RX_CLK (rise edge)                                0.00       0.00
  clock network delay (ideal)                             0.00       0.00
  clock uncertainty                                       0.10       0.10
  UART/RX/EBC/edge_count_reg[0]/CK (SDFFRQX2M)            0.00       0.10 r
  library hold time                                      -0.18      -0.08
  data required time                                                -0.08
  --------------------------------------------------------------------------
  data required time                                                -0.08
  data arrival time                                                 -0.42
  --------------------------------------------------------------------------
  slack (MET)                                                        0.50


  Startpoint: UART/RX/EBC/edge_count_reg[1]
              (rising edge-triggered flip-flop clocked by RX_CLK)
  Endpoint: UART/RX/EBC/edge_count_reg[2]
            (rising edge-triggered flip-flop clocked by RX_CLK)
  Path Group: RX_CLK
  Path Type: min

  Point                                                   Incr       Path
  --------------------------------------------------------------------------
  clock RX_CLK (rise edge)                                0.00       0.00
  clock network delay (ideal)                             0.00       0.00
  UART/RX/EBC/edge_count_reg[1]/CK (SDFFRQX2M)            0.00       0.00 r
  UART/RX/EBC/edge_count_reg[1]/Q (SDFFRQX2M)             0.42       0.42 r
  UART/RX/EBC/edge_count_reg[2]/SI (SDFFRQX2M)            0.00       0.42 r
  data arrival time                                                  0.42

  clock RX_CLK (rise edge)                                0.00       0.00
  clock network delay (ideal)                             0.00       0.00
  clock uncertainty                                       0.10       0.10
  UART/RX/EBC/edge_count_reg[2]/CK (SDFFRQX2M)            0.00       0.10 r
  library hold time                                      -0.18      -0.08
  data required time                                                -0.08
  --------------------------------------------------------------------------
  data required time                                                -0.08
  data arrival time                                                 -0.42
  --------------------------------------------------------------------------
  slack (MET)                                                        0.51


  Startpoint: TX_CLK_DIV/odd_edge_tog_reg
              (rising edge-triggered flip-flop clocked by UART_DOMAIN)
  Endpoint: UART/RX/DS/sampled_reg[0]
            (rising edge-triggered flip-flop clocked by RX_CLK)
  Path Group: RX_CLK
  Path Type: min

  Point                                                   Incr       Path
  --------------------------------------------------------------------------
  clock UART_DOMAIN (rise edge)                           0.00       0.00
  clock network delay (ideal)                             0.00       0.00
  TX_CLK_DIV/odd_edge_tog_reg/CK (SDFFSQX1M)              0.00       0.00 r
  TX_CLK_DIV/odd_edge_tog_reg/Q (SDFFSQX1M)               0.46       0.46 r
  TX_CLK_DIV/test_so (ClkDiv_test_1)                      0.00       0.46 r
  UART/test_si (UART_TOP_test_1)                          0.00       0.46 r
  UART/RX/test_si1 (UART_RX_test_1)                       0.00       0.46 r
  UART/RX/DS/test_si (data_sampling_test_1)               0.00       0.46 r
  UART/RX/DS/sampled_reg[0]/SI (SDFFRQX2M)                0.00       0.46 r
  data arrival time                                                  0.46

  clock RX_CLK (rise edge)                                0.00       0.00
  clock network delay (ideal)                             0.00       0.00
  clock uncertainty                                       0.10       0.10
  UART/RX/DS/sampled_reg[0]/CK (SDFFRQX2M)                0.00       0.10 r
  library hold time                                      -0.18      -0.08
  data required time                                                -0.08
  --------------------------------------------------------------------------
  data required time                                                -0.08
  data arrival time                                                 -0.46
  --------------------------------------------------------------------------
  slack (MET)                                                        0.54


  Startpoint: UART/RX/DZ/P_DATA_reg[7]
              (rising edge-triggered flip-flop clocked by RX_CLK)
  Endpoint: UART/RX/DZ/P_DATA_reg[7]
            (rising edge-triggered flip-flop clocked by RX_CLK)
  Path Group: RX_CLK
  Path Type: min

  Point                                                   Incr       Path
  --------------------------------------------------------------------------
  clock RX_CLK (rise edge)                                0.00       0.00
  clock network delay (ideal)                             0.00       0.00
  UART/RX/DZ/P_DATA_reg[7]/CK (SDFFRQX2M)                 0.00       0.00 r
  UART/RX/DZ/P_DATA_reg[7]/Q (SDFFRQX2M)                  0.40       0.40 r
  UART/RX/DZ/U32/Y (NAND2X2M)                             0.07       0.47 f
  UART/RX/DZ/U29/Y (OAI31X1M)                             0.05       0.52 r
  UART/RX/DZ/P_DATA_reg[7]/D (SDFFRQX2M)                  0.00       0.52 r
  data arrival time                                                  0.52

  clock RX_CLK (rise edge)                                0.00       0.00
  clock network delay (ideal)                             0.00       0.00
  clock uncertainty                                       0.10       0.10
  UART/RX/DZ/P_DATA_reg[7]/CK (SDFFRQX2M)                 0.00       0.10 r
  library hold time                                      -0.15      -0.05
  data required time                                                -0.05
  --------------------------------------------------------------------------
  data required time                                                -0.05
  data arrival time                                                 -0.52
  --------------------------------------------------------------------------
  slack (MET)                                                        0.57


  Startpoint: UART/TX/F1/current_state_reg[1]
              (rising edge-triggered flip-flop clocked by TX_CLK)
  Endpoint: UART/TX/F1/current_state_reg[2]
            (rising edge-triggered flip-flop clocked by TX_CLK)
  Path Group: TX_CLK
  Path Type: min

  Point                                                   Incr       Path
  --------------------------------------------------------------------------
  clock TX_CLK (rise edge)                                0.00       0.00
  clock network delay (ideal)                             0.00       0.00
  UART/TX/F1/current_state_reg[1]/CK (SDFFRX1M)           0.00       0.00 r
  UART/TX/F1/current_state_reg[1]/QN (SDFFRX1M)           0.34       0.34 r
  UART/TX/F1/current_state_reg[2]/SI (SDFFRQX2M)          0.00       0.34 r
  data arrival time                                                  0.34

  clock TX_CLK (rise edge)                                0.00       0.00
  clock network delay (ideal)                             0.00       0.00
  clock uncertainty                                       0.10       0.10
  UART/TX/F1/current_state_reg[2]/CK (SDFFRQX2M)          0.00       0.10 r
  library hold time                                      -0.18      -0.08
  data required time                                                -0.08
  --------------------------------------------------------------------------
  data required time                                                -0.08
  data arrival time                                                 -0.34
  --------------------------------------------------------------------------
  slack (MET)                                                        0.42


  Startpoint: FIFO/Data_Sync_Read_Block/stage_one_reg[1]
              (rising edge-triggered flip-flop clocked by TX_CLK)
  Endpoint: FIFO/Data_Sync_Read_Block/out_reg[1]
            (rising edge-triggered flip-flop clocked by TX_CLK)
  Path Group: TX_CLK
  Path Type: min

  Point                                                   Incr       Path
  --------------------------------------------------------------------------
  clock TX_CLK (rise edge)                                0.00       0.00
  clock network delay (ideal)                             0.00       0.00
  FIFO/Data_Sync_Read_Block/stage_one_reg[1]/CK (SDFFRQX2M)
                                                          0.00       0.00 r
  FIFO/Data_Sync_Read_Block/stage_one_reg[1]/Q (SDFFRQX2M)
                                                          0.37       0.37 r
  FIFO/Data_Sync_Read_Block/out_reg[1]/D (SDFFRQX2M)      0.00       0.37 r
  data arrival time                                                  0.37

  clock TX_CLK (rise edge)                                0.00       0.00
  clock network delay (ideal)                             0.00       0.00
  clock uncertainty                                       0.10       0.10
  FIFO/Data_Sync_Read_Block/out_reg[1]/CK (SDFFRQX2M)     0.00       0.10 r
  library hold time                                      -0.16      -0.06
  data required time                                                -0.06
  --------------------------------------------------------------------------
  data required time                                                -0.06
  data arrival time                                                 -0.37
  --------------------------------------------------------------------------
  slack (MET)                                                        0.42


  Startpoint: FIFO/Data_Sync_Read_Block/stage_one_reg[0]
              (rising edge-triggered flip-flop clocked by TX_CLK)
  Endpoint: FIFO/Data_Sync_Read_Block/out_reg[0]
            (rising edge-triggered flip-flop clocked by TX_CLK)
  Path Group: TX_CLK
  Path Type: min

  Point                                                   Incr       Path
  --------------------------------------------------------------------------
  clock TX_CLK (rise edge)                                0.00       0.00
  clock network delay (ideal)                             0.00       0.00
  FIFO/Data_Sync_Read_Block/stage_one_reg[0]/CK (SDFFRQX2M)
                                                          0.00       0.00 r
  FIFO/Data_Sync_Read_Block/stage_one_reg[0]/Q (SDFFRQX2M)
                                                          0.37       0.37 r
  FIFO/Data_Sync_Read_Block/out_reg[0]/D (SDFFRQX2M)      0.00       0.37 r
  data arrival time                                                  0.37

  clock TX_CLK (rise edge)                                0.00       0.00
  clock network delay (ideal)                             0.00       0.00
  clock uncertainty                                       0.10       0.10
  FIFO/Data_Sync_Read_Block/out_reg[0]/CK (SDFFRQX2M)     0.00       0.10 r
  library hold time                                      -0.16      -0.06
  data required time                                                -0.06
  --------------------------------------------------------------------------
  data required time                                                -0.06
  data arrival time                                                 -0.37
  --------------------------------------------------------------------------
  slack (MET)                                                        0.42


  Startpoint: FIFO/Data_Sync_Read_Block/stage_one_reg[2]
              (rising edge-triggered flip-flop clocked by TX_CLK)
  Endpoint: FIFO/Data_Sync_Read_Block/stage_one_reg[3]
            (rising edge-triggered flip-flop clocked by TX_CLK)
  Path Group: TX_CLK
  Path Type: min

  Point                                                   Incr       Path
  --------------------------------------------------------------------------
  clock TX_CLK (rise edge)                                0.00       0.00
  clock network delay (ideal)                             0.00       0.00
  FIFO/Data_Sync_Read_Block/stage_one_reg[2]/CK (SDFFRQX2M)
                                                          0.00       0.00 r
  FIFO/Data_Sync_Read_Block/stage_one_reg[2]/Q (SDFFRQX2M)
                                                          0.37       0.37 r
  FIFO/Data_Sync_Read_Block/stage_one_reg[3]/SI (SDFFRQX2M)
                                                          0.00       0.37 r
  data arrival time                                                  0.37

  clock TX_CLK (rise edge)                                0.00       0.00
  clock network delay (ideal)                             0.00       0.00
  clock uncertainty                                       0.10       0.10
  FIFO/Data_Sync_Read_Block/stage_one_reg[3]/CK (SDFFRQX2M)
                                                          0.00       0.10 r
  library hold time                                      -0.17      -0.07
  data required time                                                -0.07
  --------------------------------------------------------------------------
  data required time                                                -0.07
  data arrival time                                                 -0.37
  --------------------------------------------------------------------------
  slack (MET)                                                        0.44


  Startpoint: FIFO/Data_Sync_Read_Block/stage_one_reg[1]
              (rising edge-triggered flip-flop clocked by TX_CLK)
  Endpoint: FIFO/Data_Sync_Read_Block/stage_one_reg[2]
            (rising edge-triggered flip-flop clocked by TX_CLK)
  Path Group: TX_CLK
  Path Type: min

  Point                                                   Incr       Path
  --------------------------------------------------------------------------
  clock TX_CLK (rise edge)                                0.00       0.00
  clock network delay (ideal)                             0.00       0.00
  FIFO/Data_Sync_Read_Block/stage_one_reg[1]/CK (SDFFRQX2M)
                                                          0.00       0.00 r
  FIFO/Data_Sync_Read_Block/stage_one_reg[1]/Q (SDFFRQX2M)
                                                          0.37       0.37 r
  FIFO/Data_Sync_Read_Block/stage_one_reg[2]/SI (SDFFRQX2M)
                                                          0.00       0.37 r
  data arrival time                                                  0.37

  clock TX_CLK (rise edge)                                0.00       0.00
  clock network delay (ideal)                             0.00       0.00
  clock uncertainty                                       0.10       0.10
  FIFO/Data_Sync_Read_Block/stage_one_reg[2]/CK (SDFFRQX2M)
                                                          0.00       0.10 r
  library hold time                                      -0.17      -0.07
  data required time                                                -0.07
  --------------------------------------------------------------------------
  data required time                                                -0.07
  data arrival time                                                 -0.37
  --------------------------------------------------------------------------
  slack (MET)                                                        0.44


  Startpoint: FIFO/Data_Sync_Read_Block/stage_one_reg[0]
              (rising edge-triggered flip-flop clocked by TX_CLK)
  Endpoint: FIFO/Data_Sync_Read_Block/stage_one_reg[1]
            (rising edge-triggered flip-flop clocked by TX_CLK)
  Path Group: TX_CLK
  Path Type: min

  Point                                                   Incr       Path
  --------------------------------------------------------------------------
  clock TX_CLK (rise edge)                                0.00       0.00
  clock network delay (ideal)                             0.00       0.00
  FIFO/Data_Sync_Read_Block/stage_one_reg[0]/CK (SDFFRQX2M)
                                                          0.00       0.00 r
  FIFO/Data_Sync_Read_Block/stage_one_reg[0]/Q (SDFFRQX2M)
                                                          0.37       0.37 r
  FIFO/Data_Sync_Read_Block/stage_one_reg[1]/SI (SDFFRQX2M)
                                                          0.00       0.37 r
  data arrival time                                                  0.37

  clock TX_CLK (rise edge)                                0.00       0.00
  clock network delay (ideal)                             0.00       0.00
  clock uncertainty                                       0.10       0.10
  FIFO/Data_Sync_Read_Block/stage_one_reg[1]/CK (SDFFRQX2M)
                                                          0.00       0.10 r
  library hold time                                      -0.17      -0.07
  data required time                                                -0.07
  --------------------------------------------------------------------------
  data required time                                                -0.07
  data arrival time                                                 -0.37
  --------------------------------------------------------------------------
  slack (MET)                                                        0.44


  Startpoint: FIFO/Data_Sync_Read_Block/stage_one_reg[3]
              (rising edge-triggered flip-flop clocked by TX_CLK)
  Endpoint: FIFO/Data_Sync_Read_Block/out_reg[3]
            (rising edge-triggered flip-flop clocked by TX_CLK)
  Path Group: TX_CLK
  Path Type: min

  Point                                                   Incr       Path
  --------------------------------------------------------------------------
  clock TX_CLK (rise edge)                                0.00       0.00
  clock network delay (ideal)                             0.00       0.00
  FIFO/Data_Sync_Read_Block/stage_one_reg[3]/CK (SDFFRQX2M)
                                                          0.00       0.00 r
  FIFO/Data_Sync_Read_Block/stage_one_reg[3]/Q (SDFFRQX2M)
                                                          0.37       0.37 r
  FIFO/Data_Sync_Read_Block/out_reg[3]/D (SDFFRQX1M)      0.00       0.37 r
  data arrival time                                                  0.37

  clock TX_CLK (rise edge)                                0.00       0.00
  clock network delay (ideal)                             0.00       0.00
  clock uncertainty                                       0.10       0.10
  FIFO/Data_Sync_Read_Block/out_reg[3]/CK (SDFFRQX1M)     0.00       0.10 r
  library hold time                                      -0.17      -0.07
  data required time                                                -0.07
  --------------------------------------------------------------------------
  data required time                                                -0.07
  data arrival time                                                 -0.37
  --------------------------------------------------------------------------
  slack (MET)                                                        0.44


  Startpoint: FIFO/Data_Sync_Read_Block/stage_one_reg[2]
              (rising edge-triggered flip-flop clocked by TX_CLK)
  Endpoint: FIFO/Data_Sync_Read_Block/out_reg[2]
            (rising edge-triggered flip-flop clocked by TX_CLK)
  Path Group: TX_CLK
  Path Type: min

  Point                                                   Incr       Path
  --------------------------------------------------------------------------
  clock TX_CLK (rise edge)                                0.00       0.00
  clock network delay (ideal)                             0.00       0.00
  FIFO/Data_Sync_Read_Block/stage_one_reg[2]/CK (SDFFRQX2M)
                                                          0.00       0.00 r
  FIFO/Data_Sync_Read_Block/stage_one_reg[2]/Q (SDFFRQX2M)
                                                          0.37       0.37 r
  FIFO/Data_Sync_Read_Block/out_reg[2]/D (SDFFRQX1M)      0.00       0.37 r
  data arrival time                                                  0.37

  clock TX_CLK (rise edge)                                0.00       0.00
  clock network delay (ideal)                             0.00       0.00
  clock uncertainty                                       0.10       0.10
  FIFO/Data_Sync_Read_Block/out_reg[2]/CK (SDFFRQX1M)     0.00       0.10 r
  library hold time                                      -0.17      -0.07
  data required time                                                -0.07
  --------------------------------------------------------------------------
  data required time                                                -0.07
  data arrival time                                                 -0.37
  --------------------------------------------------------------------------
  slack (MET)                                                        0.44


  Startpoint: PULSE_GENERATOR/rcv_flop_reg
              (rising edge-triggered flip-flop clocked by TX_CLK)
  Endpoint: PULSE_GENERATOR/pls_flop_reg
            (rising edge-triggered flip-flop clocked by TX_CLK)
  Path Group: TX_CLK
  Path Type: min

  Point                                                   Incr       Path
  --------------------------------------------------------------------------
  clock TX_CLK (rise edge)                                0.00       0.00
  clock network delay (ideal)                             0.00       0.00
  PULSE_GENERATOR/rcv_flop_reg/CK (SDFFRQX2M)             0.00       0.00 r
  PULSE_GENERATOR/rcv_flop_reg/Q (SDFFRQX2M)              0.38       0.38 r
  PULSE_GENERATOR/pls_flop_reg/D (SDFFRQX1M)              0.00       0.38 r
  data arrival time                                                  0.38

  clock TX_CLK (rise edge)                                0.00       0.00
  clock network delay (ideal)                             0.00       0.00
  clock uncertainty                                       0.10       0.10
  PULSE_GENERATOR/pls_flop_reg/CK (SDFFRQX1M)             0.00       0.10 r
  library hold time                                      -0.18      -0.08
  data required time                                                -0.08
  --------------------------------------------------------------------------
  data required time                                                -0.08
  data arrival time                                                 -0.38
  --------------------------------------------------------------------------
  slack (MET)                                                        0.45


  Startpoint: FIFO/Data_Sync_Read_Block/out_reg[0]
              (rising edge-triggered flip-flop clocked by TX_CLK)
  Endpoint: FIFO/Data_Sync_Read_Block/out_reg[1]
            (rising edge-triggered flip-flop clocked by TX_CLK)
  Path Group: TX_CLK
  Path Type: min

  Point                                                   Incr       Path
  --------------------------------------------------------------------------
  clock TX_CLK (rise edge)                                0.00       0.00
  clock network delay (ideal)                             0.00       0.00
  FIFO/Data_Sync_Read_Block/out_reg[0]/CK (SDFFRQX2M)     0.00       0.00 r
  FIFO/Data_Sync_Read_Block/out_reg[0]/Q (SDFFRQX2M)      0.38       0.38 r
  FIFO/Data_Sync_Read_Block/out_reg[1]/SI (SDFFRQX2M)     0.00       0.38 r
  data arrival time                                                  0.38

  clock TX_CLK (rise edge)                                0.00       0.00
  clock network delay (ideal)                             0.00       0.00
  clock uncertainty                                       0.10       0.10
  FIFO/Data_Sync_Read_Block/out_reg[1]/CK (SDFFRQX2M)     0.00       0.10 r
  library hold time                                      -0.18      -0.08
  data required time                                                -0.08
  --------------------------------------------------------------------------
  data required time                                                -0.08
  data arrival time                                                 -0.38
  --------------------------------------------------------------------------
  slack (MET)                                                        0.46


  Startpoint: FIFO/Read_Empty/internal_reg[0]
              (rising edge-triggered flip-flop clocked by TX_CLK)
  Endpoint: FIFO/Read_Empty/internal_reg[1]
            (rising edge-triggered flip-flop clocked by TX_CLK)
  Path Group: TX_CLK
  Path Type: min

  Point                                                   Incr       Path
  --------------------------------------------------------------------------
  clock TX_CLK (rise edge)                                0.00       0.00
  clock network delay (ideal)                             0.00       0.00
  FIFO/Read_Empty/internal_reg[0]/CK (SDFFRX1M)           0.00       0.00 r
  FIFO/Read_Empty/internal_reg[0]/QN (SDFFRX1M)           0.37       0.37 r
  FIFO/Read_Empty/internal_reg[1]/SI (SDFFRQX2M)          0.00       0.37 r
  data arrival time                                                  0.37

  clock TX_CLK (rise edge)                                0.00       0.00
  clock network delay (ideal)                             0.00       0.00
  clock uncertainty                                       0.10       0.10
  FIFO/Read_Empty/internal_reg[1]/CK (SDFFRQX2M)          0.00       0.10 r
  library hold time                                      -0.19      -0.09
  data required time                                                -0.09
  --------------------------------------------------------------------------
  data required time                                                -0.09
  data arrival time                                                 -0.37
  --------------------------------------------------------------------------
  slack (MET)                                                        0.46


  Startpoint: UART/TX/S1/internal_reg[6]
              (rising edge-triggered flip-flop clocked by TX_CLK)
  Endpoint: UART/TX/S1/internal_reg[7]
            (rising edge-triggered flip-flop clocked by TX_CLK)
  Path Group: TX_CLK
  Path Type: min

  Point                                                   Incr       Path
  --------------------------------------------------------------------------
  clock TX_CLK (rise edge)                                0.00       0.00
  clock network delay (ideal)                             0.00       0.00
  UART/TX/S1/internal_reg[6]/CK (SDFFRQX2M)               0.00       0.00 r
  UART/TX/S1/internal_reg[6]/Q (SDFFRQX2M)                0.39       0.39 r
  UART/TX/S1/internal_reg[7]/SI (SDFFRQX2M)               0.00       0.39 r
  data arrival time                                                  0.39

  clock TX_CLK (rise edge)                                0.00       0.00
  clock network delay (ideal)                             0.00       0.00
  clock uncertainty                                       0.10       0.10
  UART/TX/S1/internal_reg[7]/CK (SDFFRQX2M)               0.00       0.10 r
  library hold time                                      -0.18      -0.08
  data required time                                                -0.08
  --------------------------------------------------------------------------
  data required time                                                -0.08
  data arrival time                                                 -0.39
  --------------------------------------------------------------------------
  slack (MET)                                                        0.46


  Startpoint: UART/TX/S1/internal_reg[2]
              (rising edge-triggered flip-flop clocked by TX_CLK)
  Endpoint: UART/TX/S1/internal_reg[3]
            (rising edge-triggered flip-flop clocked by TX_CLK)
  Path Group: TX_CLK
  Path Type: min

  Point                                                   Incr       Path
  --------------------------------------------------------------------------
  clock TX_CLK (rise edge)                                0.00       0.00
  clock network delay (ideal)                             0.00       0.00
  UART/TX/S1/internal_reg[2]/CK (SDFFRQX2M)               0.00       0.00 r
  UART/TX/S1/internal_reg[2]/Q (SDFFRQX2M)                0.39       0.39 r
  UART/TX/S1/internal_reg[3]/SI (SDFFRQX2M)               0.00       0.39 r
  data arrival time                                                  0.39

  clock TX_CLK (rise edge)                                0.00       0.00
  clock network delay (ideal)                             0.00       0.00
  clock uncertainty                                       0.10       0.10
  UART/TX/S1/internal_reg[3]/CK (SDFFRQX2M)               0.00       0.10 r
  library hold time                                      -0.18      -0.08
  data required time                                                -0.08
  --------------------------------------------------------------------------
  data required time                                                -0.08
  data arrival time                                                 -0.39
  --------------------------------------------------------------------------
  slack (MET)                                                        0.46


  Startpoint: UART/TX/S1/internal_reg[0]
              (rising edge-triggered flip-flop clocked by TX_CLK)
  Endpoint: UART/TX/S1/internal_reg[1]
            (rising edge-triggered flip-flop clocked by TX_CLK)
  Path Group: TX_CLK
  Path Type: min

  Point                                                   Incr       Path
  --------------------------------------------------------------------------
  clock TX_CLK (rise edge)                                0.00       0.00
  clock network delay (ideal)                             0.00       0.00
  UART/TX/S1/internal_reg[0]/CK (SDFFRQX2M)               0.00       0.00 r
  UART/TX/S1/internal_reg[0]/Q (SDFFRQX2M)                0.39       0.39 r
  UART/TX/S1/internal_reg[1]/SI (SDFFRQX2M)               0.00       0.39 r
  data arrival time                                                  0.39

  clock TX_CLK (rise edge)                                0.00       0.00
  clock network delay (ideal)                             0.00       0.00
  clock uncertainty                                       0.10       0.10
  UART/TX/S1/internal_reg[1]/CK (SDFFRQX2M)               0.00       0.10 r
  library hold time                                      -0.18      -0.08
  data required time                                                -0.08
  --------------------------------------------------------------------------
  data required time                                                -0.08
  data arrival time                                                 -0.39
  --------------------------------------------------------------------------
  slack (MET)                                                        0.46


  Startpoint: UART/TX/S1/internal_reg[5]
              (rising edge-triggered flip-flop clocked by TX_CLK)
  Endpoint: UART/TX/S1/internal_reg[6]
            (rising edge-triggered flip-flop clocked by TX_CLK)
  Path Group: TX_CLK
  Path Type: min

  Point                                                   Incr       Path
  --------------------------------------------------------------------------
  clock TX_CLK (rise edge)                                0.00       0.00
  clock network delay (ideal)                             0.00       0.00
  UART/TX/S1/internal_reg[5]/CK (SDFFRQX2M)               0.00       0.00 r
  UART/TX/S1/internal_reg[5]/Q (SDFFRQX2M)                0.39       0.39 r
  UART/TX/S1/internal_reg[6]/SI (SDFFRQX2M)               0.00       0.39 r
  data arrival time                                                  0.39

  clock TX_CLK (rise edge)                                0.00       0.00
  clock network delay (ideal)                             0.00       0.00
  clock uncertainty                                       0.10       0.10
  UART/TX/S1/internal_reg[6]/CK (SDFFRQX2M)               0.00       0.10 r
  library hold time                                      -0.18      -0.08
  data required time                                                -0.08
  --------------------------------------------------------------------------
  data required time                                                -0.08
  data arrival time                                                 -0.39
  --------------------------------------------------------------------------
  slack (MET)                                                        0.46


  Startpoint: UART/TX/S1/internal_reg[1]
              (rising edge-triggered flip-flop clocked by TX_CLK)
  Endpoint: UART/TX/S1/internal_reg[2]
            (rising edge-triggered flip-flop clocked by TX_CLK)
  Path Group: TX_CLK
  Path Type: min

  Point                                                   Incr       Path
  --------------------------------------------------------------------------
  clock TX_CLK (rise edge)                                0.00       0.00
  clock network delay (ideal)                             0.00       0.00
  UART/TX/S1/internal_reg[1]/CK (SDFFRQX2M)               0.00       0.00 r
  UART/TX/S1/internal_reg[1]/Q (SDFFRQX2M)                0.39       0.39 r
  UART/TX/S1/internal_reg[2]/SI (SDFFRQX2M)               0.00       0.39 r
  data arrival time                                                  0.39

  clock TX_CLK (rise edge)                                0.00       0.00
  clock network delay (ideal)                             0.00       0.00
  clock uncertainty                                       0.10       0.10
  UART/TX/S1/internal_reg[2]/CK (SDFFRQX2M)               0.00       0.10 r
  library hold time                                      -0.18      -0.08
  data required time                                                -0.08
  --------------------------------------------------------------------------
  data required time                                                -0.08
  data arrival time                                                 -0.39
  --------------------------------------------------------------------------
  slack (MET)                                                        0.46


  Startpoint: UART/TX/S1/internal_reg[3]
              (rising edge-triggered flip-flop clocked by TX_CLK)
  Endpoint: UART/TX/S1/internal_reg[4]
            (rising edge-triggered flip-flop clocked by TX_CLK)
  Path Group: TX_CLK
  Path Type: min

  Point                                                   Incr       Path
  --------------------------------------------------------------------------
  clock TX_CLK (rise edge)                                0.00       0.00
  clock network delay (ideal)                             0.00       0.00
  UART/TX/S1/internal_reg[3]/CK (SDFFRQX2M)               0.00       0.00 r
  UART/TX/S1/internal_reg[3]/Q (SDFFRQX2M)                0.39       0.39 r
  UART/TX/S1/internal_reg[4]/SI (SDFFRQX2M)               0.00       0.39 r
  data arrival time                                                  0.39

  clock TX_CLK (rise edge)                                0.00       0.00
  clock network delay (ideal)                             0.00       0.00
  clock uncertainty                                       0.10       0.10
  UART/TX/S1/internal_reg[4]/CK (SDFFRQX2M)               0.00       0.10 r
  library hold time                                      -0.18      -0.08
  data required time                                                -0.08
  --------------------------------------------------------------------------
  data required time                                                -0.08
  data arrival time                                                 -0.39
  --------------------------------------------------------------------------
  slack (MET)                                                        0.46


  Startpoint: UART/TX/S1/internal_reg[4]
              (rising edge-triggered flip-flop clocked by TX_CLK)
  Endpoint: UART/TX/S1/internal_reg[5]
            (rising edge-triggered flip-flop clocked by TX_CLK)
  Path Group: TX_CLK
  Path Type: min

  Point                                                   Incr       Path
  --------------------------------------------------------------------------
  clock TX_CLK (rise edge)                                0.00       0.00
  clock network delay (ideal)                             0.00       0.00
  UART/TX/S1/internal_reg[4]/CK (SDFFRQX2M)               0.00       0.00 r
  UART/TX/S1/internal_reg[4]/Q (SDFFRQX2M)                0.39       0.39 r
  UART/TX/S1/internal_reg[5]/SI (SDFFRQX2M)               0.00       0.39 r
  data arrival time                                                  0.39

  clock TX_CLK (rise edge)                                0.00       0.00
  clock network delay (ideal)                             0.00       0.00
  clock uncertainty                                       0.10       0.10
  UART/TX/S1/internal_reg[5]/CK (SDFFRQX2M)               0.00       0.10 r
  library hold time                                      -0.18      -0.08
  data required time                                                -0.08
  --------------------------------------------------------------------------
  data required time                                                -0.08
  data arrival time                                                 -0.39
  --------------------------------------------------------------------------
  slack (MET)                                                        0.47


  Startpoint: FIFO/Data_Sync_Read_Block/out_reg[1]
              (rising edge-triggered flip-flop clocked by TX_CLK)
  Endpoint: FIFO/Data_Sync_Read_Block/out_reg[2]
            (rising edge-triggered flip-flop clocked by TX_CLK)
  Path Group: TX_CLK
  Path Type: min

  Point                                                   Incr       Path
  --------------------------------------------------------------------------
  clock TX_CLK (rise edge)                                0.00       0.00
  clock network delay (ideal)                             0.00       0.00
  FIFO/Data_Sync_Read_Block/out_reg[1]/CK (SDFFRQX2M)     0.00       0.00 r
  FIFO/Data_Sync_Read_Block/out_reg[1]/Q (SDFFRQX2M)      0.38       0.38 r
  FIFO/Data_Sync_Read_Block/out_reg[2]/SI (SDFFRQX1M)     0.00       0.38 r
  data arrival time                                                  0.38

  clock TX_CLK (rise edge)                                0.00       0.00
  clock network delay (ideal)                             0.00       0.00
  clock uncertainty                                       0.10       0.10
  FIFO/Data_Sync_Read_Block/out_reg[2]/CK (SDFFRQX1M)     0.00       0.10 r
  library hold time                                      -0.19      -0.09
  data required time                                                -0.09
  --------------------------------------------------------------------------
  data required time                                                -0.09
  data arrival time                                                 -0.38
  --------------------------------------------------------------------------
  slack (MET)                                                        0.47


  Startpoint: UART/TX/S1/Ser_done_reg
              (rising edge-triggered flip-flop clocked by TX_CLK)
  Endpoint: UART/TX/S1/counter_reg[0]
            (rising edge-triggered flip-flop clocked by TX_CLK)
  Path Group: TX_CLK
  Path Type: min

  Point                                                   Incr       Path
  --------------------------------------------------------------------------
  clock TX_CLK (rise edge)                                0.00       0.00
  clock network delay (ideal)                             0.00       0.00
  UART/TX/S1/Ser_done_reg/CK (SDFFRQX2M)                  0.00       0.00 r
  UART/TX/S1/Ser_done_reg/Q (SDFFRQX2M)                   0.40       0.40 r
  UART/TX/S1/counter_reg[0]/SI (SDFFRQX2M)                0.00       0.40 r
  data arrival time                                                  0.40

  clock TX_CLK (rise edge)                                0.00       0.00
  clock network delay (ideal)                             0.00       0.00
  clock uncertainty                                       0.10       0.10
  UART/TX/S1/counter_reg[0]/CK (SDFFRQX2M)                0.00       0.10 r
  library hold time                                      -0.18      -0.08
  data required time                                                -0.08
  --------------------------------------------------------------------------
  data required time                                                -0.08
  data arrival time                                                 -0.40
  --------------------------------------------------------------------------
  slack (MET)                                                        0.47


  Startpoint: D2/chain_reg[0]
              (rising edge-triggered flip-flop clocked by UART_DOMAIN)
  Endpoint: D2/SYNC_RST_reg
            (rising edge-triggered flip-flop clocked by UART_DOMAIN)
  Path Group: UART_DOMAIN
  Path Type: min

  Point                                    Incr       Path
  -----------------------------------------------------------
  clock UART_DOMAIN (rise edge)            0.00       0.00
  clock network delay (ideal)              0.00       0.00
  D2/chain_reg[0]/CK (SDFFRQX2M)           0.00       0.00 r
  D2/chain_reg[0]/Q (SDFFRQX2M)            0.37       0.37 r
  D2/SYNC_RST_reg/D (SDFFRQX1M)            0.00       0.37 r
  data arrival time                                   0.37

  clock UART_DOMAIN (rise edge)            0.00       0.00
  clock network delay (ideal)              0.00       0.00
  clock uncertainty                        0.10       0.10
  D2/SYNC_RST_reg/CK (SDFFRQX1M)           0.00       0.10 r
  library hold time                       -0.17      -0.07
  data required time                                 -0.07
  -----------------------------------------------------------
  data required time                                 -0.07
  data arrival time                                  -0.37
  -----------------------------------------------------------
  slack (MET)                                         0.44


  Startpoint: RX_CLK_DIV/div_clk_reg
              (rising edge-triggered flip-flop clocked by UART_DOMAIN)
  Endpoint: RX_CLK_DIV/odd_edge_tog_reg
            (rising edge-triggered flip-flop clocked by UART_DOMAIN)
  Path Group: UART_DOMAIN
  Path Type: min

  Point                                                   Incr       Path
  --------------------------------------------------------------------------
  clock UART_DOMAIN (rise edge)                           0.00       0.00
  clock network delay (ideal)                             0.00       0.00
  RX_CLK_DIV/div_clk_reg/CK (SDFFRQX2M)                   0.00       0.00 r
  RX_CLK_DIV/div_clk_reg/Q (SDFFRQX2M)                    0.40       0.40 r
  RX_CLK_DIV/odd_edge_tog_reg/SI (SDFFSQX1M)              0.00       0.40 r
  data arrival time                                                  0.40

  clock UART_DOMAIN (rise edge)                           0.00       0.00
  clock network delay (ideal)                             0.00       0.00
  clock uncertainty                                       0.10       0.10
  RX_CLK_DIV/odd_edge_tog_reg/CK (SDFFSQX1M)              0.00       0.10 r
  library hold time                                      -0.15      -0.05
  data required time                                                -0.05
  --------------------------------------------------------------------------
  data required time                                                -0.05
  data arrival time                                                 -0.40
  --------------------------------------------------------------------------
  slack (MET)                                                        0.45


  Startpoint: D2/SYNC_RST_reg
              (rising edge-triggered flip-flop clocked by UART_DOMAIN)
  Endpoint: D2/chain_reg[0]
            (rising edge-triggered flip-flop clocked by UART_DOMAIN)
  Path Group: UART_DOMAIN
  Path Type: min

  Point                                    Incr       Path
  -----------------------------------------------------------
  clock UART_DOMAIN (rise edge)            0.00       0.00
  clock network delay (ideal)              0.00       0.00
  D2/SYNC_RST_reg/CK (SDFFRQX1M)           0.00       0.00 r
  D2/SYNC_RST_reg/Q (SDFFRQX1M)            0.39       0.39 r
  D2/chain_reg[0]/SI (SDFFRQX2M)           0.00       0.39 r
  data arrival time                                   0.39

  clock UART_DOMAIN (rise edge)            0.00       0.00
  clock network delay (ideal)              0.00       0.00
  clock uncertainty                        0.10       0.10
  D2/chain_reg[0]/CK (SDFFRQX2M)           0.00       0.10 r
  library hold time                       -0.18      -0.08
  data required time                                 -0.08
  -----------------------------------------------------------
  data required time                                 -0.08
  data arrival time                                  -0.39
  -----------------------------------------------------------
  slack (MET)                                         0.46


  Startpoint: TX_CLK_DIV/div_clk_reg
              (rising edge-triggered flip-flop clocked by UART_DOMAIN)
  Endpoint: TX_CLK_DIV/odd_edge_tog_reg
            (rising edge-triggered flip-flop clocked by UART_DOMAIN)
  Path Group: UART_DOMAIN
  Path Type: min

  Point                                                   Incr       Path
  --------------------------------------------------------------------------
  clock UART_DOMAIN (rise edge)                           0.00       0.00
  clock network delay (ideal)                             0.00       0.00
  TX_CLK_DIV/div_clk_reg/CK (SDFFRQX1M)                   0.00       0.00 r
  TX_CLK_DIV/div_clk_reg/Q (SDFFRQX1M)                    0.44       0.44 r
  TX_CLK_DIV/odd_edge_tog_reg/SI (SDFFSQX1M)              0.00       0.44 r
  data arrival time                                                  0.44

  clock UART_DOMAIN (rise edge)                           0.00       0.00
  clock network delay (ideal)                             0.00       0.00
  clock uncertainty                                       0.10       0.10
  TX_CLK_DIV/odd_edge_tog_reg/CK (SDFFSQX1M)              0.00       0.10 r
  library hold time                                      -0.16      -0.06
  data required time                                                -0.06
  --------------------------------------------------------------------------
  data required time                                                -0.06
  data arrival time                                                 -0.44
  --------------------------------------------------------------------------
  slack (MET)                                                        0.50


  Startpoint: RX_CLK_DIV/count_reg[6]
              (rising edge-triggered flip-flop clocked by UART_DOMAIN)
  Endpoint: RX_CLK_DIV/div_clk_reg
            (rising edge-triggered flip-flop clocked by UART_DOMAIN)
  Path Group: UART_DOMAIN
  Path Type: min

  Point                                                   Incr       Path
  --------------------------------------------------------------------------
  clock UART_DOMAIN (rise edge)                           0.00       0.00
  clock network delay (ideal)                             0.00       0.00
  RX_CLK_DIV/count_reg[6]/CK (SDFFRQX2M)                  0.00       0.00 r
  RX_CLK_DIV/count_reg[6]/Q (SDFFRQX2M)                   0.41       0.41 r
  RX_CLK_DIV/div_clk_reg/SI (SDFFRQX2M)                   0.00       0.41 r
  data arrival time                                                  0.41

  clock UART_DOMAIN (rise edge)                           0.00       0.00
  clock network delay (ideal)                             0.00       0.00
  clock uncertainty                                       0.10       0.10
  RX_CLK_DIV/div_clk_reg/CK (SDFFRQX2M)                   0.00       0.10 r
  library hold time                                      -0.18      -0.08
  data required time                                                -0.08
  --------------------------------------------------------------------------
  data required time                                                -0.08
  data arrival time                                                 -0.41
  --------------------------------------------------------------------------
  slack (MET)                                                        0.50


  Startpoint: TX_CLK_DIV/count_reg[5]
              (rising edge-triggered flip-flop clocked by UART_DOMAIN)
  Endpoint: TX_CLK_DIV/count_reg[6]
            (rising edge-triggered flip-flop clocked by UART_DOMAIN)
  Path Group: UART_DOMAIN
  Path Type: min

  Point                                                   Incr       Path
  --------------------------------------------------------------------------
  clock UART_DOMAIN (rise edge)                           0.00       0.00
  clock network delay (ideal)                             0.00       0.00
  TX_CLK_DIV/count_reg[5]/CK (SDFFRQX2M)                  0.00       0.00 r
  TX_CLK_DIV/count_reg[5]/Q (SDFFRQX2M)                   0.42       0.42 r
  TX_CLK_DIV/count_reg[6]/SI (SDFFRQX2M)                  0.00       0.42 r
  data arrival time                                                  0.42

  clock UART_DOMAIN (rise edge)                           0.00       0.00
  clock network delay (ideal)                             0.00       0.00
  clock uncertainty                                       0.10       0.10
  TX_CLK_DIV/count_reg[6]/CK (SDFFRQX2M)                  0.00       0.10 r
  library hold time                                      -0.18      -0.08
  data required time                                                -0.08
  --------------------------------------------------------------------------
  data required time                                                -0.08
  data arrival time                                                 -0.42
  --------------------------------------------------------------------------
  slack (MET)                                                        0.50


  Startpoint: TX_CLK_DIV/count_reg[4]
              (rising edge-triggered flip-flop clocked by UART_DOMAIN)
  Endpoint: TX_CLK_DIV/count_reg[5]
            (rising edge-triggered flip-flop clocked by UART_DOMAIN)
  Path Group: UART_DOMAIN
  Path Type: min

  Point                                                   Incr       Path
  --------------------------------------------------------------------------
  clock UART_DOMAIN (rise edge)                           0.00       0.00
  clock network delay (ideal)                             0.00       0.00
  TX_CLK_DIV/count_reg[4]/CK (SDFFRQX2M)                  0.00       0.00 r
  TX_CLK_DIV/count_reg[4]/Q (SDFFRQX2M)                   0.42       0.42 r
  TX_CLK_DIV/count_reg[5]/SI (SDFFRQX2M)                  0.00       0.42 r
  data arrival time                                                  0.42

  clock UART_DOMAIN (rise edge)                           0.00       0.00
  clock network delay (ideal)                             0.00       0.00
  clock uncertainty                                       0.10       0.10
  TX_CLK_DIV/count_reg[5]/CK (SDFFRQX2M)                  0.00       0.10 r
  library hold time                                      -0.18      -0.08
  data required time                                                -0.08
  --------------------------------------------------------------------------
  data required time                                                -0.08
  data arrival time                                                 -0.42
  --------------------------------------------------------------------------
  slack (MET)                                                        0.50


  Startpoint: TX_CLK_DIV/count_reg[3]
              (rising edge-triggered flip-flop clocked by UART_DOMAIN)
  Endpoint: TX_CLK_DIV/count_reg[4]
            (rising edge-triggered flip-flop clocked by UART_DOMAIN)
  Path Group: UART_DOMAIN
  Path Type: min

  Point                                                   Incr       Path
  --------------------------------------------------------------------------
  clock UART_DOMAIN (rise edge)                           0.00       0.00
  clock network delay (ideal)                             0.00       0.00
  TX_CLK_DIV/count_reg[3]/CK (SDFFRQX2M)                  0.00       0.00 r
  TX_CLK_DIV/count_reg[3]/Q (SDFFRQX2M)                   0.42       0.42 r
  TX_CLK_DIV/count_reg[4]/SI (SDFFRQX2M)                  0.00       0.42 r
  data arrival time                                                  0.42

  clock UART_DOMAIN (rise edge)                           0.00       0.00
  clock network delay (ideal)                             0.00       0.00
  clock uncertainty                                       0.10       0.10
  TX_CLK_DIV/count_reg[4]/CK (SDFFRQX2M)                  0.00       0.10 r
  library hold time                                      -0.18      -0.08
  data required time                                                -0.08
  --------------------------------------------------------------------------
  data required time                                                -0.08
  data arrival time                                                 -0.42
  --------------------------------------------------------------------------
  slack (MET)                                                        0.50


  Startpoint: RX_CLK_DIV/count_reg[5]
              (rising edge-triggered flip-flop clocked by UART_DOMAIN)
  Endpoint: RX_CLK_DIV/count_reg[6]
            (rising edge-triggered flip-flop clocked by UART_DOMAIN)
  Path Group: UART_DOMAIN
  Path Type: min

  Point                                                   Incr       Path
  --------------------------------------------------------------------------
  clock UART_DOMAIN (rise edge)                           0.00       0.00
  clock network delay (ideal)                             0.00       0.00
  RX_CLK_DIV/count_reg[5]/CK (SDFFRQX2M)                  0.00       0.00 r
  RX_CLK_DIV/count_reg[5]/Q (SDFFRQX2M)                   0.42       0.42 r
  RX_CLK_DIV/count_reg[6]/SI (SDFFRQX2M)                  0.00       0.42 r
  data arrival time                                                  0.42

  clock UART_DOMAIN (rise edge)                           0.00       0.00
  clock network delay (ideal)                             0.00       0.00
  clock uncertainty                                       0.10       0.10
  RX_CLK_DIV/count_reg[6]/CK (SDFFRQX2M)                  0.00       0.10 r
  library hold time                                      -0.18      -0.08
  data required time                                                -0.08
  --------------------------------------------------------------------------
  data required time                                                -0.08
  data arrival time                                                 -0.42
  --------------------------------------------------------------------------
  slack (MET)                                                        0.50


  Startpoint: RX_CLK_DIV/count_reg[4]
              (rising edge-triggered flip-flop clocked by UART_DOMAIN)
  Endpoint: RX_CLK_DIV/count_reg[5]
            (rising edge-triggered flip-flop clocked by UART_DOMAIN)
  Path Group: UART_DOMAIN
  Path Type: min

  Point                                                   Incr       Path
  --------------------------------------------------------------------------
  clock UART_DOMAIN (rise edge)                           0.00       0.00
  clock network delay (ideal)                             0.00       0.00
  RX_CLK_DIV/count_reg[4]/CK (SDFFRQX2M)                  0.00       0.00 r
  RX_CLK_DIV/count_reg[4]/Q (SDFFRQX2M)                   0.42       0.42 r
  RX_CLK_DIV/count_reg[5]/SI (SDFFRQX2M)                  0.00       0.42 r
  data arrival time                                                  0.42

  clock UART_DOMAIN (rise edge)                           0.00       0.00
  clock network delay (ideal)                             0.00       0.00
  clock uncertainty                                       0.10       0.10
  RX_CLK_DIV/count_reg[5]/CK (SDFFRQX2M)                  0.00       0.10 r
  library hold time                                      -0.18      -0.08
  data required time                                                -0.08
  --------------------------------------------------------------------------
  data required time                                                -0.08
  data arrival time                                                 -0.42
  --------------------------------------------------------------------------
  slack (MET)                                                        0.50


  Startpoint: RX_CLK_DIV/count_reg[3]
              (rising edge-triggered flip-flop clocked by UART_DOMAIN)
  Endpoint: RX_CLK_DIV/count_reg[4]
            (rising edge-triggered flip-flop clocked by UART_DOMAIN)
  Path Group: UART_DOMAIN
  Path Type: min

  Point                                                   Incr       Path
  --------------------------------------------------------------------------
  clock UART_DOMAIN (rise edge)                           0.00       0.00
  clock network delay (ideal)                             0.00       0.00
  RX_CLK_DIV/count_reg[3]/CK (SDFFRQX2M)                  0.00       0.00 r
  RX_CLK_DIV/count_reg[3]/Q (SDFFRQX2M)                   0.42       0.42 r
  RX_CLK_DIV/count_reg[4]/SI (SDFFRQX2M)                  0.00       0.42 r
  data arrival time                                                  0.42

  clock UART_DOMAIN (rise edge)                           0.00       0.00
  clock network delay (ideal)                             0.00       0.00
  clock uncertainty                                       0.10       0.10
  RX_CLK_DIV/count_reg[4]/CK (SDFFRQX2M)                  0.00       0.10 r
  library hold time                                      -0.18      -0.08
  data required time                                                -0.08
  --------------------------------------------------------------------------
  data required time                                                -0.08
  data arrival time                                                 -0.42
  --------------------------------------------------------------------------
  slack (MET)                                                        0.50


  Startpoint: TX_CLK_DIV/count_reg[2]
              (rising edge-triggered flip-flop clocked by UART_DOMAIN)
  Endpoint: TX_CLK_DIV/count_reg[3]
            (rising edge-triggered flip-flop clocked by UART_DOMAIN)
  Path Group: UART_DOMAIN
  Path Type: min

  Point                                                   Incr       Path
  --------------------------------------------------------------------------
  clock UART_DOMAIN (rise edge)                           0.00       0.00
  clock network delay (ideal)                             0.00       0.00
  TX_CLK_DIV/count_reg[2]/CK (SDFFRQX2M)                  0.00       0.00 r
  TX_CLK_DIV/count_reg[2]/Q (SDFFRQX2M)                   0.42       0.42 r
  TX_CLK_DIV/count_reg[3]/SI (SDFFRQX2M)                  0.00       0.42 r
  data arrival time                                                  0.42

  clock UART_DOMAIN (rise edge)                           0.00       0.00
  clock network delay (ideal)                             0.00       0.00
  clock uncertainty                                       0.10       0.10
  TX_CLK_DIV/count_reg[3]/CK (SDFFRQX2M)                  0.00       0.10 r
  library hold time                                      -0.18      -0.08
  data required time                                                -0.08
  --------------------------------------------------------------------------
  data required time                                                -0.08
  data arrival time                                                 -0.42
  --------------------------------------------------------------------------
  slack (MET)                                                        0.50


  Startpoint: TX_CLK_DIV/count_reg[1]
              (rising edge-triggered flip-flop clocked by UART_DOMAIN)
  Endpoint: TX_CLK_DIV/count_reg[2]
            (rising edge-triggered flip-flop clocked by UART_DOMAIN)
  Path Group: UART_DOMAIN
  Path Type: min

  Point                                                   Incr       Path
  --------------------------------------------------------------------------
  clock UART_DOMAIN (rise edge)                           0.00       0.00
  clock network delay (ideal)                             0.00       0.00
  TX_CLK_DIV/count_reg[1]/CK (SDFFRQX2M)                  0.00       0.00 r
  TX_CLK_DIV/count_reg[1]/Q (SDFFRQX2M)                   0.42       0.42 r
  TX_CLK_DIV/count_reg[2]/SI (SDFFRQX2M)                  0.00       0.42 r
  data arrival time                                                  0.42

  clock UART_DOMAIN (rise edge)                           0.00       0.00
  clock network delay (ideal)                             0.00       0.00
  clock uncertainty                                       0.10       0.10
  TX_CLK_DIV/count_reg[2]/CK (SDFFRQX2M)                  0.00       0.10 r
  library hold time                                      -0.18      -0.08
  data required time                                                -0.08
  --------------------------------------------------------------------------
  data required time                                                -0.08
  data arrival time                                                 -0.42
  --------------------------------------------------------------------------
  slack (MET)                                                        0.50


  Startpoint: RX_CLK_DIV/count_reg[2]
              (rising edge-triggered flip-flop clocked by UART_DOMAIN)
  Endpoint: RX_CLK_DIV/count_reg[3]
            (rising edge-triggered flip-flop clocked by UART_DOMAIN)
  Path Group: UART_DOMAIN
  Path Type: min

  Point                                                   Incr       Path
  --------------------------------------------------------------------------
  clock UART_DOMAIN (rise edge)                           0.00       0.00
  clock network delay (ideal)                             0.00       0.00
  RX_CLK_DIV/count_reg[2]/CK (SDFFRQX2M)                  0.00       0.00 r
  RX_CLK_DIV/count_reg[2]/Q (SDFFRQX2M)                   0.42       0.42 r
  RX_CLK_DIV/count_reg[3]/SI (SDFFRQX2M)                  0.00       0.42 r
  data arrival time                                                  0.42

  clock UART_DOMAIN (rise edge)                           0.00       0.00
  clock network delay (ideal)                             0.00       0.00
  clock uncertainty                                       0.10       0.10
  RX_CLK_DIV/count_reg[3]/CK (SDFFRQX2M)                  0.00       0.10 r
  library hold time                                      -0.18      -0.08
  data required time                                                -0.08
  --------------------------------------------------------------------------
  data required time                                                -0.08
  data arrival time                                                 -0.42
  --------------------------------------------------------------------------
  slack (MET)                                                        0.50


  Startpoint: RX_CLK_DIV/count_reg[1]
              (rising edge-triggered flip-flop clocked by UART_DOMAIN)
  Endpoint: RX_CLK_DIV/count_reg[2]
            (rising edge-triggered flip-flop clocked by UART_DOMAIN)
  Path Group: UART_DOMAIN
  Path Type: min

  Point                                                   Incr       Path
  --------------------------------------------------------------------------
  clock UART_DOMAIN (rise edge)                           0.00       0.00
  clock network delay (ideal)                             0.00       0.00
  RX_CLK_DIV/count_reg[1]/CK (SDFFRQX2M)                  0.00       0.00 r
  RX_CLK_DIV/count_reg[1]/Q (SDFFRQX2M)                   0.42       0.42 r
  RX_CLK_DIV/count_reg[2]/SI (SDFFRQX2M)                  0.00       0.42 r
  data arrival time                                                  0.42

  clock UART_DOMAIN (rise edge)                           0.00       0.00
  clock network delay (ideal)                             0.00       0.00
  clock uncertainty                                       0.10       0.10
  RX_CLK_DIV/count_reg[2]/CK (SDFFRQX2M)                  0.00       0.10 r
  library hold time                                      -0.18      -0.08
  data required time                                                -0.08
  --------------------------------------------------------------------------
  data required time                                                -0.08
  data arrival time                                                 -0.42
  --------------------------------------------------------------------------
  slack (MET)                                                        0.50


  Startpoint: TX_CLK_DIV/count_reg[6]
              (rising edge-triggered flip-flop clocked by UART_DOMAIN)
  Endpoint: TX_CLK_DIV/div_clk_reg
            (rising edge-triggered flip-flop clocked by UART_DOMAIN)
  Path Group: UART_DOMAIN
  Path Type: min

  Point                                                   Incr       Path
  --------------------------------------------------------------------------
  clock UART_DOMAIN (rise edge)                           0.00       0.00
  clock network delay (ideal)                             0.00       0.00
  TX_CLK_DIV/count_reg[6]/CK (SDFFRQX2M)                  0.00       0.00 r
  TX_CLK_DIV/count_reg[6]/Q (SDFFRQX2M)                   0.41       0.41 r
  TX_CLK_DIV/div_clk_reg/SI (SDFFRQX1M)                   0.00       0.41 r
  data arrival time                                                  0.41

  clock UART_DOMAIN (rise edge)                           0.00       0.00
  clock network delay (ideal)                             0.00       0.00
  clock uncertainty                                       0.10       0.10
  TX_CLK_DIV/div_clk_reg/CK (SDFFRQX1M)                   0.00       0.10 r
  library hold time                                      -0.20      -0.10
  data required time                                                -0.10
  --------------------------------------------------------------------------
  data required time                                                -0.10
  data arrival time                                                 -0.41
  --------------------------------------------------------------------------
  slack (MET)                                                        0.51


  Startpoint: TX_CLK_DIV/count_reg[0]
              (rising edge-triggered flip-flop clocked by UART_DOMAIN)
  Endpoint: TX_CLK_DIV/count_reg[1]
            (rising edge-triggered flip-flop clocked by UART_DOMAIN)
  Path Group: UART_DOMAIN
  Path Type: min

  Point                                                   Incr       Path
  --------------------------------------------------------------------------
  clock UART_DOMAIN (rise edge)                           0.00       0.00
  clock network delay (ideal)                             0.00       0.00
  TX_CLK_DIV/count_reg[0]/CK (SDFFRQX2M)                  0.00       0.00 r
  TX_CLK_DIV/count_reg[0]/Q (SDFFRQX2M)                   0.43       0.43 r
  TX_CLK_DIV/count_reg[1]/SI (SDFFRQX2M)                  0.00       0.43 r
  data arrival time                                                  0.43

  clock UART_DOMAIN (rise edge)                           0.00       0.00
  clock network delay (ideal)                             0.00       0.00
  clock uncertainty                                       0.10       0.10
  TX_CLK_DIV/count_reg[1]/CK (SDFFRQX2M)                  0.00       0.10 r
  library hold time                                      -0.19      -0.09
  data required time                                                -0.09
  --------------------------------------------------------------------------
  data required time                                                -0.09
  data arrival time                                                 -0.43
  --------------------------------------------------------------------------
  slack (MET)                                                        0.51


  Startpoint: RX_CLK_DIV/count_reg[0]
              (rising edge-triggered flip-flop clocked by UART_DOMAIN)
  Endpoint: RX_CLK_DIV/count_reg[1]
            (rising edge-triggered flip-flop clocked by UART_DOMAIN)
  Path Group: UART_DOMAIN
  Path Type: min

  Point                                                   Incr       Path
  --------------------------------------------------------------------------
  clock UART_DOMAIN (rise edge)                           0.00       0.00
  clock network delay (ideal)                             0.00       0.00
  RX_CLK_DIV/count_reg[0]/CK (SDFFRQX2M)                  0.00       0.00 r
  RX_CLK_DIV/count_reg[0]/Q (SDFFRQX2M)                   0.43       0.43 r
  RX_CLK_DIV/count_reg[1]/SI (SDFFRQX2M)                  0.00       0.43 r
  data arrival time                                                  0.43

  clock UART_DOMAIN (rise edge)                           0.00       0.00
  clock network delay (ideal)                             0.00       0.00
  clock uncertainty                                       0.10       0.10
  RX_CLK_DIV/count_reg[1]/CK (SDFFRQX2M)                  0.00       0.10 r
  library hold time                                      -0.19      -0.09
  data required time                                                -0.09
  --------------------------------------------------------------------------
  data required time                                                -0.09
  data arrival time                                                 -0.43
  --------------------------------------------------------------------------
  slack (MET)                                                        0.51


  Startpoint: RX_CLK_DIV/odd_edge_tog_reg
              (rising edge-triggered flip-flop clocked by UART_DOMAIN)
  Endpoint: TX_CLK_DIV/count_reg[0]
            (rising edge-triggered flip-flop clocked by UART_DOMAIN)
  Path Group: UART_DOMAIN
  Path Type: min

  Point                                                   Incr       Path
  --------------------------------------------------------------------------
  clock UART_DOMAIN (rise edge)                           0.00       0.00
  clock network delay (ideal)                             0.00       0.00
  RX_CLK_DIV/odd_edge_tog_reg/CK (SDFFSQX1M)              0.00       0.00 r
  RX_CLK_DIV/odd_edge_tog_reg/Q (SDFFSQX1M)               0.46       0.46 r
  RX_CLK_DIV/test_so (ClkDiv_test_0)                      0.00       0.46 r
  TX_CLK_DIV/test_si (ClkDiv_test_1)                      0.00       0.46 r
  TX_CLK_DIV/count_reg[0]/SI (SDFFRQX2M)                  0.00       0.46 r
  data arrival time                                                  0.46

  clock UART_DOMAIN (rise edge)                           0.00       0.00
  clock network delay (ideal)                             0.00       0.00
  clock uncertainty                                       0.10       0.10
  TX_CLK_DIV/count_reg[0]/CK (SDFFRQX2M)                  0.00       0.10 r
  library hold time                                      -0.18      -0.08
  data required time                                                -0.08
  --------------------------------------------------------------------------
  data required time                                                -0.08
  data arrival time                                                 -0.46
  --------------------------------------------------------------------------
  slack (MET)                                                        0.54


  Startpoint: RX_CLK_DIV/div_clk_reg
              (rising edge-triggered flip-flop clocked by UART_DOMAIN)
  Endpoint: RX_CLK_DIV/div_clk_reg
            (rising edge-triggered flip-flop clocked by UART_DOMAIN)
  Path Group: UART_DOMAIN
  Path Type: min

  Point                                                   Incr       Path
  --------------------------------------------------------------------------
  clock UART_DOMAIN (rise edge)                           0.00       0.00
  clock network delay (ideal)                             0.00       0.00
  RX_CLK_DIV/div_clk_reg/CK (SDFFRQX2M)                   0.00       0.00 r
  RX_CLK_DIV/div_clk_reg/Q (SDFFRQX2M)                    0.40       0.40 r
  RX_CLK_DIV/U36/Y (CLKXOR2X2M)                           0.15       0.55 r
  RX_CLK_DIV/div_clk_reg/D (SDFFRQX2M)                    0.00       0.55 r
  data arrival time                                                  0.55

  clock UART_DOMAIN (rise edge)                           0.00       0.00
  clock network delay (ideal)                             0.00       0.00
  clock uncertainty                                       0.10       0.10
  RX_CLK_DIV/div_clk_reg/CK (SDFFRQX2M)                   0.00       0.10 r
  library hold time                                      -0.16      -0.06
  data required time                                                -0.06
  --------------------------------------------------------------------------
  data required time                                                -0.06
  data arrival time                                                 -0.55
  --------------------------------------------------------------------------
  slack (MET)                                                        0.61


  Startpoint: UART/RX/EBC/edge_count_reg[3]
              (rising edge-triggered flip-flop clocked by scan_clock)
  Endpoint: UART/RX/EBC/edge_count_reg[4]
            (rising edge-triggered flip-flop clocked by scan_clock)
  Path Group: scan_clock
  Path Type: min

  Point                                                   Incr       Path
  --------------------------------------------------------------------------
  clock scan_clock (rise edge)                            0.00       0.00
  clock network delay (ideal)                             0.00       0.00
  UART/RX/EBC/edge_count_reg[3]/CK (SDFFRX1M)             0.00       0.00 r
  UART/RX/EBC/edge_count_reg[3]/QN (SDFFRX1M)             0.29       0.29 r
  UART/RX/EBC/edge_count_reg[4]/SI (SDFFRQX1M)            0.00       0.29 r
  data arrival time                                                  0.29

  clock scan_clock (rise edge)                            0.00       0.00
  clock network delay (ideal)                             0.00       0.00
  clock uncertainty                                       0.10       0.10
  UART/RX/EBC/edge_count_reg[4]/CK (SDFFRQX1M)            0.00       0.10 r
  library hold time                                      -0.19      -0.09
  data required time                                                -0.09
  --------------------------------------------------------------------------
  data required time                                                -0.09
  data arrival time                                                 -0.29
  --------------------------------------------------------------------------
  slack (MET)                                                        0.38


  Startpoint: UART/TX/S1/internal_reg[7]
              (rising edge-triggered flip-flop clocked by scan_clock)
  Endpoint: UART/RX/Sp/stop_error_reg
            (rising edge-triggered flip-flop clocked by scan_clock)
  Path Group: scan_clock
  Path Type: min

  Point                                                   Incr       Path
  --------------------------------------------------------------------------
  clock scan_clock (rise edge)                            0.00       0.00
  clock network delay (ideal)                             0.00       0.00
  UART/TX/S1/internal_reg[7]/CK (SDFFRQX2M)               0.00       0.00 r
  UART/TX/S1/internal_reg[7]/Q (SDFFRQX2M)                0.39       0.39 r
  UART/TX/S1/test_so (Serializer_test_1)                  0.00       0.39 r
  UART/TX/test_so (UART_TX_test_1)                        0.00       0.39 r
  UART/RX/test_si2 (UART_RX_test_1)                       0.00       0.39 r
  UART/RX/Sp/test_si (stop_check_test_1)                  0.00       0.39 r
  UART/RX/Sp/stop_error_reg/SI (SDFFRHQX8M)               0.00       0.39 r
  data arrival time                                                  0.39

  clock scan_clock (rise edge)                            0.00       0.00
  clock network delay (ideal)                             0.00       0.00
  clock uncertainty                                       0.10       0.10
  UART/RX/Sp/stop_error_reg/CK (SDFFRHQX8M)               0.00       0.10 r
  library hold time                                      -0.12      -0.02
  data required time                                                -0.02
  --------------------------------------------------------------------------
  data required time                                                -0.02
  data arrival time                                                 -0.39
  --------------------------------------------------------------------------
  slack (MET)                                                        0.41


  Startpoint: UART/TX/F1/current_state_reg[1]
              (rising edge-triggered flip-flop clocked by scan_clock)
  Endpoint: UART/TX/F1/current_state_reg[2]
            (rising edge-triggered flip-flop clocked by scan_clock)
  Path Group: scan_clock
  Path Type: min

  Point                                                   Incr       Path
  --------------------------------------------------------------------------
  clock scan_clock (rise edge)                            0.00       0.00
  clock network delay (ideal)                             0.00       0.00
  UART/TX/F1/current_state_reg[1]/CK (SDFFRX1M)           0.00       0.00 r
  UART/TX/F1/current_state_reg[1]/QN (SDFFRX1M)           0.34       0.34 r
  UART/TX/F1/current_state_reg[2]/SI (SDFFRQX2M)          0.00       0.34 r
  data arrival time                                                  0.34

  clock scan_clock (rise edge)                            0.00       0.00
  clock network delay (ideal)                             0.00       0.00
  clock uncertainty                                       0.10       0.10
  UART/TX/F1/current_state_reg[2]/CK (SDFFRQX2M)          0.00       0.10 r
  library hold time                                      -0.18      -0.08
  data required time                                                -0.08
  --------------------------------------------------------------------------
  data required time                                                -0.08
  data arrival time                                                 -0.34
  --------------------------------------------------------------------------
  slack (MET)                                                        0.42


  Startpoint: D1/chain_reg[0]
              (rising edge-triggered flip-flop clocked by scan_clock)
  Endpoint: D1/SYNC_RST_reg
            (rising edge-triggered flip-flop clocked by scan_clock)
  Path Group: scan_clock
  Path Type: min

  Point                                    Incr       Path
  -----------------------------------------------------------
  clock scan_clock (rise edge)             0.00       0.00
  clock network delay (ideal)              0.00       0.00
  D1/chain_reg[0]/CK (SDFFRQX2M)           0.00       0.00 r
  D1/chain_reg[0]/Q (SDFFRQX2M)            0.37       0.37 r
  D1/SYNC_RST_reg/D (SDFFRQX2M)            0.00       0.37 r
  data arrival time                                   0.37

  clock scan_clock (rise edge)             0.00       0.00
  clock network delay (ideal)              0.00       0.00
  clock uncertainty                        0.10       0.10
  D1/SYNC_RST_reg/CK (SDFFRQX2M)           0.00       0.10 r
  library hold time                       -0.16      -0.06
  data required time                                 -0.06
  -----------------------------------------------------------
  data required time                                 -0.06
  data arrival time                                  -0.37
  -----------------------------------------------------------
  slack (MET)                                         0.42


  Startpoint: FIFO/Data_Sync_Write_Block/stage_one_reg[1]
              (rising edge-triggered flip-flop clocked by scan_clock)
  Endpoint: FIFO/Data_Sync_Write_Block/out_reg[1]
            (rising edge-triggered flip-flop clocked by scan_clock)
  Path Group: scan_clock
  Path Type: min

  Point                                                   Incr       Path
  --------------------------------------------------------------------------
  clock scan_clock (rise edge)                            0.00       0.00
  clock network delay (ideal)                             0.00       0.00
  FIFO/Data_Sync_Write_Block/stage_one_reg[1]/CK (SDFFRQX2M)
                                                          0.00       0.00 r
  FIFO/Data_Sync_Write_Block/stage_one_reg[1]/Q (SDFFRQX2M)
                                                          0.37       0.37 r
  FIFO/Data_Sync_Write_Block/out_reg[1]/D (SDFFRQX2M)     0.00       0.37 r
  data arrival time                                                  0.37

  clock scan_clock (rise edge)                            0.00       0.00
  clock network delay (ideal)                             0.00       0.00
  clock uncertainty                                       0.10       0.10
  FIFO/Data_Sync_Write_Block/out_reg[1]/CK (SDFFRQX2M)
                                                          0.00       0.10 r
  library hold time                                      -0.16      -0.06
  data required time                                                -0.06
  --------------------------------------------------------------------------
  data required time                                                -0.06
  data arrival time                                                 -0.37
  --------------------------------------------------------------------------
  slack (MET)                                                        0.42


  Startpoint: FIFO/Data_Sync_Write_Block/stage_one_reg[0]
              (rising edge-triggered flip-flop clocked by scan_clock)
  Endpoint: FIFO/Data_Sync_Write_Block/out_reg[0]
            (rising edge-triggered flip-flop clocked by scan_clock)
  Path Group: scan_clock
  Path Type: min

  Point                                                   Incr       Path
  --------------------------------------------------------------------------
  clock scan_clock (rise edge)                            0.00       0.00
  clock network delay (ideal)                             0.00       0.00
  FIFO/Data_Sync_Write_Block/stage_one_reg[0]/CK (SDFFRQX2M)
                                                          0.00       0.00 r
  FIFO/Data_Sync_Write_Block/stage_one_reg[0]/Q (SDFFRQX2M)
                                                          0.37       0.37 r
  FIFO/Data_Sync_Write_Block/out_reg[0]/D (SDFFRQX2M)     0.00       0.37 r
  data arrival time                                                  0.37

  clock scan_clock (rise edge)                            0.00       0.00
  clock network delay (ideal)                             0.00       0.00
  clock uncertainty                                       0.10       0.10
  FIFO/Data_Sync_Write_Block/out_reg[0]/CK (SDFFRQX2M)
                                                          0.00       0.10 r
  library hold time                                      -0.16      -0.06
  data required time                                                -0.06
  --------------------------------------------------------------------------
  data required time                                                -0.06
  data arrival time                                                 -0.37
  --------------------------------------------------------------------------
  slack (MET)                                                        0.42


  Startpoint: FIFO/Data_Sync_Read_Block/stage_one_reg[1]
              (rising edge-triggered flip-flop clocked by scan_clock)
  Endpoint: FIFO/Data_Sync_Read_Block/out_reg[1]
            (rising edge-triggered flip-flop clocked by scan_clock)
  Path Group: scan_clock
  Path Type: min

  Point                                                   Incr       Path
  --------------------------------------------------------------------------
  clock scan_clock (rise edge)                            0.00       0.00
  clock network delay (ideal)                             0.00       0.00
  FIFO/Data_Sync_Read_Block/stage_one_reg[1]/CK (SDFFRQX2M)
                                                          0.00       0.00 r
  FIFO/Data_Sync_Read_Block/stage_one_reg[1]/Q (SDFFRQX2M)
                                                          0.37       0.37 r
  FIFO/Data_Sync_Read_Block/out_reg[1]/D (SDFFRQX2M)      0.00       0.37 r
  data arrival time                                                  0.37

  clock scan_clock (rise edge)                            0.00       0.00
  clock network delay (ideal)                             0.00       0.00
  clock uncertainty                                       0.10       0.10
  FIFO/Data_Sync_Read_Block/out_reg[1]/CK (SDFFRQX2M)     0.00       0.10 r
  library hold time                                      -0.16      -0.06
  data required time                                                -0.06
  --------------------------------------------------------------------------
  data required time                                                -0.06
  data arrival time                                                 -0.37
  --------------------------------------------------------------------------
  slack (MET)                                                        0.42


  Startpoint: FIFO/Data_Sync_Read_Block/stage_one_reg[0]
              (rising edge-triggered flip-flop clocked by scan_clock)
  Endpoint: FIFO/Data_Sync_Read_Block/out_reg[0]
            (rising edge-triggered flip-flop clocked by scan_clock)
  Path Group: scan_clock
  Path Type: min

  Point                                                   Incr       Path
  --------------------------------------------------------------------------
  clock scan_clock (rise edge)                            0.00       0.00
  clock network delay (ideal)                             0.00       0.00
  FIFO/Data_Sync_Read_Block/stage_one_reg[0]/CK (SDFFRQX2M)
                                                          0.00       0.00 r
  FIFO/Data_Sync_Read_Block/stage_one_reg[0]/Q (SDFFRQX2M)
                                                          0.37       0.37 r
  FIFO/Data_Sync_Read_Block/out_reg[0]/D (SDFFRQX2M)      0.00       0.37 r
  data arrival time                                                  0.37

  clock scan_clock (rise edge)                            0.00       0.00
  clock network delay (ideal)                             0.00       0.00
  clock uncertainty                                       0.10       0.10
  FIFO/Data_Sync_Read_Block/out_reg[0]/CK (SDFFRQX2M)     0.00       0.10 r
  library hold time                                      -0.16      -0.06
  data required time                                                -0.06
  --------------------------------------------------------------------------
  data required time                                                -0.06
  data arrival time                                                 -0.37
  --------------------------------------------------------------------------
  slack (MET)                                                        0.42


  Startpoint: DATA_SYNC/chain_reg[0]
              (rising edge-triggered flip-flop clocked by scan_clock)
  Endpoint: DATA_SYNC/chain_reg[1]
            (rising edge-triggered flip-flop clocked by scan_clock)
  Path Group: scan_clock
  Path Type: min

  Point                                                   Incr       Path
  --------------------------------------------------------------------------
  clock scan_clock (rise edge)                            0.00       0.00
  clock network delay (ideal)                             0.00       0.00
  DATA_SYNC/chain_reg[0]/CK (SDFFRQX2M)                   0.00       0.00 r
  DATA_SYNC/chain_reg[0]/Q (SDFFRQX2M)                    0.37       0.37 r
  DATA_SYNC/chain_reg[1]/D (SDFFRQX2M)                    0.00       0.37 r
  data arrival time                                                  0.37

  clock scan_clock (rise edge)                            0.00       0.00
  clock network delay (ideal)                             0.00       0.00
  clock uncertainty                                       0.10       0.10
  DATA_SYNC/chain_reg[1]/CK (SDFFRQX2M)                   0.00       0.10 r
  library hold time                                      -0.16      -0.06
  data required time                                                -0.06
  --------------------------------------------------------------------------
  data required time                                                -0.06
  data arrival time                                                 -0.37
  --------------------------------------------------------------------------
  slack (MET)                                                        0.42


  Startpoint: FIFO/Data_Sync_Read_Block/stage_one_reg[3]
              (rising edge-triggered flip-flop clocked by scan_clock)
  Endpoint: FIFO/Data_Sync_Write_Block/out_reg[0]
            (rising edge-triggered flip-flop clocked by scan_clock)
  Path Group: scan_clock
  Path Type: min

  Point                                                   Incr       Path
  --------------------------------------------------------------------------
  clock scan_clock (rise edge)                            0.00       0.00
  clock network delay (ideal)                             0.00       0.00
  FIFO/Data_Sync_Read_Block/stage_one_reg[3]/CK (SDFFRQX2M)
                                                          0.00       0.00 r
  FIFO/Data_Sync_Read_Block/stage_one_reg[3]/Q (SDFFRQX2M)
                                                          0.37       0.37 r
  FIFO/Data_Sync_Read_Block/test_so (data_sync_fifo_test_0)
                                                          0.00       0.37 r
  FIFO/Data_Sync_Write_Block/test_si (data_sync_fifo_test_1)
                                                          0.00       0.37 r
  FIFO/Data_Sync_Write_Block/out_reg[0]/SI (SDFFRQX2M)
                                                          0.00       0.37 r
  data arrival time                                                  0.37

  clock scan_clock (rise edge)                            0.00       0.00
  clock network delay (ideal)                             0.00       0.00
  clock uncertainty                                       0.10       0.10
  FIFO/Data_Sync_Write_Block/out_reg[0]/CK (SDFFRQX2M)
                                                          0.00       0.10 r
  library hold time                                      -0.17      -0.07
  data required time                                                -0.07
  --------------------------------------------------------------------------
  data required time                                                -0.07
  data arrival time                                                 -0.37
  --------------------------------------------------------------------------
  slack (MET)                                                        0.44


  Startpoint: FIFO/Data_Sync_Write_Block/stage_one_reg[2]
              (rising edge-triggered flip-flop clocked by scan_clock)
  Endpoint: FIFO/Data_Sync_Write_Block/stage_one_reg[3]
            (rising edge-triggered flip-flop clocked by scan_clock)
  Path Group: scan_clock
  Path Type: min

  Point                                                   Incr       Path
  --------------------------------------------------------------------------
  clock scan_clock (rise edge)                            0.00       0.00
  clock network delay (ideal)                             0.00       0.00
  FIFO/Data_Sync_Write_Block/stage_one_reg[2]/CK (SDFFRQX2M)
                                                          0.00       0.00 r
  FIFO/Data_Sync_Write_Block/stage_one_reg[2]/Q (SDFFRQX2M)
                                                          0.37       0.37 r
  FIFO/Data_Sync_Write_Block/stage_one_reg[3]/SI (SDFFRQX2M)
                                                          0.00       0.37 r
  data arrival time                                                  0.37

  clock scan_clock (rise edge)                            0.00       0.00
  clock network delay (ideal)                             0.00       0.00
  clock uncertainty                                       0.10       0.10
  FIFO/Data_Sync_Write_Block/stage_one_reg[3]/CK (SDFFRQX2M)
                                                          0.00       0.10 r
  library hold time                                      -0.17      -0.07
  data required time                                                -0.07
  --------------------------------------------------------------------------
  data required time                                                -0.07
  data arrival time                                                 -0.37
  --------------------------------------------------------------------------
  slack (MET)                                                        0.44


  Startpoint: FIFO/Data_Sync_Read_Block/stage_one_reg[2]
              (rising edge-triggered flip-flop clocked by scan_clock)
  Endpoint: FIFO/Data_Sync_Read_Block/stage_one_reg[3]
            (rising edge-triggered flip-flop clocked by scan_clock)
  Path Group: scan_clock
  Path Type: min

  Point                                                   Incr       Path
  --------------------------------------------------------------------------
  clock scan_clock (rise edge)                            0.00       0.00
  clock network delay (ideal)                             0.00       0.00
  FIFO/Data_Sync_Read_Block/stage_one_reg[2]/CK (SDFFRQX2M)
                                                          0.00       0.00 r
  FIFO/Data_Sync_Read_Block/stage_one_reg[2]/Q (SDFFRQX2M)
                                                          0.37       0.37 r
  FIFO/Data_Sync_Read_Block/stage_one_reg[3]/SI (SDFFRQX2M)
                                                          0.00       0.37 r
  data arrival time                                                  0.37

  clock scan_clock (rise edge)                            0.00       0.00
  clock network delay (ideal)                             0.00       0.00
  clock uncertainty                                       0.10       0.10
  FIFO/Data_Sync_Read_Block/stage_one_reg[3]/CK (SDFFRQX2M)
                                                          0.00       0.10 r
  library hold time                                      -0.17      -0.07
  data required time                                                -0.07
  --------------------------------------------------------------------------
  data required time                                                -0.07
  data arrival time                                                 -0.37
  --------------------------------------------------------------------------
  slack (MET)                                                        0.44


  Startpoint: D2/chain_reg[0]
              (rising edge-triggered flip-flop clocked by scan_clock)
  Endpoint: DATA_SYNC/chain_reg[0]
            (rising edge-triggered flip-flop clocked by scan_clock)
  Path Group: scan_clock
  Path Type: min

  Point                                                   Incr       Path
  --------------------------------------------------------------------------
  clock scan_clock (rise edge)                            0.00       0.00
  clock network delay (ideal)                             0.00       0.00
  D2/chain_reg[0]/CK (SDFFRQX2M)                          0.00       0.00 r
  D2/chain_reg[0]/Q (SDFFRQX2M)                           0.37       0.37 r
  D2/test_so (RST_Sync_NUM_STAGES2_test_1)                0.00       0.37 r
  DATA_SYNC/test_si (Data_Sync_NUM_STAGES2_BUS_WIDTH8_test_1)
                                                          0.00       0.37 r
  DATA_SYNC/chain_reg[0]/SI (SDFFRQX2M)                   0.00       0.37 r
  data arrival time                                                  0.37

  clock scan_clock (rise edge)                            0.00       0.00
  clock network delay (ideal)                             0.00       0.00
  clock uncertainty                                       0.10       0.10
  DATA_SYNC/chain_reg[0]/CK (SDFFRQX2M)                   0.00       0.10 r
  library hold time                                      -0.17      -0.07
  data required time                                                -0.07
  --------------------------------------------------------------------------
  data required time                                                -0.07
  data arrival time                                                 -0.37
  --------------------------------------------------------------------------
  slack (MET)                                                        0.44


  Startpoint: FIFO/Data_Sync_Write_Block/stage_one_reg[3]
              (rising edge-triggered flip-flop clocked by scan_clock)
  Endpoint: FIFO/Memory/Memory_reg[0][0]
            (rising edge-triggered flip-flop clocked by scan_clock)
  Path Group: scan_clock
  Path Type: min

  Point                                                   Incr       Path
  --------------------------------------------------------------------------
  clock scan_clock (rise edge)                            0.00       0.00
  clock network delay (ideal)                             0.00       0.00
  FIFO/Data_Sync_Write_Block/stage_one_reg[3]/CK (SDFFRQX2M)
                                                          0.00       0.00 r
  FIFO/Data_Sync_Write_Block/stage_one_reg[3]/Q (SDFFRQX2M)
                                                          0.37       0.37 r
  FIFO/Data_Sync_Write_Block/test_so (data_sync_fifo_test_1)
                                                          0.00       0.37 r
  FIFO/Memory/test_si1 (fifo_memory_data_width8_test_1)
                                                          0.00       0.37 r
  FIFO/Memory/Memory_reg[0][0]/SI (SDFFRQX2M)             0.00       0.37 r
  data arrival time                                                  0.37

  clock scan_clock (rise edge)                            0.00       0.00
  clock network delay (ideal)                             0.00       0.00
  clock uncertainty                                       0.10       0.10
  FIFO/Memory/Memory_reg[0][0]/CK (SDFFRQX2M)             0.00       0.10 r
  library hold time                                      -0.17      -0.07
  data required time                                                -0.07
  --------------------------------------------------------------------------
  data required time                                                -0.07
  data arrival time                                                 -0.37
  --------------------------------------------------------------------------
  slack (MET)                                                        0.44


  Startpoint: FIFO/Data_Sync_Write_Block/stage_one_reg[1]
              (rising edge-triggered flip-flop clocked by scan_clock)
  Endpoint: FIFO/Data_Sync_Write_Block/stage_one_reg[2]
            (rising edge-triggered flip-flop clocked by scan_clock)
  Path Group: scan_clock
  Path Type: min

  Point                                                   Incr       Path
  --------------------------------------------------------------------------
  clock scan_clock (rise edge)                            0.00       0.00
  clock network delay (ideal)                             0.00       0.00
  FIFO/Data_Sync_Write_Block/stage_one_reg[1]/CK (SDFFRQX2M)
                                                          0.00       0.00 r
  FIFO/Data_Sync_Write_Block/stage_one_reg[1]/Q (SDFFRQX2M)
                                                          0.37       0.37 r
  FIFO/Data_Sync_Write_Block/stage_one_reg[2]/SI (SDFFRQX2M)
                                                          0.00       0.37 r
  data arrival time                                                  0.37

  clock scan_clock (rise edge)                            0.00       0.00
  clock network delay (ideal)                             0.00       0.00
  clock uncertainty                                       0.10       0.10
  FIFO/Data_Sync_Write_Block/stage_one_reg[2]/CK (SDFFRQX2M)
                                                          0.00       0.10 r
  library hold time                                      -0.17      -0.07
  data required time                                                -0.07
  --------------------------------------------------------------------------
  data required time                                                -0.07
  data arrival time                                                 -0.37
  --------------------------------------------------------------------------
  slack (MET)                                                        0.44


  Startpoint: FIFO/Data_Sync_Write_Block/stage_one_reg[0]
              (rising edge-triggered flip-flop clocked by scan_clock)
  Endpoint: FIFO/Data_Sync_Write_Block/stage_one_reg[1]
            (rising edge-triggered flip-flop clocked by scan_clock)
  Path Group: scan_clock
  Path Type: min

  Point                                                   Incr       Path
  --------------------------------------------------------------------------
  clock scan_clock (rise edge)                            0.00       0.00
  clock network delay (ideal)                             0.00       0.00
  FIFO/Data_Sync_Write_Block/stage_one_reg[0]/CK (SDFFRQX2M)
                                                          0.00       0.00 r
  FIFO/Data_Sync_Write_Block/stage_one_reg[0]/Q (SDFFRQX2M)
                                                          0.37       0.37 r
  FIFO/Data_Sync_Write_Block/stage_one_reg[1]/SI (SDFFRQX2M)
                                                          0.00       0.37 r
  data arrival time                                                  0.37

  clock scan_clock (rise edge)                            0.00       0.00
  clock network delay (ideal)                             0.00       0.00
  clock uncertainty                                       0.10       0.10
  FIFO/Data_Sync_Write_Block/stage_one_reg[1]/CK (SDFFRQX2M)
                                                          0.00       0.10 r
  library hold time                                      -0.17      -0.07
  data required time                                                -0.07
  --------------------------------------------------------------------------
  data required time                                                -0.07
  data arrival time                                                 -0.37
  --------------------------------------------------------------------------
  slack (MET)                                                        0.44


  Startpoint: FIFO/Data_Sync_Read_Block/stage_one_reg[1]
              (rising edge-triggered flip-flop clocked by scan_clock)
  Endpoint: FIFO/Data_Sync_Read_Block/stage_one_reg[2]
            (rising edge-triggered flip-flop clocked by scan_clock)
  Path Group: scan_clock
  Path Type: min

  Point                                                   Incr       Path
  --------------------------------------------------------------------------
  clock scan_clock (rise edge)                            0.00       0.00
  clock network delay (ideal)                             0.00       0.00
  FIFO/Data_Sync_Read_Block/stage_one_reg[1]/CK (SDFFRQX2M)
                                                          0.00       0.00 r
  FIFO/Data_Sync_Read_Block/stage_one_reg[1]/Q (SDFFRQX2M)
                                                          0.37       0.37 r
  FIFO/Data_Sync_Read_Block/stage_one_reg[2]/SI (SDFFRQX2M)
                                                          0.00       0.37 r
  data arrival time                                                  0.37

  clock scan_clock (rise edge)                            0.00       0.00
  clock network delay (ideal)                             0.00       0.00
  clock uncertainty                                       0.10       0.10
  FIFO/Data_Sync_Read_Block/stage_one_reg[2]/CK (SDFFRQX2M)
                                                          0.00       0.10 r
  library hold time                                      -0.17      -0.07
  data required time                                                -0.07
  --------------------------------------------------------------------------
  data required time                                                -0.07
  data arrival time                                                 -0.37
  --------------------------------------------------------------------------
  slack (MET)                                                        0.44


  Startpoint: FIFO/Data_Sync_Read_Block/stage_one_reg[0]
              (rising edge-triggered flip-flop clocked by scan_clock)
  Endpoint: FIFO/Data_Sync_Read_Block/stage_one_reg[1]
            (rising edge-triggered flip-flop clocked by scan_clock)
  Path Group: scan_clock
  Path Type: min

  Point                                                   Incr       Path
  --------------------------------------------------------------------------
  clock scan_clock (rise edge)                            0.00       0.00
  clock network delay (ideal)                             0.00       0.00
  FIFO/Data_Sync_Read_Block/stage_one_reg[0]/CK (SDFFRQX2M)
                                                          0.00       0.00 r
  FIFO/Data_Sync_Read_Block/stage_one_reg[0]/Q (SDFFRQX2M)
                                                          0.37       0.37 r
  FIFO/Data_Sync_Read_Block/stage_one_reg[1]/SI (SDFFRQX2M)
                                                          0.00       0.37 r
  data arrival time                                                  0.37

  clock scan_clock (rise edge)                            0.00       0.00
  clock network delay (ideal)                             0.00       0.00
  clock uncertainty                                       0.10       0.10
  FIFO/Data_Sync_Read_Block/stage_one_reg[1]/CK (SDFFRQX2M)
                                                          0.00       0.10 r
  library hold time                                      -0.17      -0.07
  data required time                                                -0.07
  --------------------------------------------------------------------------
  data required time                                                -0.07
  data arrival time                                                 -0.37
  --------------------------------------------------------------------------
  slack (MET)                                                        0.44


  Startpoint: DATA_SYNC/chain_reg[0]
              (rising edge-triggered flip-flop clocked by scan_clock)
  Endpoint: DATA_SYNC/chain_reg[1]
            (rising edge-triggered flip-flop clocked by scan_clock)
  Path Group: scan_clock
  Path Type: min

  Point                                                   Incr       Path
  --------------------------------------------------------------------------
  clock scan_clock (rise edge)                            0.00       0.00
  clock network delay (ideal)                             0.00       0.00
  DATA_SYNC/chain_reg[0]/CK (SDFFRQX2M)                   0.00       0.00 r
  DATA_SYNC/chain_reg[0]/Q (SDFFRQX2M)                    0.37       0.37 r
  DATA_SYNC/chain_reg[1]/SI (SDFFRQX2M)                   0.00       0.37 r
  data arrival time                                                  0.37

  clock scan_clock (rise edge)                            0.00       0.00
  clock network delay (ideal)                             0.00       0.00
  clock uncertainty                                       0.10       0.10
  DATA_SYNC/chain_reg[1]/CK (SDFFRQX2M)                   0.00       0.10 r
  library hold time                                      -0.17      -0.07
  data required time                                                -0.07
  --------------------------------------------------------------------------
  data required time                                                -0.07
  data arrival time                                                 -0.37
  --------------------------------------------------------------------------
  slack (MET)                                                        0.44


  Startpoint: D2/chain_reg[0]
              (rising edge-triggered flip-flop clocked by scan_clock)
  Endpoint: D2/SYNC_RST_reg
            (rising edge-triggered flip-flop clocked by scan_clock)
  Path Group: scan_clock
  Path Type: min

  Point                                    Incr       Path
  -----------------------------------------------------------
  clock scan_clock (rise edge)             0.00       0.00
  clock network delay (ideal)              0.00       0.00
  D2/chain_reg[0]/CK (SDFFRQX2M)           0.00       0.00 r
  D2/chain_reg[0]/Q (SDFFRQX2M)            0.37       0.37 r
  D2/SYNC_RST_reg/D (SDFFRQX1M)            0.00       0.37 r
  data arrival time                                   0.37

  clock scan_clock (rise edge)             0.00       0.00
  clock network delay (ideal)              0.00       0.00
  clock uncertainty                        0.10       0.10
  D2/SYNC_RST_reg/CK (SDFFRQX1M)           0.00       0.10 r
  library hold time                       -0.17      -0.07
  data required time                                 -0.07
  -----------------------------------------------------------
  data required time                                 -0.07
  data arrival time                                  -0.37
  -----------------------------------------------------------
  slack (MET)                                         0.44


1
