 
****************************************
Report : timing
        -path full
        -delay max
        -max_paths 20
Design : SYS_TOP_dft
Version: K-2015.06
Date   : Wed Oct 23 22:05:44 2024
****************************************

Operating Conditions: scmetro_tsmc_cl013g_rvt_ss_1p08v_125c   Library: scmetro_tsmc_cl013g_rvt_ss_1p08v_125c
Wire Load Model Mode: top

  Startpoint: REG_FILE/Reg_File_reg[1][7]
              (rising edge-triggered flip-flop clocked by REF_DOMAIN)
  Endpoint: ALU/ALU_OUT_reg[0]
            (rising edge-triggered flip-flop clocked by Gated_Clock)
  Path Group: Gated_Clock
  Path Type: max

  Point                                                   Incr       Path
  --------------------------------------------------------------------------
  clock REF_DOMAIN (rise edge)                            0.00       0.00
  clock network delay (ideal)                             0.00       0.00
  REG_FILE/Reg_File_reg[1][7]/CK (SDFFRQX2M)              0.00       0.00 r
  REG_FILE/Reg_File_reg[1][7]/Q (SDFFRQX2M)               0.55       0.55 f
  REG_FILE/REG1[7] (RAM_test_1)                           0.00       0.55 f
  ALU/B[7] (ALU_16_bit_OPERAND_WIDTH8_OPCODE_WIDTH4_RESULT_WIDTH16_test_1)
                                                          0.00       0.55 f
  ALU/div_29/b[7] (ALU_16_bit_OPERAND_WIDTH8_OPCODE_WIDTH4_RESULT_WIDTH16_DW_div_uns_0)
                                                          0.00       0.55 f
  ALU/div_29/U71/Y (NOR2X1M)                              0.18       0.73 r
  ALU/div_29/U68/Y (AND3X1M)                              0.20       0.94 r
  ALU/div_29/U66/Y (AND2X1M)                              0.16       1.10 r
  ALU/div_29/U63/Y (AND4X1M)                              0.25       1.35 r
  ALU/div_29/U41/Y (CLKMX2X2M)                            0.24       1.59 f
  ALU/div_29/u_div/u_fa_PartRem_0_6_1/CO (ADDFX2M)        0.44       2.03 f
  ALU/div_29/U64/Y (AND3X1M)                              0.32       2.35 f
  ALU/div_29/U47/Y (CLKMX2X2M)                            0.24       2.58 r
  ALU/div_29/u_div/u_fa_PartRem_0_5_1/CO (ADDFX2M)        0.49       3.07 r
  ALU/div_29/u_div/u_fa_PartRem_0_5_2/CO (ADDFX2M)        0.24       3.31 r
  ALU/div_29/U65/Y (AND2X1M)                              0.24       3.55 r
  ALU/div_29/U52/Y (CLKMX2X2M)                            0.27       3.82 f
  ALU/div_29/u_div/u_fa_PartRem_0_4_1/CO (ADDFX2M)        0.46       4.28 f
  ALU/div_29/u_div/u_fa_PartRem_0_4_2/CO (ADDFX2M)        0.33       4.60 f
  ALU/div_29/u_div/u_fa_PartRem_0_4_3/CO (ADDFX2M)        0.31       4.91 f
  ALU/div_29/U67/Y (AND2X1M)                              0.28       5.19 f
  ALU/div_29/U56/Y (CLKMX2X2M)                            0.24       5.43 f
  ALU/div_29/u_div/u_fa_PartRem_0_3_1/CO (ADDFX2M)        0.46       5.88 f
  ALU/div_29/u_div/u_fa_PartRem_0_3_2/CO (ADDFX2M)        0.33       6.21 f
  ALU/div_29/u_div/u_fa_PartRem_0_3_3/CO (ADDFX2M)        0.33       6.54 f
  ALU/div_29/u_div/u_fa_PartRem_0_3_4/CO (ADDFX2M)        0.31       6.85 f
  ALU/div_29/U69/Y (AND3X1M)                              0.39       7.24 f
  ALU/div_29/U59/Y (CLKMX2X2M)                            0.25       7.49 f
  ALU/div_29/u_div/u_fa_PartRem_0_2_1/CO (ADDFX2M)        0.46       7.94 f
  ALU/div_29/u_div/u_fa_PartRem_0_2_2/CO (ADDFX2M)        0.33       8.27 f
  ALU/div_29/u_div/u_fa_PartRem_0_2_3/CO (ADDFX2M)        0.33       8.60 f
  ALU/div_29/u_div/u_fa_PartRem_0_2_4/CO (ADDFX2M)        0.33       8.93 f
  ALU/div_29/u_div/u_fa_PartRem_0_2_5/CO (ADDFX2M)        0.31       9.23 f
  ALU/div_29/U70/Y (AND2X1M)                              0.32       9.55 f
  ALU/div_29/U61/Y (CLKMX2X2M)                            0.25       9.81 f
  ALU/div_29/u_div/u_fa_PartRem_0_1_1/CO (ADDFX2M)        0.46      10.26 f
  ALU/div_29/u_div/u_fa_PartRem_0_1_2/CO (ADDFX2M)        0.33      10.59 f
  ALU/div_29/u_div/u_fa_PartRem_0_1_3/CO (ADDFX2M)        0.33      10.92 f
  ALU/div_29/u_div/u_fa_PartRem_0_1_4/CO (ADDFX2M)        0.33      11.25 f
  ALU/div_29/u_div/u_fa_PartRem_0_1_5/CO (ADDFX2M)        0.33      11.58 f
  ALU/div_29/u_div/u_fa_PartRem_0_1_6/CO (ADDFX2M)        0.31      11.88 f
  ALU/div_29/U72/Y (AND2X1M)                              0.34      12.22 f
  ALU/div_29/U62/Y (CLKMX2X2M)                            0.24      12.46 f
  ALU/div_29/u_div/u_fa_PartRem_0_0_1/CO (ADDFX2M)        0.45      12.91 f
  ALU/div_29/u_div/u_fa_PartRem_0_0_2/CO (ADDFX2M)        0.33      13.24 f
  ALU/div_29/u_div/u_fa_PartRem_0_0_3/CO (ADDFX2M)        0.33      13.57 f
  ALU/div_29/u_div/u_fa_PartRem_0_0_4/CO (ADDFX2M)        0.33      13.90 f
  ALU/div_29/u_div/u_fa_PartRem_0_0_5/CO (ADDFX2M)        0.33      14.22 f
  ALU/div_29/u_div/u_fa_PartRem_0_0_6/CO (ADDFX2M)        0.33      14.55 f
  ALU/div_29/u_div/u_fa_PartRem_0_0_7/CO (ADDFX2M)        0.31      14.86 f
  ALU/div_29/quotient[0] (ALU_16_bit_OPERAND_WIDTH8_OPCODE_WIDTH4_RESULT_WIDTH16_DW_div_uns_0)
                                                          0.00      14.86 f
  ALU/U63/Y (OAI2BB1X2M)                                  0.19      15.05 f
  ALU/U62/Y (AOI211X2M)                                   0.21      15.26 r
  ALU/U59/Y (AOI31X2M)                                    0.12      15.38 f
  ALU/ALU_OUT_reg[0]/D (SDFFRQX2M)                        0.00      15.38 f
  data arrival time                                                 15.38

  clock Gated_Clock (rise edge)                          20.00      20.00
  clock network delay (ideal)                             0.00      20.00
  clock uncertainty                                      -0.20      19.80
  ALU/ALU_OUT_reg[0]/CK (SDFFRQX2M)                       0.00      19.80 r
  library setup time                                     -0.40      19.40
  data required time                                                19.40
  --------------------------------------------------------------------------
  data required time                                                19.40
  data arrival time                                                -15.38
  --------------------------------------------------------------------------
  slack (MET)                                                        4.02


  Startpoint: REG_FILE/Reg_File_reg[1][7]
              (rising edge-triggered flip-flop clocked by REF_DOMAIN)
  Endpoint: ALU/ALU_OUT_reg[1]
            (rising edge-triggered flip-flop clocked by Gated_Clock)
  Path Group: Gated_Clock
  Path Type: max

  Point                                                   Incr       Path
  --------------------------------------------------------------------------
  clock REF_DOMAIN (rise edge)                            0.00       0.00
  clock network delay (ideal)                             0.00       0.00
  REG_FILE/Reg_File_reg[1][7]/CK (SDFFRQX2M)              0.00       0.00 r
  REG_FILE/Reg_File_reg[1][7]/Q (SDFFRQX2M)               0.55       0.55 f
  REG_FILE/REG1[7] (RAM_test_1)                           0.00       0.55 f
  ALU/B[7] (ALU_16_bit_OPERAND_WIDTH8_OPCODE_WIDTH4_RESULT_WIDTH16_test_1)
                                                          0.00       0.55 f
  ALU/div_29/b[7] (ALU_16_bit_OPERAND_WIDTH8_OPCODE_WIDTH4_RESULT_WIDTH16_DW_div_uns_0)
                                                          0.00       0.55 f
  ALU/div_29/U71/Y (NOR2X1M)                              0.18       0.73 r
  ALU/div_29/U68/Y (AND3X1M)                              0.20       0.94 r
  ALU/div_29/U66/Y (AND2X1M)                              0.16       1.10 r
  ALU/div_29/U63/Y (AND4X1M)                              0.25       1.35 r
  ALU/div_29/U41/Y (CLKMX2X2M)                            0.24       1.59 f
  ALU/div_29/u_div/u_fa_PartRem_0_6_1/CO (ADDFX2M)        0.44       2.03 f
  ALU/div_29/U64/Y (AND3X1M)                              0.32       2.35 f
  ALU/div_29/U47/Y (CLKMX2X2M)                            0.24       2.58 r
  ALU/div_29/u_div/u_fa_PartRem_0_5_1/CO (ADDFX2M)        0.49       3.07 r
  ALU/div_29/u_div/u_fa_PartRem_0_5_2/CO (ADDFX2M)        0.24       3.31 r
  ALU/div_29/U65/Y (AND2X1M)                              0.24       3.55 r
  ALU/div_29/U52/Y (CLKMX2X2M)                            0.27       3.82 f
  ALU/div_29/u_div/u_fa_PartRem_0_4_1/CO (ADDFX2M)        0.46       4.28 f
  ALU/div_29/u_div/u_fa_PartRem_0_4_2/CO (ADDFX2M)        0.33       4.60 f
  ALU/div_29/u_div/u_fa_PartRem_0_4_3/CO (ADDFX2M)        0.31       4.91 f
  ALU/div_29/U67/Y (AND2X1M)                              0.28       5.19 f
  ALU/div_29/U56/Y (CLKMX2X2M)                            0.24       5.43 f
  ALU/div_29/u_div/u_fa_PartRem_0_3_1/CO (ADDFX2M)        0.46       5.88 f
  ALU/div_29/u_div/u_fa_PartRem_0_3_2/CO (ADDFX2M)        0.33       6.21 f
  ALU/div_29/u_div/u_fa_PartRem_0_3_3/CO (ADDFX2M)        0.33       6.54 f
  ALU/div_29/u_div/u_fa_PartRem_0_3_4/CO (ADDFX2M)        0.31       6.85 f
  ALU/div_29/U69/Y (AND3X1M)                              0.39       7.24 f
  ALU/div_29/U59/Y (CLKMX2X2M)                            0.25       7.49 f
  ALU/div_29/u_div/u_fa_PartRem_0_2_1/CO (ADDFX2M)        0.46       7.94 f
  ALU/div_29/u_div/u_fa_PartRem_0_2_2/CO (ADDFX2M)        0.33       8.27 f
  ALU/div_29/u_div/u_fa_PartRem_0_2_3/CO (ADDFX2M)        0.33       8.60 f
  ALU/div_29/u_div/u_fa_PartRem_0_2_4/CO (ADDFX2M)        0.33       8.93 f
  ALU/div_29/u_div/u_fa_PartRem_0_2_5/CO (ADDFX2M)        0.31       9.23 f
  ALU/div_29/U70/Y (AND2X1M)                              0.32       9.55 f
  ALU/div_29/U61/Y (CLKMX2X2M)                            0.25       9.81 f
  ALU/div_29/u_div/u_fa_PartRem_0_1_1/CO (ADDFX2M)        0.46      10.26 f
  ALU/div_29/u_div/u_fa_PartRem_0_1_2/CO (ADDFX2M)        0.33      10.59 f
  ALU/div_29/u_div/u_fa_PartRem_0_1_3/CO (ADDFX2M)        0.33      10.92 f
  ALU/div_29/u_div/u_fa_PartRem_0_1_4/CO (ADDFX2M)        0.33      11.25 f
  ALU/div_29/u_div/u_fa_PartRem_0_1_5/CO (ADDFX2M)        0.33      11.58 f
  ALU/div_29/u_div/u_fa_PartRem_0_1_6/CO (ADDFX2M)        0.31      11.88 f
  ALU/div_29/U72/Y (AND2X1M)                              0.34      12.22 f
  ALU/div_29/quotient[1] (ALU_16_bit_OPERAND_WIDTH8_OPCODE_WIDTH4_RESULT_WIDTH16_DW_div_uns_0)
                                                          0.00      12.22 f
  ALU/U70/Y (OAI2BB1X2M)                                  0.25      12.47 f
  ALU/U69/Y (AOI211X2M)                                   0.21      12.68 r
  ALU/U66/Y (AOI31X2M)                                    0.12      12.80 f
  ALU/ALU_OUT_reg[1]/D (SDFFRQX2M)                        0.00      12.80 f
  data arrival time                                                 12.80

  clock Gated_Clock (rise edge)                          20.00      20.00
  clock network delay (ideal)                             0.00      20.00
  clock uncertainty                                      -0.20      19.80
  ALU/ALU_OUT_reg[1]/CK (SDFFRQX2M)                       0.00      19.80 r
  library setup time                                     -0.40      19.40
  data required time                                                19.40
  --------------------------------------------------------------------------
  data required time                                                19.40
  data arrival time                                                -12.80
  --------------------------------------------------------------------------
  slack (MET)                                                        6.60


  Startpoint: REG_FILE/Reg_File_reg[1][7]
              (rising edge-triggered flip-flop clocked by REF_DOMAIN)
  Endpoint: ALU/ALU_OUT_reg[2]
            (rising edge-triggered flip-flop clocked by Gated_Clock)
  Path Group: Gated_Clock
  Path Type: max

  Point                                                   Incr       Path
  --------------------------------------------------------------------------
  clock REF_DOMAIN (rise edge)                            0.00       0.00
  clock network delay (ideal)                             0.00       0.00
  REG_FILE/Reg_File_reg[1][7]/CK (SDFFRQX2M)              0.00       0.00 r
  REG_FILE/Reg_File_reg[1][7]/Q (SDFFRQX2M)               0.55       0.55 f
  REG_FILE/REG1[7] (RAM_test_1)                           0.00       0.55 f
  ALU/B[7] (ALU_16_bit_OPERAND_WIDTH8_OPCODE_WIDTH4_RESULT_WIDTH16_test_1)
                                                          0.00       0.55 f
  ALU/div_29/b[7] (ALU_16_bit_OPERAND_WIDTH8_OPCODE_WIDTH4_RESULT_WIDTH16_DW_div_uns_0)
                                                          0.00       0.55 f
  ALU/div_29/U71/Y (NOR2X1M)                              0.18       0.73 r
  ALU/div_29/U68/Y (AND3X1M)                              0.20       0.94 r
  ALU/div_29/U66/Y (AND2X1M)                              0.16       1.10 r
  ALU/div_29/U63/Y (AND4X1M)                              0.25       1.35 r
  ALU/div_29/U41/Y (CLKMX2X2M)                            0.24       1.59 f
  ALU/div_29/u_div/u_fa_PartRem_0_6_1/CO (ADDFX2M)        0.44       2.03 f
  ALU/div_29/U64/Y (AND3X1M)                              0.32       2.35 f
  ALU/div_29/U47/Y (CLKMX2X2M)                            0.24       2.58 r
  ALU/div_29/u_div/u_fa_PartRem_0_5_1/CO (ADDFX2M)        0.49       3.07 r
  ALU/div_29/u_div/u_fa_PartRem_0_5_2/CO (ADDFX2M)        0.24       3.31 r
  ALU/div_29/U65/Y (AND2X1M)                              0.24       3.55 r
  ALU/div_29/U52/Y (CLKMX2X2M)                            0.27       3.82 f
  ALU/div_29/u_div/u_fa_PartRem_0_4_1/CO (ADDFX2M)        0.46       4.28 f
  ALU/div_29/u_div/u_fa_PartRem_0_4_2/CO (ADDFX2M)        0.33       4.60 f
  ALU/div_29/u_div/u_fa_PartRem_0_4_3/CO (ADDFX2M)        0.31       4.91 f
  ALU/div_29/U67/Y (AND2X1M)                              0.28       5.19 f
  ALU/div_29/U56/Y (CLKMX2X2M)                            0.24       5.43 f
  ALU/div_29/u_div/u_fa_PartRem_0_3_1/CO (ADDFX2M)        0.46       5.88 f
  ALU/div_29/u_div/u_fa_PartRem_0_3_2/CO (ADDFX2M)        0.33       6.21 f
  ALU/div_29/u_div/u_fa_PartRem_0_3_3/CO (ADDFX2M)        0.33       6.54 f
  ALU/div_29/u_div/u_fa_PartRem_0_3_4/CO (ADDFX2M)        0.31       6.85 f
  ALU/div_29/U69/Y (AND3X1M)                              0.39       7.24 f
  ALU/div_29/U59/Y (CLKMX2X2M)                            0.25       7.49 f
  ALU/div_29/u_div/u_fa_PartRem_0_2_1/CO (ADDFX2M)        0.46       7.94 f
  ALU/div_29/u_div/u_fa_PartRem_0_2_2/CO (ADDFX2M)        0.33       8.27 f
  ALU/div_29/u_div/u_fa_PartRem_0_2_3/CO (ADDFX2M)        0.33       8.60 f
  ALU/div_29/u_div/u_fa_PartRem_0_2_4/CO (ADDFX2M)        0.33       8.93 f
  ALU/div_29/u_div/u_fa_PartRem_0_2_5/CO (ADDFX2M)        0.31       9.23 f
  ALU/div_29/U70/Y (AND2X1M)                              0.32       9.55 f
  ALU/div_29/quotient[2] (ALU_16_bit_OPERAND_WIDTH8_OPCODE_WIDTH4_RESULT_WIDTH16_DW_div_uns_0)
                                                          0.00       9.55 f
  ALU/U79/Y (AOI22X1M)                                    0.20       9.75 r
  ALU/U77/Y (OAI21X2M)                                    0.09       9.84 f
  ALU/U76/Y (AOI221XLM)                                   0.32      10.17 r
  ALU/U73/Y (AOI31X2M)                                    0.14      10.31 f
  ALU/ALU_OUT_reg[2]/D (SDFFRQX2M)                        0.00      10.31 f
  data arrival time                                                 10.31

  clock Gated_Clock (rise edge)                          20.00      20.00
  clock network delay (ideal)                             0.00      20.00
  clock uncertainty                                      -0.20      19.80
  ALU/ALU_OUT_reg[2]/CK (SDFFRQX2M)                       0.00      19.80 r
  library setup time                                     -0.40      19.40
  data required time                                                19.40
  --------------------------------------------------------------------------
  data required time                                                19.40
  data arrival time                                                -10.31
  --------------------------------------------------------------------------
  slack (MET)                                                        9.09


  Startpoint: REG_FILE/Reg_File_reg[1][7]
              (rising edge-triggered flip-flop clocked by REF_DOMAIN)
  Endpoint: ALU/ALU_OUT_reg[3]
            (rising edge-triggered flip-flop clocked by Gated_Clock)
  Path Group: Gated_Clock
  Path Type: max

  Point                                                   Incr       Path
  --------------------------------------------------------------------------
  clock REF_DOMAIN (rise edge)                            0.00       0.00
  clock network delay (ideal)                             0.00       0.00
  REG_FILE/Reg_File_reg[1][7]/CK (SDFFRQX2M)              0.00       0.00 r
  REG_FILE/Reg_File_reg[1][7]/Q (SDFFRQX2M)               0.55       0.55 f
  REG_FILE/REG1[7] (RAM_test_1)                           0.00       0.55 f
  ALU/B[7] (ALU_16_bit_OPERAND_WIDTH8_OPCODE_WIDTH4_RESULT_WIDTH16_test_1)
                                                          0.00       0.55 f
  ALU/div_29/b[7] (ALU_16_bit_OPERAND_WIDTH8_OPCODE_WIDTH4_RESULT_WIDTH16_DW_div_uns_0)
                                                          0.00       0.55 f
  ALU/div_29/U71/Y (NOR2X1M)                              0.18       0.73 r
  ALU/div_29/U68/Y (AND3X1M)                              0.20       0.94 r
  ALU/div_29/U66/Y (AND2X1M)                              0.16       1.10 r
  ALU/div_29/U63/Y (AND4X1M)                              0.25       1.35 r
  ALU/div_29/U41/Y (CLKMX2X2M)                            0.24       1.59 f
  ALU/div_29/u_div/u_fa_PartRem_0_6_1/CO (ADDFX2M)        0.44       2.03 f
  ALU/div_29/U64/Y (AND3X1M)                              0.32       2.35 f
  ALU/div_29/U47/Y (CLKMX2X2M)                            0.24       2.58 r
  ALU/div_29/u_div/u_fa_PartRem_0_5_1/CO (ADDFX2M)        0.49       3.07 r
  ALU/div_29/u_div/u_fa_PartRem_0_5_2/CO (ADDFX2M)        0.24       3.31 r
  ALU/div_29/U65/Y (AND2X1M)                              0.24       3.55 r
  ALU/div_29/U52/Y (CLKMX2X2M)                            0.27       3.82 f
  ALU/div_29/u_div/u_fa_PartRem_0_4_1/CO (ADDFX2M)        0.46       4.28 f
  ALU/div_29/u_div/u_fa_PartRem_0_4_2/CO (ADDFX2M)        0.33       4.60 f
  ALU/div_29/u_div/u_fa_PartRem_0_4_3/CO (ADDFX2M)        0.31       4.91 f
  ALU/div_29/U67/Y (AND2X1M)                              0.28       5.19 f
  ALU/div_29/U56/Y (CLKMX2X2M)                            0.24       5.43 f
  ALU/div_29/u_div/u_fa_PartRem_0_3_1/CO (ADDFX2M)        0.46       5.88 f
  ALU/div_29/u_div/u_fa_PartRem_0_3_2/CO (ADDFX2M)        0.33       6.21 f
  ALU/div_29/u_div/u_fa_PartRem_0_3_3/CO (ADDFX2M)        0.33       6.54 f
  ALU/div_29/u_div/u_fa_PartRem_0_3_4/CO (ADDFX2M)        0.31       6.85 f
  ALU/div_29/U69/Y (AND3X1M)                              0.39       7.24 f
  ALU/div_29/quotient[3] (ALU_16_bit_OPERAND_WIDTH8_OPCODE_WIDTH4_RESULT_WIDTH16_DW_div_uns_0)
                                                          0.00       7.24 f
  ALU/U87/Y (AOI22X1M)                                    0.19       7.43 r
  ALU/U85/Y (OAI21X2M)                                    0.09       7.52 f
  ALU/U84/Y (AOI221XLM)                                   0.32       7.84 r
  ALU/U81/Y (AOI31X2M)                                    0.14       7.98 f
  ALU/ALU_OUT_reg[3]/D (SDFFRQX2M)                        0.00       7.98 f
  data arrival time                                                  7.98

  clock Gated_Clock (rise edge)                          20.00      20.00
  clock network delay (ideal)                             0.00      20.00
  clock uncertainty                                      -0.20      19.80
  ALU/ALU_OUT_reg[3]/CK (SDFFRQX2M)                       0.00      19.80 r
  library setup time                                     -0.40      19.40
  data required time                                                19.40
  --------------------------------------------------------------------------
  data required time                                                19.40
  data arrival time                                                 -7.98
  --------------------------------------------------------------------------
  slack (MET)                                                       11.41


  Startpoint: REG_FILE/Reg_File_reg[0][1]
              (rising edge-triggered flip-flop clocked by REF_DOMAIN)
  Endpoint: ALU/ALU_OUT_reg[15]
            (rising edge-triggered flip-flop clocked by Gated_Clock)
  Path Group: Gated_Clock
  Path Type: max

  Point                                                   Incr       Path
  --------------------------------------------------------------------------
  clock REF_DOMAIN (rise edge)                            0.00       0.00
  clock network delay (ideal)                             0.00       0.00
  REG_FILE/Reg_File_reg[0][1]/CK (SDFFRQX2M)              0.00       0.00 r
  REG_FILE/Reg_File_reg[0][1]/Q (SDFFRQX2M)               0.40       0.40 r
  REG_FILE/REG0[1] (RAM_test_1)                           0.00       0.40 r
  ALU/A[1] (ALU_16_bit_OPERAND_WIDTH8_OPCODE_WIDTH4_RESULT_WIDTH16_test_1)
                                                          0.00       0.40 r
  ALU/U141/Y (BUFX2M)                                     0.28       0.68 r
  ALU/mult_26/A[1] (ALU_16_bit_OPERAND_WIDTH8_OPCODE_WIDTH4_RESULT_WIDTH16_DW02_mult_0)
                                                          0.00       0.68 r
  ALU/mult_26/U36/Y (INVX2M)                              0.15       0.83 f
  ALU/mult_26/U107/Y (NOR2X1M)                            0.18       1.01 r
  ALU/mult_26/U2/Y (AND2X2M)                              0.16       1.17 r
  ALU/mult_26/S2_2_2/CO (ADDFX2M)                         0.54       1.71 r
  ALU/mult_26/S2_3_2/CO (ADDFX2M)                         0.55       2.26 r
  ALU/mult_26/S2_4_2/CO (ADDFX2M)                         0.55       2.81 r
  ALU/mult_26/S2_5_2/CO (ADDFX2M)                         0.55       3.36 r
  ALU/mult_26/S2_6_2/CO (ADDFX2M)                         0.55       3.91 r
  ALU/mult_26/S4_2/S (ADDFX2M)                            0.58       4.49 f
  ALU/mult_26/U10/Y (CLKXOR2X2M)                          0.31       4.80 r
  ALU/mult_26/FS_1/A[7] (ALU_16_bit_OPERAND_WIDTH8_OPCODE_WIDTH4_RESULT_WIDTH16_DW01_add_1)
                                                          0.00       4.80 r
  ALU/mult_26/FS_1/U3/Y (NAND2X2M)                        0.07       4.87 f
  ALU/mult_26/FS_1/U31/Y (OA21X1M)                        0.37       5.24 f
  ALU/mult_26/FS_1/U28/Y (AOI2BB1X1M)                     0.26       5.50 f
  ALU/mult_26/FS_1/U26/Y (OA21X1M)                        0.40       5.90 f
  ALU/mult_26/FS_1/U21/Y (OAI21BX1M)                      0.25       6.14 r
  ALU/mult_26/FS_1/U19/Y (OAI21X1M)                       0.13       6.27 f
  ALU/mult_26/FS_1/U2/Y (AOI21BX2M)                       0.17       6.45 f
  ALU/mult_26/FS_1/U4/Y (XNOR2X2M)                        0.15       6.60 f
  ALU/mult_26/FS_1/SUM[13] (ALU_16_bit_OPERAND_WIDTH8_OPCODE_WIDTH4_RESULT_WIDTH16_DW01_add_1)
                                                          0.00       6.60 f
  ALU/mult_26/PRODUCT[15] (ALU_16_bit_OPERAND_WIDTH8_OPCODE_WIDTH4_RESULT_WIDTH16_DW02_mult_0)
                                                          0.00       6.60 f
  ALU/U27/Y (OAI2BB1X2M)                                  0.17       6.77 f
  ALU/ALU_OUT_reg[15]/D (SDFFRQX2M)                       0.00       6.77 f
  data arrival time                                                  6.77

  clock Gated_Clock (rise edge)                          20.00      20.00
  clock network delay (ideal)                             0.00      20.00
  clock uncertainty                                      -0.20      19.80
  ALU/ALU_OUT_reg[15]/CK (SDFFRQX2M)                      0.00      19.80 r
  library setup time                                     -0.39      19.41
  data required time                                                19.41
  --------------------------------------------------------------------------
  data required time                                                19.41
  data arrival time                                                 -6.77
  --------------------------------------------------------------------------
  slack (MET)                                                       12.64


  Startpoint: REG_FILE/Reg_File_reg[0][1]
              (rising edge-triggered flip-flop clocked by REF_DOMAIN)
  Endpoint: ALU/ALU_OUT_reg[14]
            (rising edge-triggered flip-flop clocked by Gated_Clock)
  Path Group: Gated_Clock
  Path Type: max

  Point                                                   Incr       Path
  --------------------------------------------------------------------------
  clock REF_DOMAIN (rise edge)                            0.00       0.00
  clock network delay (ideal)                             0.00       0.00
  REG_FILE/Reg_File_reg[0][1]/CK (SDFFRQX2M)              0.00       0.00 r
  REG_FILE/Reg_File_reg[0][1]/Q (SDFFRQX2M)               0.40       0.40 r
  REG_FILE/REG0[1] (RAM_test_1)                           0.00       0.40 r
  ALU/A[1] (ALU_16_bit_OPERAND_WIDTH8_OPCODE_WIDTH4_RESULT_WIDTH16_test_1)
                                                          0.00       0.40 r
  ALU/U141/Y (BUFX2M)                                     0.28       0.68 r
  ALU/mult_26/A[1] (ALU_16_bit_OPERAND_WIDTH8_OPCODE_WIDTH4_RESULT_WIDTH16_DW02_mult_0)
                                                          0.00       0.68 r
  ALU/mult_26/U36/Y (INVX2M)                              0.15       0.83 f
  ALU/mult_26/U107/Y (NOR2X1M)                            0.18       1.01 r
  ALU/mult_26/U2/Y (AND2X2M)                              0.16       1.17 r
  ALU/mult_26/S2_2_2/CO (ADDFX2M)                         0.54       1.71 r
  ALU/mult_26/S2_3_2/CO (ADDFX2M)                         0.55       2.26 r
  ALU/mult_26/S2_4_2/CO (ADDFX2M)                         0.55       2.81 r
  ALU/mult_26/S2_5_2/CO (ADDFX2M)                         0.55       3.36 r
  ALU/mult_26/S2_6_2/CO (ADDFX2M)                         0.55       3.91 r
  ALU/mult_26/S4_2/S (ADDFX2M)                            0.58       4.49 f
  ALU/mult_26/U10/Y (CLKXOR2X2M)                          0.31       4.80 r
  ALU/mult_26/FS_1/A[7] (ALU_16_bit_OPERAND_WIDTH8_OPCODE_WIDTH4_RESULT_WIDTH16_DW01_add_1)
                                                          0.00       4.80 r
  ALU/mult_26/FS_1/U3/Y (NAND2X2M)                        0.07       4.87 f
  ALU/mult_26/FS_1/U31/Y (OA21X1M)                        0.37       5.24 f
  ALU/mult_26/FS_1/U28/Y (AOI2BB1X1M)                     0.26       5.50 f
  ALU/mult_26/FS_1/U26/Y (OA21X1M)                        0.40       5.90 f
  ALU/mult_26/FS_1/U21/Y (OAI21BX1M)                      0.25       6.14 r
  ALU/mult_26/FS_1/U20/Y (XOR3XLM)                        0.23       6.38 f
  ALU/mult_26/FS_1/SUM[12] (ALU_16_bit_OPERAND_WIDTH8_OPCODE_WIDTH4_RESULT_WIDTH16_DW01_add_1)
                                                          0.00       6.38 f
  ALU/mult_26/PRODUCT[14] (ALU_16_bit_OPERAND_WIDTH8_OPCODE_WIDTH4_RESULT_WIDTH16_DW02_mult_0)
                                                          0.00       6.38 f
  ALU/U26/Y (OAI2BB1X2M)                                  0.19       6.57 f
  ALU/ALU_OUT_reg[14]/D (SDFFRQX2M)                       0.00       6.57 f
  data arrival time                                                  6.57

  clock Gated_Clock (rise edge)                          20.00      20.00
  clock network delay (ideal)                             0.00      20.00
  clock uncertainty                                      -0.20      19.80
  ALU/ALU_OUT_reg[14]/CK (SDFFRQX2M)                      0.00      19.80 r
  library setup time                                     -0.39      19.41
  data required time                                                19.41
  --------------------------------------------------------------------------
  data required time                                                19.41
  data arrival time                                                 -6.57
  --------------------------------------------------------------------------
  slack (MET)                                                       12.85


  Startpoint: REG_FILE/Reg_File_reg[0][1]
              (rising edge-triggered flip-flop clocked by REF_DOMAIN)
  Endpoint: ALU/ALU_OUT_reg[13]
            (rising edge-triggered flip-flop clocked by Gated_Clock)
  Path Group: Gated_Clock
  Path Type: max

  Point                                                   Incr       Path
  --------------------------------------------------------------------------
  clock REF_DOMAIN (rise edge)                            0.00       0.00
  clock network delay (ideal)                             0.00       0.00
  REG_FILE/Reg_File_reg[0][1]/CK (SDFFRQX2M)              0.00       0.00 r
  REG_FILE/Reg_File_reg[0][1]/Q (SDFFRQX2M)               0.40       0.40 r
  REG_FILE/REG0[1] (RAM_test_1)                           0.00       0.40 r
  ALU/A[1] (ALU_16_bit_OPERAND_WIDTH8_OPCODE_WIDTH4_RESULT_WIDTH16_test_1)
                                                          0.00       0.40 r
  ALU/U141/Y (BUFX2M)                                     0.28       0.68 r
  ALU/mult_26/A[1] (ALU_16_bit_OPERAND_WIDTH8_OPCODE_WIDTH4_RESULT_WIDTH16_DW02_mult_0)
                                                          0.00       0.68 r
  ALU/mult_26/U36/Y (INVX2M)                              0.15       0.83 f
  ALU/mult_26/U107/Y (NOR2X1M)                            0.18       1.01 r
  ALU/mult_26/U2/Y (AND2X2M)                              0.16       1.17 r
  ALU/mult_26/S2_2_2/CO (ADDFX2M)                         0.54       1.71 r
  ALU/mult_26/S2_3_2/CO (ADDFX2M)                         0.55       2.26 r
  ALU/mult_26/S2_4_2/CO (ADDFX2M)                         0.55       2.81 r
  ALU/mult_26/S2_5_2/CO (ADDFX2M)                         0.55       3.36 r
  ALU/mult_26/S2_6_2/CO (ADDFX2M)                         0.55       3.91 r
  ALU/mult_26/S4_2/S (ADDFX2M)                            0.58       4.49 f
  ALU/mult_26/U10/Y (CLKXOR2X2M)                          0.31       4.80 r
  ALU/mult_26/FS_1/A[7] (ALU_16_bit_OPERAND_WIDTH8_OPCODE_WIDTH4_RESULT_WIDTH16_DW01_add_1)
                                                          0.00       4.80 r
  ALU/mult_26/FS_1/U3/Y (NAND2X2M)                        0.07       4.87 f
  ALU/mult_26/FS_1/U31/Y (OA21X1M)                        0.37       5.24 f
  ALU/mult_26/FS_1/U28/Y (AOI2BB1X1M)                     0.26       5.50 f
  ALU/mult_26/FS_1/U26/Y (OA21X1M)                        0.40       5.90 f
  ALU/mult_26/FS_1/U22/Y (XNOR2X1M)                       0.14       6.04 f
  ALU/mult_26/FS_1/SUM[11] (ALU_16_bit_OPERAND_WIDTH8_OPCODE_WIDTH4_RESULT_WIDTH16_DW01_add_1)
                                                          0.00       6.04 f
  ALU/mult_26/PRODUCT[13] (ALU_16_bit_OPERAND_WIDTH8_OPCODE_WIDTH4_RESULT_WIDTH16_DW02_mult_0)
                                                          0.00       6.04 f
  ALU/U30/Y (OAI2BB1X2M)                                  0.17       6.22 f
  ALU/ALU_OUT_reg[13]/D (SDFFRQX2M)                       0.00       6.22 f
  data arrival time                                                  6.22

  clock Gated_Clock (rise edge)                          20.00      20.00
  clock network delay (ideal)                             0.00      20.00
  clock uncertainty                                      -0.20      19.80
  ALU/ALU_OUT_reg[13]/CK (SDFFRQX2M)                      0.00      19.80 r
  library setup time                                     -0.39      19.41
  data required time                                                19.41
  --------------------------------------------------------------------------
  data required time                                                19.41
  data arrival time                                                 -6.22
  --------------------------------------------------------------------------
  slack (MET)                                                       13.19


  Startpoint: REG_FILE/Reg_File_reg[1][7]
              (rising edge-triggered flip-flop clocked by REF_DOMAIN)
  Endpoint: ALU/ALU_OUT_reg[4]
            (rising edge-triggered flip-flop clocked by Gated_Clock)
  Path Group: Gated_Clock
  Path Type: max

  Point                                                   Incr       Path
  --------------------------------------------------------------------------
  clock REF_DOMAIN (rise edge)                            0.00       0.00
  clock network delay (ideal)                             0.00       0.00
  REG_FILE/Reg_File_reg[1][7]/CK (SDFFRQX2M)              0.00       0.00 r
  REG_FILE/Reg_File_reg[1][7]/Q (SDFFRQX2M)               0.55       0.55 f
  REG_FILE/REG1[7] (RAM_test_1)                           0.00       0.55 f
  ALU/B[7] (ALU_16_bit_OPERAND_WIDTH8_OPCODE_WIDTH4_RESULT_WIDTH16_test_1)
                                                          0.00       0.55 f
  ALU/div_29/b[7] (ALU_16_bit_OPERAND_WIDTH8_OPCODE_WIDTH4_RESULT_WIDTH16_DW_div_uns_0)
                                                          0.00       0.55 f
  ALU/div_29/U71/Y (NOR2X1M)                              0.18       0.73 r
  ALU/div_29/U68/Y (AND3X1M)                              0.20       0.94 r
  ALU/div_29/U66/Y (AND2X1M)                              0.16       1.10 r
  ALU/div_29/U63/Y (AND4X1M)                              0.25       1.35 r
  ALU/div_29/U41/Y (CLKMX2X2M)                            0.24       1.59 f
  ALU/div_29/u_div/u_fa_PartRem_0_6_1/CO (ADDFX2M)        0.44       2.03 f
  ALU/div_29/U64/Y (AND3X1M)                              0.32       2.35 f
  ALU/div_29/U47/Y (CLKMX2X2M)                            0.24       2.58 r
  ALU/div_29/u_div/u_fa_PartRem_0_5_1/CO (ADDFX2M)        0.49       3.07 r
  ALU/div_29/u_div/u_fa_PartRem_0_5_2/CO (ADDFX2M)        0.24       3.31 r
  ALU/div_29/U65/Y (AND2X1M)                              0.24       3.55 r
  ALU/div_29/U52/Y (CLKMX2X2M)                            0.27       3.82 f
  ALU/div_29/u_div/u_fa_PartRem_0_4_1/CO (ADDFX2M)        0.46       4.28 f
  ALU/div_29/u_div/u_fa_PartRem_0_4_2/CO (ADDFX2M)        0.33       4.60 f
  ALU/div_29/u_div/u_fa_PartRem_0_4_3/CO (ADDFX2M)        0.31       4.91 f
  ALU/div_29/U67/Y (AND2X1M)                              0.28       5.19 f
  ALU/div_29/quotient[4] (ALU_16_bit_OPERAND_WIDTH8_OPCODE_WIDTH4_RESULT_WIDTH16_DW_div_uns_0)
                                                          0.00       5.19 f
  ALU/U95/Y (AOI22X1M)                                    0.18       5.37 r
  ALU/U93/Y (OAI21X2M)                                    0.09       5.46 f
  ALU/U92/Y (AOI221XLM)                                   0.32       5.78 r
  ALU/U89/Y (AOI31X2M)                                    0.14       5.92 f
  ALU/ALU_OUT_reg[4]/D (SDFFRQX2M)                        0.00       5.92 f
  data arrival time                                                  5.92

  clock Gated_Clock (rise edge)                          20.00      20.00
  clock network delay (ideal)                             0.00      20.00
  clock uncertainty                                      -0.20      19.80
  ALU/ALU_OUT_reg[4]/CK (SDFFRQX2M)                       0.00      19.80 r
  library setup time                                     -0.40      19.40
  data required time                                                19.40
  --------------------------------------------------------------------------
  data required time                                                19.40
  data arrival time                                                 -5.92
  --------------------------------------------------------------------------
  slack (MET)                                                       13.47


  Startpoint: REG_FILE/Reg_File_reg[0][1]
              (rising edge-triggered flip-flop clocked by REF_DOMAIN)
  Endpoint: ALU/ALU_OUT_reg[12]
            (rising edge-triggered flip-flop clocked by Gated_Clock)
  Path Group: Gated_Clock
  Path Type: max

  Point                                                   Incr       Path
  --------------------------------------------------------------------------
  clock REF_DOMAIN (rise edge)                            0.00       0.00
  clock network delay (ideal)                             0.00       0.00
  REG_FILE/Reg_File_reg[0][1]/CK (SDFFRQX2M)              0.00       0.00 r
  REG_FILE/Reg_File_reg[0][1]/Q (SDFFRQX2M)               0.40       0.40 r
  REG_FILE/REG0[1] (RAM_test_1)                           0.00       0.40 r
  ALU/A[1] (ALU_16_bit_OPERAND_WIDTH8_OPCODE_WIDTH4_RESULT_WIDTH16_test_1)
                                                          0.00       0.40 r
  ALU/U141/Y (BUFX2M)                                     0.28       0.68 r
  ALU/mult_26/A[1] (ALU_16_bit_OPERAND_WIDTH8_OPCODE_WIDTH4_RESULT_WIDTH16_DW02_mult_0)
                                                          0.00       0.68 r
  ALU/mult_26/U36/Y (INVX2M)                              0.15       0.83 f
  ALU/mult_26/U107/Y (NOR2X1M)                            0.18       1.01 r
  ALU/mult_26/U2/Y (AND2X2M)                              0.16       1.17 r
  ALU/mult_26/S2_2_2/CO (ADDFX2M)                         0.54       1.71 r
  ALU/mult_26/S2_3_2/CO (ADDFX2M)                         0.55       2.26 r
  ALU/mult_26/S2_4_2/CO (ADDFX2M)                         0.55       2.81 r
  ALU/mult_26/S2_5_2/CO (ADDFX2M)                         0.55       3.36 r
  ALU/mult_26/S2_6_2/CO (ADDFX2M)                         0.55       3.91 r
  ALU/mult_26/S4_2/S (ADDFX2M)                            0.58       4.49 f
  ALU/mult_26/U10/Y (CLKXOR2X2M)                          0.31       4.80 r
  ALU/mult_26/FS_1/A[7] (ALU_16_bit_OPERAND_WIDTH8_OPCODE_WIDTH4_RESULT_WIDTH16_DW01_add_1)
                                                          0.00       4.80 r
  ALU/mult_26/FS_1/U3/Y (NAND2X2M)                        0.07       4.87 f
  ALU/mult_26/FS_1/U31/Y (OA21X1M)                        0.37       5.24 f
  ALU/mult_26/FS_1/U28/Y (AOI2BB1X1M)                     0.26       5.50 f
  ALU/mult_26/FS_1/U27/Y (CLKXOR2X2M)                     0.22       5.72 f
  ALU/mult_26/FS_1/SUM[10] (ALU_16_bit_OPERAND_WIDTH8_OPCODE_WIDTH4_RESULT_WIDTH16_DW01_add_1)
                                                          0.00       5.72 f
  ALU/mult_26/PRODUCT[12] (ALU_16_bit_OPERAND_WIDTH8_OPCODE_WIDTH4_RESULT_WIDTH16_DW02_mult_0)
                                                          0.00       5.72 f
  ALU/U28/Y (OAI2BB1X2M)                                  0.17       5.89 f
  ALU/ALU_OUT_reg[12]/D (SDFFRQX2M)                       0.00       5.89 f
  data arrival time                                                  5.89

  clock Gated_Clock (rise edge)                          20.00      20.00
  clock network delay (ideal)                             0.00      20.00
  clock uncertainty                                      -0.20      19.80
  ALU/ALU_OUT_reg[12]/CK (SDFFRQX2M)                      0.00      19.80 r
  library setup time                                     -0.39      19.41
  data required time                                                19.41
  --------------------------------------------------------------------------
  data required time                                                19.41
  data arrival time                                                 -5.89
  --------------------------------------------------------------------------
  slack (MET)                                                       13.53


  Startpoint: REG_FILE/Reg_File_reg[0][1]
              (rising edge-triggered flip-flop clocked by REF_DOMAIN)
  Endpoint: ALU/ALU_OUT_reg[11]
            (rising edge-triggered flip-flop clocked by Gated_Clock)
  Path Group: Gated_Clock
  Path Type: max

  Point                                                   Incr       Path
  --------------------------------------------------------------------------
  clock REF_DOMAIN (rise edge)                            0.00       0.00
  clock network delay (ideal)                             0.00       0.00
  REG_FILE/Reg_File_reg[0][1]/CK (SDFFRQX2M)              0.00       0.00 r
  REG_FILE/Reg_File_reg[0][1]/Q (SDFFRQX2M)               0.40       0.40 r
  REG_FILE/REG0[1] (RAM_test_1)                           0.00       0.40 r
  ALU/A[1] (ALU_16_bit_OPERAND_WIDTH8_OPCODE_WIDTH4_RESULT_WIDTH16_test_1)
                                                          0.00       0.40 r
  ALU/U141/Y (BUFX2M)                                     0.28       0.68 r
  ALU/mult_26/A[1] (ALU_16_bit_OPERAND_WIDTH8_OPCODE_WIDTH4_RESULT_WIDTH16_DW02_mult_0)
                                                          0.00       0.68 r
  ALU/mult_26/U36/Y (INVX2M)                              0.15       0.83 f
  ALU/mult_26/U107/Y (NOR2X1M)                            0.18       1.01 r
  ALU/mult_26/U2/Y (AND2X2M)                              0.16       1.17 r
  ALU/mult_26/S2_2_2/CO (ADDFX2M)                         0.54       1.71 r
  ALU/mult_26/S2_3_2/CO (ADDFX2M)                         0.55       2.26 r
  ALU/mult_26/S2_4_2/CO (ADDFX2M)                         0.55       2.81 r
  ALU/mult_26/S2_5_2/CO (ADDFX2M)                         0.55       3.36 r
  ALU/mult_26/S2_6_2/CO (ADDFX2M)                         0.55       3.91 r
  ALU/mult_26/S4_2/S (ADDFX2M)                            0.58       4.49 f
  ALU/mult_26/U10/Y (CLKXOR2X2M)                          0.31       4.80 r
  ALU/mult_26/FS_1/A[7] (ALU_16_bit_OPERAND_WIDTH8_OPCODE_WIDTH4_RESULT_WIDTH16_DW01_add_1)
                                                          0.00       4.80 r
  ALU/mult_26/FS_1/U3/Y (NAND2X2M)                        0.07       4.87 f
  ALU/mult_26/FS_1/U31/Y (OA21X1M)                        0.37       5.24 f
  ALU/mult_26/FS_1/U15/Y (XNOR2X1M)                       0.14       5.38 f
  ALU/mult_26/FS_1/SUM[9] (ALU_16_bit_OPERAND_WIDTH8_OPCODE_WIDTH4_RESULT_WIDTH16_DW01_add_1)
                                                          0.00       5.38 f
  ALU/mult_26/PRODUCT[11] (ALU_16_bit_OPERAND_WIDTH8_OPCODE_WIDTH4_RESULT_WIDTH16_DW02_mult_0)
                                                          0.00       5.38 f
  ALU/U29/Y (OAI2BB1X2M)                                  0.17       5.55 f
  ALU/ALU_OUT_reg[11]/D (SDFFRQX2M)                       0.00       5.55 f
  data arrival time                                                  5.55

  clock Gated_Clock (rise edge)                          20.00      20.00
  clock network delay (ideal)                             0.00      20.00
  clock uncertainty                                      -0.20      19.80
  ALU/ALU_OUT_reg[11]/CK (SDFFRQX2M)                      0.00      19.80 r
  library setup time                                     -0.39      19.41
  data required time                                                19.41
  --------------------------------------------------------------------------
  data required time                                                19.41
  data arrival time                                                 -5.55
  --------------------------------------------------------------------------
  slack (MET)                                                       13.86


  Startpoint: REG_FILE/Reg_File_reg[0][1]
              (rising edge-triggered flip-flop clocked by REF_DOMAIN)
  Endpoint: ALU/ALU_OUT_reg[10]
            (rising edge-triggered flip-flop clocked by Gated_Clock)
  Path Group: Gated_Clock
  Path Type: max

  Point                                                   Incr       Path
  --------------------------------------------------------------------------
  clock REF_DOMAIN (rise edge)                            0.00       0.00
  clock network delay (ideal)                             0.00       0.00
  REG_FILE/Reg_File_reg[0][1]/CK (SDFFRQX2M)              0.00       0.00 r
  REG_FILE/Reg_File_reg[0][1]/Q (SDFFRQX2M)               0.40       0.40 r
  REG_FILE/REG0[1] (RAM_test_1)                           0.00       0.40 r
  ALU/A[1] (ALU_16_bit_OPERAND_WIDTH8_OPCODE_WIDTH4_RESULT_WIDTH16_test_1)
                                                          0.00       0.40 r
  ALU/U141/Y (BUFX2M)                                     0.28       0.68 r
  ALU/mult_26/A[1] (ALU_16_bit_OPERAND_WIDTH8_OPCODE_WIDTH4_RESULT_WIDTH16_DW02_mult_0)
                                                          0.00       0.68 r
  ALU/mult_26/U36/Y (INVX2M)                              0.15       0.83 f
  ALU/mult_26/U106/Y (NOR2X1M)                            0.18       1.01 r
  ALU/mult_26/U3/Y (AND2X2M)                              0.16       1.17 r
  ALU/mult_26/S2_2_3/CO (ADDFX2M)                         0.54       1.71 r
  ALU/mult_26/S2_3_3/CO (ADDFX2M)                         0.55       2.26 r
  ALU/mult_26/S2_4_3/CO (ADDFX2M)                         0.55       2.81 r
  ALU/mult_26/S2_5_3/CO (ADDFX2M)                         0.55       3.36 r
  ALU/mult_26/S2_6_3/CO (ADDFX2M)                         0.55       3.91 r
  ALU/mult_26/S4_3/S (ADDFX2M)                            0.58       4.49 f
  ALU/mult_26/U11/Y (CLKXOR2X2M)                          0.26       4.75 f
  ALU/mult_26/FS_1/A[8] (ALU_16_bit_OPERAND_WIDTH8_OPCODE_WIDTH4_RESULT_WIDTH16_DW01_add_1)
                                                          0.00       4.75 f
  ALU/mult_26/FS_1/U33/Y (NOR2X1M)                        0.13       4.88 r
  ALU/mult_26/FS_1/U18/Y (NAND2BX1M)                      0.15       5.03 r
  ALU/mult_26/FS_1/U17/Y (CLKXOR2X2M)                     0.20       5.23 f
  ALU/mult_26/FS_1/SUM[8] (ALU_16_bit_OPERAND_WIDTH8_OPCODE_WIDTH4_RESULT_WIDTH16_DW01_add_1)
                                                          0.00       5.23 f
  ALU/mult_26/PRODUCT[10] (ALU_16_bit_OPERAND_WIDTH8_OPCODE_WIDTH4_RESULT_WIDTH16_DW02_mult_0)
                                                          0.00       5.23 f
  ALU/U32/Y (OAI2BB1X2M)                                  0.17       5.40 f
  ALU/ALU_OUT_reg[10]/D (SDFFRQX2M)                       0.00       5.40 f
  data arrival time                                                  5.40

  clock Gated_Clock (rise edge)                          20.00      20.00
  clock network delay (ideal)                             0.00      20.00
  clock uncertainty                                      -0.20      19.80
  ALU/ALU_OUT_reg[10]/CK (SDFFRQX2M)                      0.00      19.80 r
  library setup time                                     -0.39      19.41
  data required time                                                19.41
  --------------------------------------------------------------------------
  data required time                                                19.41
  data arrival time                                                 -5.40
  --------------------------------------------------------------------------
  slack (MET)                                                       14.01


  Startpoint: REG_FILE/Reg_File_reg[0][1]
              (rising edge-triggered flip-flop clocked by REF_DOMAIN)
  Endpoint: ALU/ALU_OUT_reg[7]
            (rising edge-triggered flip-flop clocked by Gated_Clock)
  Path Group: Gated_Clock
  Path Type: max

  Point                                                   Incr       Path
  --------------------------------------------------------------------------
  clock REF_DOMAIN (rise edge)                            0.00       0.00
  clock network delay (ideal)                             0.00       0.00
  REG_FILE/Reg_File_reg[0][1]/CK (SDFFRQX2M)              0.00       0.00 r
  REG_FILE/Reg_File_reg[0][1]/Q (SDFFRQX2M)               0.40       0.40 r
  REG_FILE/REG0[1] (RAM_test_1)                           0.00       0.40 r
  ALU/A[1] (ALU_16_bit_OPERAND_WIDTH8_OPCODE_WIDTH4_RESULT_WIDTH16_test_1)
                                                          0.00       0.40 r
  ALU/U141/Y (BUFX2M)                                     0.28       0.68 r
  ALU/mult_26/A[1] (ALU_16_bit_OPERAND_WIDTH8_OPCODE_WIDTH4_RESULT_WIDTH16_DW02_mult_0)
                                                          0.00       0.68 r
  ALU/mult_26/U36/Y (INVX2M)                              0.15       0.83 f
  ALU/mult_26/U109/Y (NOR2X1M)                            0.19       1.02 r
  ALU/mult_26/U6/Y (AND2X2M)                              0.16       1.18 r
  ALU/mult_26/S1_2_0/CO (ADDFX2M)                         0.54       1.73 r
  ALU/mult_26/S1_3_0/CO (ADDFX2M)                         0.55       2.28 r
  ALU/mult_26/S1_4_0/CO (ADDFX2M)                         0.55       2.83 r
  ALU/mult_26/S1_5_0/CO (ADDFX2M)                         0.55       3.38 r
  ALU/mult_26/S1_6_0/CO (ADDFX2M)                         0.55       3.93 r
  ALU/mult_26/S4_0/S (ADDFX2M)                            0.56       4.49 f
  ALU/mult_26/FS_1/A[5] (ALU_16_bit_OPERAND_WIDTH8_OPCODE_WIDTH4_RESULT_WIDTH16_DW01_add_1)
                                                          0.00       4.49 f
  ALU/mult_26/FS_1/U14/Y (BUFX2M)                         0.15       4.63 f
  ALU/mult_26/FS_1/SUM[5] (ALU_16_bit_OPERAND_WIDTH8_OPCODE_WIDTH4_RESULT_WIDTH16_DW01_add_1)
                                                          0.00       4.63 f
  ALU/mult_26/PRODUCT[7] (ALU_16_bit_OPERAND_WIDTH8_OPCODE_WIDTH4_RESULT_WIDTH16_DW02_mult_0)
                                                          0.00       4.63 f
  ALU/U42/Y (OAI2BB2X1M)                                  0.22       4.86 f
  ALU/U146/Y (AOI221XLM)                                  0.33       5.18 r
  ALU/U143/Y (AOI31X2M)                                   0.14       5.32 f
  ALU/ALU_OUT_reg[7]/D (SDFFRQX2M)                        0.00       5.32 f
  data arrival time                                                  5.32

  clock Gated_Clock (rise edge)                          20.00      20.00
  clock network delay (ideal)                             0.00      20.00
  clock uncertainty                                      -0.20      19.80
  ALU/ALU_OUT_reg[7]/CK (SDFFRQX2M)                       0.00      19.80 r
  library setup time                                     -0.40      19.40
  data required time                                                19.40
  --------------------------------------------------------------------------
  data required time                                                19.40
  data arrival time                                                 -5.32
  --------------------------------------------------------------------------
  slack (MET)                                                       14.08


  Startpoint: REG_FILE/Reg_File_reg[0][1]
              (rising edge-triggered flip-flop clocked by REF_DOMAIN)
  Endpoint: ALU/ALU_OUT_reg[8]
            (rising edge-triggered flip-flop clocked by Gated_Clock)
  Path Group: Gated_Clock
  Path Type: max

  Point                                                   Incr       Path
  --------------------------------------------------------------------------
  clock REF_DOMAIN (rise edge)                            0.00       0.00
  clock network delay (ideal)                             0.00       0.00
  REG_FILE/Reg_File_reg[0][1]/CK (SDFFRQX2M)              0.00       0.00 r
  REG_FILE/Reg_File_reg[0][1]/Q (SDFFRQX2M)               0.40       0.40 r
  REG_FILE/REG0[1] (RAM_test_1)                           0.00       0.40 r
  ALU/A[1] (ALU_16_bit_OPERAND_WIDTH8_OPCODE_WIDTH4_RESULT_WIDTH16_test_1)
                                                          0.00       0.40 r
  ALU/U141/Y (BUFX2M)                                     0.28       0.68 r
  ALU/mult_26/A[1] (ALU_16_bit_OPERAND_WIDTH8_OPCODE_WIDTH4_RESULT_WIDTH16_DW02_mult_0)
                                                          0.00       0.68 r
  ALU/mult_26/U36/Y (INVX2M)                              0.15       0.83 f
  ALU/mult_26/U108/Y (NOR2X1M)                            0.18       1.01 r
  ALU/mult_26/U5/Y (AND2X2M)                              0.16       1.17 r
  ALU/mult_26/S2_2_1/CO (ADDFX2M)                         0.54       1.71 r
  ALU/mult_26/S2_3_1/CO (ADDFX2M)                         0.55       2.26 r
  ALU/mult_26/S2_4_1/CO (ADDFX2M)                         0.55       2.81 r
  ALU/mult_26/S2_5_1/CO (ADDFX2M)                         0.55       3.36 r
  ALU/mult_26/S2_6_1/CO (ADDFX2M)                         0.55       3.91 r
  ALU/mult_26/S4_1/S (ADDFX2M)                            0.59       4.50 f
  ALU/mult_26/U28/Y (INVX2M)                              0.08       4.58 r
  ALU/mult_26/U27/Y (XNOR2X2M)                            0.09       4.67 f
  ALU/mult_26/FS_1/A[6] (ALU_16_bit_OPERAND_WIDTH8_OPCODE_WIDTH4_RESULT_WIDTH16_DW01_add_1)
                                                          0.00       4.67 f
  ALU/mult_26/FS_1/U7/Y (INVX2M)                          0.07       4.74 r
  ALU/mult_26/FS_1/U8/Y (INVX2M)                          0.04       4.77 f
  ALU/mult_26/FS_1/SUM[6] (ALU_16_bit_OPERAND_WIDTH8_OPCODE_WIDTH4_RESULT_WIDTH16_DW01_add_1)
                                                          0.00       4.77 f
  ALU/mult_26/PRODUCT[8] (ALU_16_bit_OPERAND_WIDTH8_OPCODE_WIDTH4_RESULT_WIDTH16_DW02_mult_0)
                                                          0.00       4.77 f
  ALU/U111/Y (AOI22X1M)                                   0.18       4.95 r
  ALU/U109/Y (AOI31X2M)                                   0.11       5.06 f
  ALU/ALU_OUT_reg[8]/D (SDFFRQX2M)                        0.00       5.06 f
  data arrival time                                                  5.06

  clock Gated_Clock (rise edge)                          20.00      20.00
  clock network delay (ideal)                             0.00      20.00
  clock uncertainty                                      -0.20      19.80
  ALU/ALU_OUT_reg[8]/CK (SDFFRQX2M)                       0.00      19.80 r
  library setup time                                     -0.40      19.40
  data required time                                                19.40
  --------------------------------------------------------------------------
  data required time                                                19.40
  data arrival time                                                 -5.06
  --------------------------------------------------------------------------
  slack (MET)                                                       14.34


  Startpoint: REG_FILE/Reg_File_reg[0][1]
              (rising edge-triggered flip-flop clocked by REF_DOMAIN)
  Endpoint: ALU/ALU_OUT_reg[9]
            (rising edge-triggered flip-flop clocked by Gated_Clock)
  Path Group: Gated_Clock
  Path Type: max

  Point                                                   Incr       Path
  --------------------------------------------------------------------------
  clock REF_DOMAIN (rise edge)                            0.00       0.00
  clock network delay (ideal)                             0.00       0.00
  REG_FILE/Reg_File_reg[0][1]/CK (SDFFRQX2M)              0.00       0.00 r
  REG_FILE/Reg_File_reg[0][1]/Q (SDFFRQX2M)               0.40       0.40 r
  REG_FILE/REG0[1] (RAM_test_1)                           0.00       0.40 r
  ALU/A[1] (ALU_16_bit_OPERAND_WIDTH8_OPCODE_WIDTH4_RESULT_WIDTH16_test_1)
                                                          0.00       0.40 r
  ALU/U141/Y (BUFX2M)                                     0.28       0.68 r
  ALU/mult_26/A[1] (ALU_16_bit_OPERAND_WIDTH8_OPCODE_WIDTH4_RESULT_WIDTH16_DW02_mult_0)
                                                          0.00       0.68 r
  ALU/mult_26/U36/Y (INVX2M)                              0.15       0.83 f
  ALU/mult_26/U107/Y (NOR2X1M)                            0.18       1.01 r
  ALU/mult_26/U2/Y (AND2X2M)                              0.16       1.17 r
  ALU/mult_26/S2_2_2/CO (ADDFX2M)                         0.54       1.71 r
  ALU/mult_26/S2_3_2/CO (ADDFX2M)                         0.55       2.26 r
  ALU/mult_26/S2_4_2/CO (ADDFX2M)                         0.55       2.81 r
  ALU/mult_26/S2_5_2/CO (ADDFX2M)                         0.55       3.36 r
  ALU/mult_26/S2_6_2/CO (ADDFX2M)                         0.55       3.91 r
  ALU/mult_26/S4_2/S (ADDFX2M)                            0.58       4.49 f
  ALU/mult_26/U10/Y (CLKXOR2X2M)                          0.27       4.76 f
  ALU/mult_26/FS_1/A[7] (ALU_16_bit_OPERAND_WIDTH8_OPCODE_WIDTH4_RESULT_WIDTH16_DW01_add_1)
                                                          0.00       4.76 f
  ALU/mult_26/FS_1/U5/Y (XNOR2X2M)                        0.13       4.89 f
  ALU/mult_26/FS_1/SUM[7] (ALU_16_bit_OPERAND_WIDTH8_OPCODE_WIDTH4_RESULT_WIDTH16_DW01_add_1)
                                                          0.00       4.89 f
  ALU/mult_26/PRODUCT[9] (ALU_16_bit_OPERAND_WIDTH8_OPCODE_WIDTH4_RESULT_WIDTH16_DW02_mult_0)
                                                          0.00       4.89 f
  ALU/U31/Y (OAI2BB1X2M)                                  0.17       5.06 f
  ALU/ALU_OUT_reg[9]/D (SDFFRQX2M)                        0.00       5.06 f
  data arrival time                                                  5.06

  clock Gated_Clock (rise edge)                          20.00      20.00
  clock network delay (ideal)                             0.00      20.00
  clock uncertainty                                      -0.20      19.80
  ALU/ALU_OUT_reg[9]/CK (SDFFRQX2M)                       0.00      19.80 r
  library setup time                                     -0.39      19.41
  data required time                                                19.41
  --------------------------------------------------------------------------
  data required time                                                19.41
  data arrival time                                                 -5.06
  --------------------------------------------------------------------------
  slack (MET)                                                       14.35


  Startpoint: REG_FILE/Reg_File_reg[0][1]
              (rising edge-triggered flip-flop clocked by REF_DOMAIN)
  Endpoint: ALU/ALU_OUT_reg[6]
            (rising edge-triggered flip-flop clocked by Gated_Clock)
  Path Group: Gated_Clock
  Path Type: max

  Point                                                   Incr       Path
  --------------------------------------------------------------------------
  clock REF_DOMAIN (rise edge)                            0.00       0.00
  clock network delay (ideal)                             0.00       0.00
  REG_FILE/Reg_File_reg[0][1]/CK (SDFFRQX2M)              0.00       0.00 r
  REG_FILE/Reg_File_reg[0][1]/Q (SDFFRQX2M)               0.40       0.40 r
  REG_FILE/REG0[1] (RAM_test_1)                           0.00       0.40 r
  ALU/A[1] (ALU_16_bit_OPERAND_WIDTH8_OPCODE_WIDTH4_RESULT_WIDTH16_test_1)
                                                          0.00       0.40 r
  ALU/U141/Y (BUFX2M)                                     0.28       0.68 r
  ALU/mult_26/A[1] (ALU_16_bit_OPERAND_WIDTH8_OPCODE_WIDTH4_RESULT_WIDTH16_DW02_mult_0)
                                                          0.00       0.68 r
  ALU/mult_26/U36/Y (INVX2M)                              0.15       0.83 f
  ALU/mult_26/U109/Y (NOR2X1M)                            0.19       1.02 r
  ALU/mult_26/U6/Y (AND2X2M)                              0.16       1.18 r
  ALU/mult_26/S1_2_0/CO (ADDFX2M)                         0.54       1.73 r
  ALU/mult_26/S1_3_0/CO (ADDFX2M)                         0.55       2.28 r
  ALU/mult_26/S1_4_0/CO (ADDFX2M)                         0.55       2.83 r
  ALU/mult_26/S1_5_0/CO (ADDFX2M)                         0.55       3.38 r
  ALU/mult_26/S1_6_0/S (ADDFX2M)                          0.56       3.93 f
  ALU/mult_26/FS_1/A[4] (ALU_16_bit_OPERAND_WIDTH8_OPCODE_WIDTH4_RESULT_WIDTH16_DW01_add_1)
                                                          0.00       3.93 f
  ALU/mult_26/FS_1/U13/Y (BUFX2M)                         0.15       4.08 f
  ALU/mult_26/FS_1/SUM[4] (ALU_16_bit_OPERAND_WIDTH8_OPCODE_WIDTH4_RESULT_WIDTH16_DW01_add_1)
                                                          0.00       4.08 f
  ALU/mult_26/PRODUCT[6] (ALU_16_bit_OPERAND_WIDTH8_OPCODE_WIDTH4_RESULT_WIDTH16_DW02_mult_0)
                                                          0.00       4.08 f
  ALU/U100/Y (AOI222X1M)                                  0.25       4.33 r
  ALU/U97/Y (AOI31X2M)                                    0.14       4.47 f
  ALU/ALU_OUT_reg[6]/D (SDFFRQX2M)                        0.00       4.47 f
  data arrival time                                                  4.47

  clock Gated_Clock (rise edge)                          20.00      20.00
  clock network delay (ideal)                             0.00      20.00
  clock uncertainty                                      -0.20      19.80
  ALU/ALU_OUT_reg[6]/CK (SDFFRQX2M)                       0.00      19.80 r
  library setup time                                     -0.40      19.40
  data required time                                                19.40
  --------------------------------------------------------------------------
  data required time                                                19.40
  data arrival time                                                 -4.47
  --------------------------------------------------------------------------
  slack (MET)                                                       14.93


  Startpoint: REG_FILE/Reg_File_reg[1][7]
              (rising edge-triggered flip-flop clocked by REF_DOMAIN)
  Endpoint: ALU/ALU_OUT_reg[5]
            (rising edge-triggered flip-flop clocked by Gated_Clock)
  Path Group: Gated_Clock
  Path Type: max

  Point                                                   Incr       Path
  --------------------------------------------------------------------------
  clock REF_DOMAIN (rise edge)                            0.00       0.00
  clock network delay (ideal)                             0.00       0.00
  REG_FILE/Reg_File_reg[1][7]/CK (SDFFRQX2M)              0.00       0.00 r
  REG_FILE/Reg_File_reg[1][7]/Q (SDFFRQX2M)               0.55       0.55 f
  REG_FILE/REG1[7] (RAM_test_1)                           0.00       0.55 f
  ALU/B[7] (ALU_16_bit_OPERAND_WIDTH8_OPCODE_WIDTH4_RESULT_WIDTH16_test_1)
                                                          0.00       0.55 f
  ALU/div_29/b[7] (ALU_16_bit_OPERAND_WIDTH8_OPCODE_WIDTH4_RESULT_WIDTH16_DW_div_uns_0)
                                                          0.00       0.55 f
  ALU/div_29/U71/Y (NOR2X1M)                              0.18       0.73 r
  ALU/div_29/U68/Y (AND3X1M)                              0.20       0.94 r
  ALU/div_29/U66/Y (AND2X1M)                              0.16       1.10 r
  ALU/div_29/U63/Y (AND4X1M)                              0.25       1.35 r
  ALU/div_29/U41/Y (CLKMX2X2M)                            0.24       1.59 f
  ALU/div_29/u_div/u_fa_PartRem_0_6_1/CO (ADDFX2M)        0.44       2.03 f
  ALU/div_29/U64/Y (AND3X1M)                              0.32       2.35 f
  ALU/div_29/U47/Y (CLKMX2X2M)                            0.22       2.57 f
  ALU/div_29/u_div/u_fa_PartRem_0_5_1/CO (ADDFX2M)        0.46       3.02 f
  ALU/div_29/u_div/u_fa_PartRem_0_5_2/CO (ADDFX2M)        0.31       3.33 f
  ALU/div_29/U65/Y (AND2X1M)                              0.26       3.59 f
  ALU/div_29/quotient[5] (ALU_16_bit_OPERAND_WIDTH8_OPCODE_WIDTH4_RESULT_WIDTH16_DW_div_uns_0)
                                                          0.00       3.59 f
  ALU/U107/Y (AOI22X1M)                                   0.17       3.76 r
  ALU/U105/Y (OAI21X2M)                                   0.09       3.85 f
  ALU/U104/Y (AOI221XLM)                                  0.32       4.17 r
  ALU/U101/Y (AOI31X2M)                                   0.14       4.31 f
  ALU/ALU_OUT_reg[5]/D (SDFFRQX2M)                        0.00       4.31 f
  data arrival time                                                  4.31

  clock Gated_Clock (rise edge)                          20.00      20.00
  clock network delay (ideal)                             0.00      20.00
  clock uncertainty                                      -0.20      19.80
  ALU/ALU_OUT_reg[5]/CK (SDFFRQX2M)                       0.00      19.80 r
  library setup time                                     -0.40      19.40
  data required time                                                19.40
  --------------------------------------------------------------------------
  data required time                                                19.40
  data arrival time                                                 -4.31
  --------------------------------------------------------------------------
  slack (MET)                                                       15.08


  Startpoint: CTRL_UNIT/current_reg[0]
              (rising edge-triggered flip-flop clocked by REF_DOMAIN)
  Endpoint: ALU/OUT_VALID_reg
            (rising edge-triggered flip-flop clocked by Gated_Clock)
  Path Group: Gated_Clock
  Path Type: max

  Point                                                   Incr       Path
  --------------------------------------------------------------------------
  clock REF_DOMAIN (rise edge)                            0.00       0.00
  clock network delay (ideal)                             0.00       0.00
  CTRL_UNIT/current_reg[0]/CK (SDFFRQX2M)                 0.00       0.00 r
  CTRL_UNIT/current_reg[0]/Q (SDFFRQX2M)                  0.44       0.44 f
  CTRL_UNIT/U88/Y (BUFX2M)                                0.22       0.66 f
  CTRL_UNIT/U34/Y (INVX2M)                                0.15       0.81 r
  CTRL_UNIT/U85/Y (NAND3X2M)                              0.21       1.01 f
  CTRL_UNIT/U13/Y (NOR2X2M)                               0.32       1.33 r
  CTRL_UNIT/ALU_FUN[1] (SYS_CTRL_test_1)                  0.00       1.33 r
  ALU/ALU_FUN[1] (ALU_16_bit_OPERAND_WIDTH8_OPCODE_WIDTH4_RESULT_WIDTH16_test_1)
                                                          0.00       1.33 r
  ALU/U46/Y (INVX2M)                                      0.17       1.50 f
  ALU/U38/Y (NOR3X2M)                                     0.25       1.75 r
  ALU/U55/Y (AOI21X2M)                                    0.10       1.84 f
  ALU/OUT_VALID_reg/D (SDFFRQX1M)                         0.00       1.84 f
  data arrival time                                                  1.84

  clock Gated_Clock (rise edge)                          20.00      20.00
  clock network delay (ideal)                             0.00      20.00
  clock uncertainty                                      -0.20      19.80
  ALU/OUT_VALID_reg/CK (SDFFRQX1M)                        0.00      19.80 r
  library setup time                                     -0.40      19.40
  data required time                                                19.40
  --------------------------------------------------------------------------
  data required time                                                19.40
  data arrival time                                                 -1.84
  --------------------------------------------------------------------------
  slack (MET)                                                       17.56


  Startpoint: ALU/ALU_OUT_reg[10]
              (rising edge-triggered flip-flop clocked by Gated_Clock)
  Endpoint: ALU/ALU_OUT_reg[11]
            (rising edge-triggered flip-flop clocked by Gated_Clock)
  Path Group: Gated_Clock
  Path Type: max

  Point                                    Incr       Path
  -----------------------------------------------------------
  clock Gated_Clock (rise edge)            0.00       0.00
  clock network delay (ideal)              0.00       0.00
  ALU/ALU_OUT_reg[10]/CK (SDFFRQX2M)       0.00       0.00 r
  ALU/ALU_OUT_reg[10]/Q (SDFFRQX2M)        0.44       0.44 f
  ALU/ALU_OUT_reg[11]/SI (SDFFRQX2M)       0.00       0.44 f
  data arrival time                                   0.44

  clock Gated_Clock (rise edge)           20.00      20.00
  clock network delay (ideal)              0.00      20.00
  clock uncertainty                       -0.20      19.80
  ALU/ALU_OUT_reg[11]/CK (SDFFRQX2M)       0.00      19.80 r
  library setup time                      -0.50      19.30
  data required time                                 19.30
  -----------------------------------------------------------
  data required time                                 19.30
  data arrival time                                  -0.44
  -----------------------------------------------------------
  slack (MET)                                        18.85


  Startpoint: ALU/ALU_OUT_reg[9]
              (rising edge-triggered flip-flop clocked by Gated_Clock)
  Endpoint: ALU/ALU_OUT_reg[10]
            (rising edge-triggered flip-flop clocked by Gated_Clock)
  Path Group: Gated_Clock
  Path Type: max

  Point                                    Incr       Path
  -----------------------------------------------------------
  clock Gated_Clock (rise edge)            0.00       0.00
  clock network delay (ideal)              0.00       0.00
  ALU/ALU_OUT_reg[9]/CK (SDFFRQX2M)        0.00       0.00 r
  ALU/ALU_OUT_reg[9]/Q (SDFFRQX2M)         0.44       0.44 f
  ALU/ALU_OUT_reg[10]/SI (SDFFRQX2M)       0.00       0.44 f
  data arrival time                                   0.44

  clock Gated_Clock (rise edge)           20.00      20.00
  clock network delay (ideal)              0.00      20.00
  clock uncertainty                       -0.20      19.80
  ALU/ALU_OUT_reg[10]/CK (SDFFRQX2M)       0.00      19.80 r
  library setup time                      -0.50      19.30
  data required time                                 19.30
  -----------------------------------------------------------
  data required time                                 19.30
  data arrival time                                  -0.44
  -----------------------------------------------------------
  slack (MET)                                        18.85


  Startpoint: ALU/ALU_OUT_reg[8]
              (rising edge-triggered flip-flop clocked by Gated_Clock)
  Endpoint: ALU/ALU_OUT_reg[9]
            (rising edge-triggered flip-flop clocked by Gated_Clock)
  Path Group: Gated_Clock
  Path Type: max

  Point                                    Incr       Path
  -----------------------------------------------------------
  clock Gated_Clock (rise edge)            0.00       0.00
  clock network delay (ideal)              0.00       0.00
  ALU/ALU_OUT_reg[8]/CK (SDFFRQX2M)        0.00       0.00 r
  ALU/ALU_OUT_reg[8]/Q (SDFFRQX2M)         0.44       0.44 f
  ALU/ALU_OUT_reg[9]/SI (SDFFRQX2M)        0.00       0.44 f
  data arrival time                                   0.44

  clock Gated_Clock (rise edge)           20.00      20.00
  clock network delay (ideal)              0.00      20.00
  clock uncertainty                       -0.20      19.80
  ALU/ALU_OUT_reg[9]/CK (SDFFRQX2M)        0.00      19.80 r
  library setup time                      -0.50      19.30
  data required time                                 19.30
  -----------------------------------------------------------
  data required time                                 19.30
  data arrival time                                  -0.44
  -----------------------------------------------------------
  slack (MET)                                        18.85


  Startpoint: D1/SYNC_RST_reg
              (rising edge-triggered flip-flop clocked by REF_DOMAIN)
  Endpoint: FIFO/Memory/Memory_reg[0][7]
            (rising edge-triggered flip-flop clocked by REF_DOMAIN)
  Path Group: REF_DOMAIN
  Path Type: max

  Point                                                   Incr       Path
  --------------------------------------------------------------------------
  clock REF_DOMAIN (rise edge)                            0.00       0.00
  clock network delay (ideal)                             0.00       0.00
  D1/SYNC_RST_reg/CK (SDFFRQX2M)                          0.00       0.00 r
  D1/SYNC_RST_reg/Q (SDFFRQX2M)                           0.44       0.44 f
  D1/SYNC_RST (RST_Sync_NUM_STAGES2_test_0)               0.00       0.44 f
  REF_RST_MUX/IN_0 (mux2X1_6)                             0.00       0.44 f
  REF_RST_MUX/U1/Y (AO2B2X2M)                             0.26       0.70 f
  REF_RST_MUX/OUT (mux2X1_6)                              0.00       0.70 f
  U5/Y (INVX2M)                                           0.08       0.78 r
  U4/Y (INVX4M)                                           0.29       1.07 f
  FIFO/W_RST (fifo_top_width8_test_1)                     0.00       1.07 f
  FIFO/U2/Y (INVX2M)                                      0.13       1.20 r
  FIFO/U1/Y (INVX2M)                                      0.22       1.42 f
  FIFO/Write_Full/RST (fifo_wptr_full_test_1)             0.00       1.42 f
  FIFO/Write_Full/U16/Y (AND2X2M)                         0.21       1.63 f
  FIFO/Write_Full/U12/Y (AND4X2M)                         0.26       1.88 f
  FIFO/Write_Full/w_full (fifo_wptr_full_test_1)          0.00       1.88 f
  FIFO/FULL (fifo_top_width8_test_1)                      0.00       1.88 f
  CTRL_UNIT/FIFO_FULL (SYS_CTRL_test_1)                   0.00       1.88 f
  CTRL_UNIT/U22/Y (INVX2M)                                0.10       1.98 r
  CTRL_UNIT/U57/Y (NAND2X2M)                              0.12       2.10 f
  CTRL_UNIT/U21/Y (NOR2BX2M)                              0.31       2.41 r
  CTRL_UNIT/U17/Y (OR3X2M)                                0.22       2.63 r
  CTRL_UNIT/FIFO_WRITE_INC (SYS_CTRL_test_1)              0.00       2.63 r
  FIFO/W_INC (fifo_top_width8_test_1)                     0.00       2.63 r
  FIFO/Memory/w_inc (fifo_memory_data_width8_test_1)      0.00       2.63 r
  FIFO/Memory/U79/Y (NOR2BX2M)                            0.15       2.78 r
  FIFO/Memory/U83/Y (NOR2BX2M)                            0.27       3.06 r
  FIFO/Memory/U78/Y (NAND3X2M)                            0.31       3.37 f
  FIFO/Memory/U91/Y (OAI2BB2X1M)                          0.31       3.68 f
  FIFO/Memory/Memory_reg[0][7]/D (SDFFRQX2M)              0.00       3.68 f
  data arrival time                                                  3.68

  clock REF_DOMAIN (rise edge)                           20.00      20.00
  clock network delay (ideal)                             0.00      20.00
  clock uncertainty                                      -0.20      19.80
  FIFO/Memory/Memory_reg[0][7]/CK (SDFFRQX2M)             0.00      19.80 r
  library setup time                                     -0.40      19.40
  data required time                                                19.40
  --------------------------------------------------------------------------
  data required time                                                19.40
  data arrival time                                                 -3.68
  --------------------------------------------------------------------------
  slack (MET)                                                       15.72


  Startpoint: D1/SYNC_RST_reg
              (rising edge-triggered flip-flop clocked by REF_DOMAIN)
  Endpoint: FIFO/Memory/Memory_reg[0][6]
            (rising edge-triggered flip-flop clocked by REF_DOMAIN)
  Path Group: REF_DOMAIN
  Path Type: max

  Point                                                   Incr       Path
  --------------------------------------------------------------------------
  clock REF_DOMAIN (rise edge)                            0.00       0.00
  clock network delay (ideal)                             0.00       0.00
  D1/SYNC_RST_reg/CK (SDFFRQX2M)                          0.00       0.00 r
  D1/SYNC_RST_reg/Q (SDFFRQX2M)                           0.44       0.44 f
  D1/SYNC_RST (RST_Sync_NUM_STAGES2_test_0)               0.00       0.44 f
  REF_RST_MUX/IN_0 (mux2X1_6)                             0.00       0.44 f
  REF_RST_MUX/U1/Y (AO2B2X2M)                             0.26       0.70 f
  REF_RST_MUX/OUT (mux2X1_6)                              0.00       0.70 f
  U5/Y (INVX2M)                                           0.08       0.78 r
  U4/Y (INVX4M)                                           0.29       1.07 f
  FIFO/W_RST (fifo_top_width8_test_1)                     0.00       1.07 f
  FIFO/U2/Y (INVX2M)                                      0.13       1.20 r
  FIFO/U1/Y (INVX2M)                                      0.22       1.42 f
  FIFO/Write_Full/RST (fifo_wptr_full_test_1)             0.00       1.42 f
  FIFO/Write_Full/U16/Y (AND2X2M)                         0.21       1.63 f
  FIFO/Write_Full/U12/Y (AND4X2M)                         0.26       1.88 f
  FIFO/Write_Full/w_full (fifo_wptr_full_test_1)          0.00       1.88 f
  FIFO/FULL (fifo_top_width8_test_1)                      0.00       1.88 f
  CTRL_UNIT/FIFO_FULL (SYS_CTRL_test_1)                   0.00       1.88 f
  CTRL_UNIT/U22/Y (INVX2M)                                0.10       1.98 r
  CTRL_UNIT/U57/Y (NAND2X2M)                              0.12       2.10 f
  CTRL_UNIT/U21/Y (NOR2BX2M)                              0.31       2.41 r
  CTRL_UNIT/U17/Y (OR3X2M)                                0.22       2.63 r
  CTRL_UNIT/FIFO_WRITE_INC (SYS_CTRL_test_1)              0.00       2.63 r
  FIFO/W_INC (fifo_top_width8_test_1)                     0.00       2.63 r
  FIFO/Memory/w_inc (fifo_memory_data_width8_test_1)      0.00       2.63 r
  FIFO/Memory/U79/Y (NOR2BX2M)                            0.15       2.78 r
  FIFO/Memory/U83/Y (NOR2BX2M)                            0.27       3.06 r
  FIFO/Memory/U78/Y (NAND3X2M)                            0.31       3.37 f
  FIFO/Memory/U90/Y (OAI2BB2X1M)                          0.31       3.68 f
  FIFO/Memory/Memory_reg[0][6]/D (SDFFRQX2M)              0.00       3.68 f
  data arrival time                                                  3.68

  clock REF_DOMAIN (rise edge)                           20.00      20.00
  clock network delay (ideal)                             0.00      20.00
  clock uncertainty                                      -0.20      19.80
  FIFO/Memory/Memory_reg[0][6]/CK (SDFFRQX2M)             0.00      19.80 r
  library setup time                                     -0.40      19.40
  data required time                                                19.40
  --------------------------------------------------------------------------
  data required time                                                19.40
  data arrival time                                                 -3.68
  --------------------------------------------------------------------------
  slack (MET)                                                       15.72


  Startpoint: D1/SYNC_RST_reg
              (rising edge-triggered flip-flop clocked by REF_DOMAIN)
  Endpoint: FIFO/Memory/Memory_reg[0][5]
            (rising edge-triggered flip-flop clocked by REF_DOMAIN)
  Path Group: REF_DOMAIN
  Path Type: max

  Point                                                   Incr       Path
  --------------------------------------------------------------------------
  clock REF_DOMAIN (rise edge)                            0.00       0.00
  clock network delay (ideal)                             0.00       0.00
  D1/SYNC_RST_reg/CK (SDFFRQX2M)                          0.00       0.00 r
  D1/SYNC_RST_reg/Q (SDFFRQX2M)                           0.44       0.44 f
  D1/SYNC_RST (RST_Sync_NUM_STAGES2_test_0)               0.00       0.44 f
  REF_RST_MUX/IN_0 (mux2X1_6)                             0.00       0.44 f
  REF_RST_MUX/U1/Y (AO2B2X2M)                             0.26       0.70 f
  REF_RST_MUX/OUT (mux2X1_6)                              0.00       0.70 f
  U5/Y (INVX2M)                                           0.08       0.78 r
  U4/Y (INVX4M)                                           0.29       1.07 f
  FIFO/W_RST (fifo_top_width8_test_1)                     0.00       1.07 f
  FIFO/U2/Y (INVX2M)                                      0.13       1.20 r
  FIFO/U1/Y (INVX2M)                                      0.22       1.42 f
  FIFO/Write_Full/RST (fifo_wptr_full_test_1)             0.00       1.42 f
  FIFO/Write_Full/U16/Y (AND2X2M)                         0.21       1.63 f
  FIFO/Write_Full/U12/Y (AND4X2M)                         0.26       1.88 f
  FIFO/Write_Full/w_full (fifo_wptr_full_test_1)          0.00       1.88 f
  FIFO/FULL (fifo_top_width8_test_1)                      0.00       1.88 f
  CTRL_UNIT/FIFO_FULL (SYS_CTRL_test_1)                   0.00       1.88 f
  CTRL_UNIT/U22/Y (INVX2M)                                0.10       1.98 r
  CTRL_UNIT/U57/Y (NAND2X2M)                              0.12       2.10 f
  CTRL_UNIT/U21/Y (NOR2BX2M)                              0.31       2.41 r
  CTRL_UNIT/U17/Y (OR3X2M)                                0.22       2.63 r
  CTRL_UNIT/FIFO_WRITE_INC (SYS_CTRL_test_1)              0.00       2.63 r
  FIFO/W_INC (fifo_top_width8_test_1)                     0.00       2.63 r
  FIFO/Memory/w_inc (fifo_memory_data_width8_test_1)      0.00       2.63 r
  FIFO/Memory/U79/Y (NOR2BX2M)                            0.15       2.78 r
  FIFO/Memory/U83/Y (NOR2BX2M)                            0.27       3.06 r
  FIFO/Memory/U78/Y (NAND3X2M)                            0.31       3.37 f
  FIFO/Memory/U89/Y (OAI2BB2X1M)                          0.31       3.68 f
  FIFO/Memory/Memory_reg[0][5]/D (SDFFRQX2M)              0.00       3.68 f
  data arrival time                                                  3.68

  clock REF_DOMAIN (rise edge)                           20.00      20.00
  clock network delay (ideal)                             0.00      20.00
  clock uncertainty                                      -0.20      19.80
  FIFO/Memory/Memory_reg[0][5]/CK (SDFFRQX2M)             0.00      19.80 r
  library setup time                                     -0.40      19.40
  data required time                                                19.40
  --------------------------------------------------------------------------
  data required time                                                19.40
  data arrival time                                                 -3.68
  --------------------------------------------------------------------------
  slack (MET)                                                       15.72


  Startpoint: D1/SYNC_RST_reg
              (rising edge-triggered flip-flop clocked by REF_DOMAIN)
  Endpoint: FIFO/Memory/Memory_reg[0][4]
            (rising edge-triggered flip-flop clocked by REF_DOMAIN)
  Path Group: REF_DOMAIN
  Path Type: max

  Point                                                   Incr       Path
  --------------------------------------------------------------------------
  clock REF_DOMAIN (rise edge)                            0.00       0.00
  clock network delay (ideal)                             0.00       0.00
  D1/SYNC_RST_reg/CK (SDFFRQX2M)                          0.00       0.00 r
  D1/SYNC_RST_reg/Q (SDFFRQX2M)                           0.44       0.44 f
  D1/SYNC_RST (RST_Sync_NUM_STAGES2_test_0)               0.00       0.44 f
  REF_RST_MUX/IN_0 (mux2X1_6)                             0.00       0.44 f
  REF_RST_MUX/U1/Y (AO2B2X2M)                             0.26       0.70 f
  REF_RST_MUX/OUT (mux2X1_6)                              0.00       0.70 f
  U5/Y (INVX2M)                                           0.08       0.78 r
  U4/Y (INVX4M)                                           0.29       1.07 f
  FIFO/W_RST (fifo_top_width8_test_1)                     0.00       1.07 f
  FIFO/U2/Y (INVX2M)                                      0.13       1.20 r
  FIFO/U1/Y (INVX2M)                                      0.22       1.42 f
  FIFO/Write_Full/RST (fifo_wptr_full_test_1)             0.00       1.42 f
  FIFO/Write_Full/U16/Y (AND2X2M)                         0.21       1.63 f
  FIFO/Write_Full/U12/Y (AND4X2M)                         0.26       1.88 f
  FIFO/Write_Full/w_full (fifo_wptr_full_test_1)          0.00       1.88 f
  FIFO/FULL (fifo_top_width8_test_1)                      0.00       1.88 f
  CTRL_UNIT/FIFO_FULL (SYS_CTRL_test_1)                   0.00       1.88 f
  CTRL_UNIT/U22/Y (INVX2M)                                0.10       1.98 r
  CTRL_UNIT/U57/Y (NAND2X2M)                              0.12       2.10 f
  CTRL_UNIT/U21/Y (NOR2BX2M)                              0.31       2.41 r
  CTRL_UNIT/U17/Y (OR3X2M)                                0.22       2.63 r
  CTRL_UNIT/FIFO_WRITE_INC (SYS_CTRL_test_1)              0.00       2.63 r
  FIFO/W_INC (fifo_top_width8_test_1)                     0.00       2.63 r
  FIFO/Memory/w_inc (fifo_memory_data_width8_test_1)      0.00       2.63 r
  FIFO/Memory/U79/Y (NOR2BX2M)                            0.15       2.78 r
  FIFO/Memory/U83/Y (NOR2BX2M)                            0.27       3.06 r
  FIFO/Memory/U78/Y (NAND3X2M)                            0.31       3.37 f
  FIFO/Memory/U88/Y (OAI2BB2X1M)                          0.31       3.68 f
  FIFO/Memory/Memory_reg[0][4]/D (SDFFRQX2M)              0.00       3.68 f
  data arrival time                                                  3.68

  clock REF_DOMAIN (rise edge)                           20.00      20.00
  clock network delay (ideal)                             0.00      20.00
  clock uncertainty                                      -0.20      19.80
  FIFO/Memory/Memory_reg[0][4]/CK (SDFFRQX2M)             0.00      19.80 r
  library setup time                                     -0.40      19.40
  data required time                                                19.40
  --------------------------------------------------------------------------
  data required time                                                19.40
  data arrival time                                                 -3.68
  --------------------------------------------------------------------------
  slack (MET)                                                       15.72


  Startpoint: D1/SYNC_RST_reg
              (rising edge-triggered flip-flop clocked by REF_DOMAIN)
  Endpoint: FIFO/Memory/Memory_reg[0][3]
            (rising edge-triggered flip-flop clocked by REF_DOMAIN)
  Path Group: REF_DOMAIN
  Path Type: max

  Point                                                   Incr       Path
  --------------------------------------------------------------------------
  clock REF_DOMAIN (rise edge)                            0.00       0.00
  clock network delay (ideal)                             0.00       0.00
  D1/SYNC_RST_reg/CK (SDFFRQX2M)                          0.00       0.00 r
  D1/SYNC_RST_reg/Q (SDFFRQX2M)                           0.44       0.44 f
  D1/SYNC_RST (RST_Sync_NUM_STAGES2_test_0)               0.00       0.44 f
  REF_RST_MUX/IN_0 (mux2X1_6)                             0.00       0.44 f
  REF_RST_MUX/U1/Y (AO2B2X2M)                             0.26       0.70 f
  REF_RST_MUX/OUT (mux2X1_6)                              0.00       0.70 f
  U5/Y (INVX2M)                                           0.08       0.78 r
  U4/Y (INVX4M)                                           0.29       1.07 f
  FIFO/W_RST (fifo_top_width8_test_1)                     0.00       1.07 f
  FIFO/U2/Y (INVX2M)                                      0.13       1.20 r
  FIFO/U1/Y (INVX2M)                                      0.22       1.42 f
  FIFO/Write_Full/RST (fifo_wptr_full_test_1)             0.00       1.42 f
  FIFO/Write_Full/U16/Y (AND2X2M)                         0.21       1.63 f
  FIFO/Write_Full/U12/Y (AND4X2M)                         0.26       1.88 f
  FIFO/Write_Full/w_full (fifo_wptr_full_test_1)          0.00       1.88 f
  FIFO/FULL (fifo_top_width8_test_1)                      0.00       1.88 f
  CTRL_UNIT/FIFO_FULL (SYS_CTRL_test_1)                   0.00       1.88 f
  CTRL_UNIT/U22/Y (INVX2M)                                0.10       1.98 r
  CTRL_UNIT/U57/Y (NAND2X2M)                              0.12       2.10 f
  CTRL_UNIT/U21/Y (NOR2BX2M)                              0.31       2.41 r
  CTRL_UNIT/U17/Y (OR3X2M)                                0.22       2.63 r
  CTRL_UNIT/FIFO_WRITE_INC (SYS_CTRL_test_1)              0.00       2.63 r
  FIFO/W_INC (fifo_top_width8_test_1)                     0.00       2.63 r
  FIFO/Memory/w_inc (fifo_memory_data_width8_test_1)      0.00       2.63 r
  FIFO/Memory/U79/Y (NOR2BX2M)                            0.15       2.78 r
  FIFO/Memory/U83/Y (NOR2BX2M)                            0.27       3.06 r
  FIFO/Memory/U78/Y (NAND3X2M)                            0.31       3.37 f
  FIFO/Memory/U87/Y (OAI2BB2X1M)                          0.31       3.68 f
  FIFO/Memory/Memory_reg[0][3]/D (SDFFRQX2M)              0.00       3.68 f
  data arrival time                                                  3.68

  clock REF_DOMAIN (rise edge)                           20.00      20.00
  clock network delay (ideal)                             0.00      20.00
  clock uncertainty                                      -0.20      19.80
  FIFO/Memory/Memory_reg[0][3]/CK (SDFFRQX2M)             0.00      19.80 r
  library setup time                                     -0.40      19.40
  data required time                                                19.40
  --------------------------------------------------------------------------
  data required time                                                19.40
  data arrival time                                                 -3.68
  --------------------------------------------------------------------------
  slack (MET)                                                       15.72


  Startpoint: D1/SYNC_RST_reg
              (rising edge-triggered flip-flop clocked by REF_DOMAIN)
  Endpoint: FIFO/Memory/Memory_reg[0][2]
            (rising edge-triggered flip-flop clocked by REF_DOMAIN)
  Path Group: REF_DOMAIN
  Path Type: max

  Point                                                   Incr       Path
  --------------------------------------------------------------------------
  clock REF_DOMAIN (rise edge)                            0.00       0.00
  clock network delay (ideal)                             0.00       0.00
  D1/SYNC_RST_reg/CK (SDFFRQX2M)                          0.00       0.00 r
  D1/SYNC_RST_reg/Q (SDFFRQX2M)                           0.44       0.44 f
  D1/SYNC_RST (RST_Sync_NUM_STAGES2_test_0)               0.00       0.44 f
  REF_RST_MUX/IN_0 (mux2X1_6)                             0.00       0.44 f
  REF_RST_MUX/U1/Y (AO2B2X2M)                             0.26       0.70 f
  REF_RST_MUX/OUT (mux2X1_6)                              0.00       0.70 f
  U5/Y (INVX2M)                                           0.08       0.78 r
  U4/Y (INVX4M)                                           0.29       1.07 f
  FIFO/W_RST (fifo_top_width8_test_1)                     0.00       1.07 f
  FIFO/U2/Y (INVX2M)                                      0.13       1.20 r
  FIFO/U1/Y (INVX2M)                                      0.22       1.42 f
  FIFO/Write_Full/RST (fifo_wptr_full_test_1)             0.00       1.42 f
  FIFO/Write_Full/U16/Y (AND2X2M)                         0.21       1.63 f
  FIFO/Write_Full/U12/Y (AND4X2M)                         0.26       1.88 f
  FIFO/Write_Full/w_full (fifo_wptr_full_test_1)          0.00       1.88 f
  FIFO/FULL (fifo_top_width8_test_1)                      0.00       1.88 f
  CTRL_UNIT/FIFO_FULL (SYS_CTRL_test_1)                   0.00       1.88 f
  CTRL_UNIT/U22/Y (INVX2M)                                0.10       1.98 r
  CTRL_UNIT/U57/Y (NAND2X2M)                              0.12       2.10 f
  CTRL_UNIT/U21/Y (NOR2BX2M)                              0.31       2.41 r
  CTRL_UNIT/U17/Y (OR3X2M)                                0.22       2.63 r
  CTRL_UNIT/FIFO_WRITE_INC (SYS_CTRL_test_1)              0.00       2.63 r
  FIFO/W_INC (fifo_top_width8_test_1)                     0.00       2.63 r
  FIFO/Memory/w_inc (fifo_memory_data_width8_test_1)      0.00       2.63 r
  FIFO/Memory/U79/Y (NOR2BX2M)                            0.15       2.78 r
  FIFO/Memory/U83/Y (NOR2BX2M)                            0.27       3.06 r
  FIFO/Memory/U78/Y (NAND3X2M)                            0.31       3.37 f
  FIFO/Memory/U86/Y (OAI2BB2X1M)                          0.31       3.68 f
  FIFO/Memory/Memory_reg[0][2]/D (SDFFRQX2M)              0.00       3.68 f
  data arrival time                                                  3.68

  clock REF_DOMAIN (rise edge)                           20.00      20.00
  clock network delay (ideal)                             0.00      20.00
  clock uncertainty                                      -0.20      19.80
  FIFO/Memory/Memory_reg[0][2]/CK (SDFFRQX2M)             0.00      19.80 r
  library setup time                                     -0.40      19.40
  data required time                                                19.40
  --------------------------------------------------------------------------
  data required time                                                19.40
  data arrival time                                                 -3.68
  --------------------------------------------------------------------------
  slack (MET)                                                       15.72


  Startpoint: D1/SYNC_RST_reg
              (rising edge-triggered flip-flop clocked by REF_DOMAIN)
  Endpoint: FIFO/Memory/Memory_reg[0][1]
            (rising edge-triggered flip-flop clocked by REF_DOMAIN)
  Path Group: REF_DOMAIN
  Path Type: max

  Point                                                   Incr       Path
  --------------------------------------------------------------------------
  clock REF_DOMAIN (rise edge)                            0.00       0.00
  clock network delay (ideal)                             0.00       0.00
  D1/SYNC_RST_reg/CK (SDFFRQX2M)                          0.00       0.00 r
  D1/SYNC_RST_reg/Q (SDFFRQX2M)                           0.44       0.44 f
  D1/SYNC_RST (RST_Sync_NUM_STAGES2_test_0)               0.00       0.44 f
  REF_RST_MUX/IN_0 (mux2X1_6)                             0.00       0.44 f
  REF_RST_MUX/U1/Y (AO2B2X2M)                             0.26       0.70 f
  REF_RST_MUX/OUT (mux2X1_6)                              0.00       0.70 f
  U5/Y (INVX2M)                                           0.08       0.78 r
  U4/Y (INVX4M)                                           0.29       1.07 f
  FIFO/W_RST (fifo_top_width8_test_1)                     0.00       1.07 f
  FIFO/U2/Y (INVX2M)                                      0.13       1.20 r
  FIFO/U1/Y (INVX2M)                                      0.22       1.42 f
  FIFO/Write_Full/RST (fifo_wptr_full_test_1)             0.00       1.42 f
  FIFO/Write_Full/U16/Y (AND2X2M)                         0.21       1.63 f
  FIFO/Write_Full/U12/Y (AND4X2M)                         0.26       1.88 f
  FIFO/Write_Full/w_full (fifo_wptr_full_test_1)          0.00       1.88 f
  FIFO/FULL (fifo_top_width8_test_1)                      0.00       1.88 f
  CTRL_UNIT/FIFO_FULL (SYS_CTRL_test_1)                   0.00       1.88 f
  CTRL_UNIT/U22/Y (INVX2M)                                0.10       1.98 r
  CTRL_UNIT/U57/Y (NAND2X2M)                              0.12       2.10 f
  CTRL_UNIT/U21/Y (NOR2BX2M)                              0.31       2.41 r
  CTRL_UNIT/U17/Y (OR3X2M)                                0.22       2.63 r
  CTRL_UNIT/FIFO_WRITE_INC (SYS_CTRL_test_1)              0.00       2.63 r
  FIFO/W_INC (fifo_top_width8_test_1)                     0.00       2.63 r
  FIFO/Memory/w_inc (fifo_memory_data_width8_test_1)      0.00       2.63 r
  FIFO/Memory/U79/Y (NOR2BX2M)                            0.15       2.78 r
  FIFO/Memory/U83/Y (NOR2BX2M)                            0.27       3.06 r
  FIFO/Memory/U78/Y (NAND3X2M)                            0.31       3.37 f
  FIFO/Memory/U85/Y (OAI2BB2X1M)                          0.31       3.68 f
  FIFO/Memory/Memory_reg[0][1]/D (SDFFRQX2M)              0.00       3.68 f
  data arrival time                                                  3.68

  clock REF_DOMAIN (rise edge)                           20.00      20.00
  clock network delay (ideal)                             0.00      20.00
  clock uncertainty                                      -0.20      19.80
  FIFO/Memory/Memory_reg[0][1]/CK (SDFFRQX2M)             0.00      19.80 r
  library setup time                                     -0.40      19.40
  data required time                                                19.40
  --------------------------------------------------------------------------
  data required time                                                19.40
  data arrival time                                                 -3.68
  --------------------------------------------------------------------------
  slack (MET)                                                       15.72


  Startpoint: D1/SYNC_RST_reg
              (rising edge-triggered flip-flop clocked by REF_DOMAIN)
  Endpoint: FIFO/Memory/Memory_reg[0][0]
            (rising edge-triggered flip-flop clocked by REF_DOMAIN)
  Path Group: REF_DOMAIN
  Path Type: max

  Point                                                   Incr       Path
  --------------------------------------------------------------------------
  clock REF_DOMAIN (rise edge)                            0.00       0.00
  clock network delay (ideal)                             0.00       0.00
  D1/SYNC_RST_reg/CK (SDFFRQX2M)                          0.00       0.00 r
  D1/SYNC_RST_reg/Q (SDFFRQX2M)                           0.44       0.44 f
  D1/SYNC_RST (RST_Sync_NUM_STAGES2_test_0)               0.00       0.44 f
  REF_RST_MUX/IN_0 (mux2X1_6)                             0.00       0.44 f
  REF_RST_MUX/U1/Y (AO2B2X2M)                             0.26       0.70 f
  REF_RST_MUX/OUT (mux2X1_6)                              0.00       0.70 f
  U5/Y (INVX2M)                                           0.08       0.78 r
  U4/Y (INVX4M)                                           0.29       1.07 f
  FIFO/W_RST (fifo_top_width8_test_1)                     0.00       1.07 f
  FIFO/U2/Y (INVX2M)                                      0.13       1.20 r
  FIFO/U1/Y (INVX2M)                                      0.22       1.42 f
  FIFO/Write_Full/RST (fifo_wptr_full_test_1)             0.00       1.42 f
  FIFO/Write_Full/U16/Y (AND2X2M)                         0.21       1.63 f
  FIFO/Write_Full/U12/Y (AND4X2M)                         0.26       1.88 f
  FIFO/Write_Full/w_full (fifo_wptr_full_test_1)          0.00       1.88 f
  FIFO/FULL (fifo_top_width8_test_1)                      0.00       1.88 f
  CTRL_UNIT/FIFO_FULL (SYS_CTRL_test_1)                   0.00       1.88 f
  CTRL_UNIT/U22/Y (INVX2M)                                0.10       1.98 r
  CTRL_UNIT/U57/Y (NAND2X2M)                              0.12       2.10 f
  CTRL_UNIT/U21/Y (NOR2BX2M)                              0.31       2.41 r
  CTRL_UNIT/U17/Y (OR3X2M)                                0.22       2.63 r
  CTRL_UNIT/FIFO_WRITE_INC (SYS_CTRL_test_1)              0.00       2.63 r
  FIFO/W_INC (fifo_top_width8_test_1)                     0.00       2.63 r
  FIFO/Memory/w_inc (fifo_memory_data_width8_test_1)      0.00       2.63 r
  FIFO/Memory/U79/Y (NOR2BX2M)                            0.15       2.78 r
  FIFO/Memory/U83/Y (NOR2BX2M)                            0.27       3.06 r
  FIFO/Memory/U78/Y (NAND3X2M)                            0.31       3.37 f
  FIFO/Memory/U84/Y (OAI2BB2X1M)                          0.31       3.68 f
  FIFO/Memory/Memory_reg[0][0]/D (SDFFRQX2M)              0.00       3.68 f
  data arrival time                                                  3.68

  clock REF_DOMAIN (rise edge)                           20.00      20.00
  clock network delay (ideal)                             0.00      20.00
  clock uncertainty                                      -0.20      19.80
  FIFO/Memory/Memory_reg[0][0]/CK (SDFFRQX2M)             0.00      19.80 r
  library setup time                                     -0.40      19.40
  data required time                                                19.40
  --------------------------------------------------------------------------
  data required time                                                19.40
  data arrival time                                                 -3.68
  --------------------------------------------------------------------------
  slack (MET)                                                       15.72


  Startpoint: D1/SYNC_RST_reg
              (rising edge-triggered flip-flop clocked by REF_DOMAIN)
  Endpoint: FIFO/Memory/Memory_reg[3][7]
            (rising edge-triggered flip-flop clocked by REF_DOMAIN)
  Path Group: REF_DOMAIN
  Path Type: max

  Point                                                   Incr       Path
  --------------------------------------------------------------------------
  clock REF_DOMAIN (rise edge)                            0.00       0.00
  clock network delay (ideal)                             0.00       0.00
  D1/SYNC_RST_reg/CK (SDFFRQX2M)                          0.00       0.00 r
  D1/SYNC_RST_reg/Q (SDFFRQX2M)                           0.44       0.44 f
  D1/SYNC_RST (RST_Sync_NUM_STAGES2_test_0)               0.00       0.44 f
  REF_RST_MUX/IN_0 (mux2X1_6)                             0.00       0.44 f
  REF_RST_MUX/U1/Y (AO2B2X2M)                             0.26       0.70 f
  REF_RST_MUX/OUT (mux2X1_6)                              0.00       0.70 f
  U5/Y (INVX2M)                                           0.08       0.78 r
  U4/Y (INVX4M)                                           0.29       1.07 f
  FIFO/W_RST (fifo_top_width8_test_1)                     0.00       1.07 f
  FIFO/U2/Y (INVX2M)                                      0.13       1.20 r
  FIFO/U1/Y (INVX2M)                                      0.22       1.42 f
  FIFO/Write_Full/RST (fifo_wptr_full_test_1)             0.00       1.42 f
  FIFO/Write_Full/U16/Y (AND2X2M)                         0.21       1.63 f
  FIFO/Write_Full/U12/Y (AND4X2M)                         0.26       1.88 f
  FIFO/Write_Full/w_full (fifo_wptr_full_test_1)          0.00       1.88 f
  FIFO/FULL (fifo_top_width8_test_1)                      0.00       1.88 f
  CTRL_UNIT/FIFO_FULL (SYS_CTRL_test_1)                   0.00       1.88 f
  CTRL_UNIT/U22/Y (INVX2M)                                0.10       1.98 r
  CTRL_UNIT/U57/Y (NAND2X2M)                              0.12       2.10 f
  CTRL_UNIT/U21/Y (NOR2BX2M)                              0.31       2.41 r
  CTRL_UNIT/U17/Y (OR3X2M)                                0.22       2.63 r
  CTRL_UNIT/FIFO_WRITE_INC (SYS_CTRL_test_1)              0.00       2.63 r
  FIFO/W_INC (fifo_top_width8_test_1)                     0.00       2.63 r
  FIFO/Memory/w_inc (fifo_memory_data_width8_test_1)      0.00       2.63 r
  FIFO/Memory/U79/Y (NOR2BX2M)                            0.15       2.78 r
  FIFO/Memory/U83/Y (NOR2BX2M)                            0.27       3.06 r
  FIFO/Memory/U81/Y (NAND3X2M)                            0.31       3.37 f
  FIFO/Memory/U99/Y (OAI2BB2X1M)                          0.31       3.68 f
  FIFO/Memory/Memory_reg[3][7]/D (SDFFRQX2M)              0.00       3.68 f
  data arrival time                                                  3.68

  clock REF_DOMAIN (rise edge)                           20.00      20.00
  clock network delay (ideal)                             0.00      20.00
  clock uncertainty                                      -0.20      19.80
  FIFO/Memory/Memory_reg[3][7]/CK (SDFFRQX2M)             0.00      19.80 r
  library setup time                                     -0.40      19.40
  data required time                                                19.40
  --------------------------------------------------------------------------
  data required time                                                19.40
  data arrival time                                                 -3.68
  --------------------------------------------------------------------------
  slack (MET)                                                       15.72


  Startpoint: D1/SYNC_RST_reg
              (rising edge-triggered flip-flop clocked by REF_DOMAIN)
  Endpoint: FIFO/Memory/Memory_reg[3][6]
            (rising edge-triggered flip-flop clocked by REF_DOMAIN)
  Path Group: REF_DOMAIN
  Path Type: max

  Point                                                   Incr       Path
  --------------------------------------------------------------------------
  clock REF_DOMAIN (rise edge)                            0.00       0.00
  clock network delay (ideal)                             0.00       0.00
  D1/SYNC_RST_reg/CK (SDFFRQX2M)                          0.00       0.00 r
  D1/SYNC_RST_reg/Q (SDFFRQX2M)                           0.44       0.44 f
  D1/SYNC_RST (RST_Sync_NUM_STAGES2_test_0)               0.00       0.44 f
  REF_RST_MUX/IN_0 (mux2X1_6)                             0.00       0.44 f
  REF_RST_MUX/U1/Y (AO2B2X2M)                             0.26       0.70 f
  REF_RST_MUX/OUT (mux2X1_6)                              0.00       0.70 f
  U5/Y (INVX2M)                                           0.08       0.78 r
  U4/Y (INVX4M)                                           0.29       1.07 f
  FIFO/W_RST (fifo_top_width8_test_1)                     0.00       1.07 f
  FIFO/U2/Y (INVX2M)                                      0.13       1.20 r
  FIFO/U1/Y (INVX2M)                                      0.22       1.42 f
  FIFO/Write_Full/RST (fifo_wptr_full_test_1)             0.00       1.42 f
  FIFO/Write_Full/U16/Y (AND2X2M)                         0.21       1.63 f
  FIFO/Write_Full/U12/Y (AND4X2M)                         0.26       1.88 f
  FIFO/Write_Full/w_full (fifo_wptr_full_test_1)          0.00       1.88 f
  FIFO/FULL (fifo_top_width8_test_1)                      0.00       1.88 f
  CTRL_UNIT/FIFO_FULL (SYS_CTRL_test_1)                   0.00       1.88 f
  CTRL_UNIT/U22/Y (INVX2M)                                0.10       1.98 r
  CTRL_UNIT/U57/Y (NAND2X2M)                              0.12       2.10 f
  CTRL_UNIT/U21/Y (NOR2BX2M)                              0.31       2.41 r
  CTRL_UNIT/U17/Y (OR3X2M)                                0.22       2.63 r
  CTRL_UNIT/FIFO_WRITE_INC (SYS_CTRL_test_1)              0.00       2.63 r
  FIFO/W_INC (fifo_top_width8_test_1)                     0.00       2.63 r
  FIFO/Memory/w_inc (fifo_memory_data_width8_test_1)      0.00       2.63 r
  FIFO/Memory/U79/Y (NOR2BX2M)                            0.15       2.78 r
  FIFO/Memory/U83/Y (NOR2BX2M)                            0.27       3.06 r
  FIFO/Memory/U81/Y (NAND3X2M)                            0.31       3.37 f
  FIFO/Memory/U98/Y (OAI2BB2X1M)                          0.31       3.68 f
  FIFO/Memory/Memory_reg[3][6]/D (SDFFRQX2M)              0.00       3.68 f
  data arrival time                                                  3.68

  clock REF_DOMAIN (rise edge)                           20.00      20.00
  clock network delay (ideal)                             0.00      20.00
  clock uncertainty                                      -0.20      19.80
  FIFO/Memory/Memory_reg[3][6]/CK (SDFFRQX2M)             0.00      19.80 r
  library setup time                                     -0.40      19.40
  data required time                                                19.40
  --------------------------------------------------------------------------
  data required time                                                19.40
  data arrival time                                                 -3.68
  --------------------------------------------------------------------------
  slack (MET)                                                       15.72


  Startpoint: D1/SYNC_RST_reg
              (rising edge-triggered flip-flop clocked by REF_DOMAIN)
  Endpoint: FIFO/Memory/Memory_reg[3][5]
            (rising edge-triggered flip-flop clocked by REF_DOMAIN)
  Path Group: REF_DOMAIN
  Path Type: max

  Point                                                   Incr       Path
  --------------------------------------------------------------------------
  clock REF_DOMAIN (rise edge)                            0.00       0.00
  clock network delay (ideal)                             0.00       0.00
  D1/SYNC_RST_reg/CK (SDFFRQX2M)                          0.00       0.00 r
  D1/SYNC_RST_reg/Q (SDFFRQX2M)                           0.44       0.44 f
  D1/SYNC_RST (RST_Sync_NUM_STAGES2_test_0)               0.00       0.44 f
  REF_RST_MUX/IN_0 (mux2X1_6)                             0.00       0.44 f
  REF_RST_MUX/U1/Y (AO2B2X2M)                             0.26       0.70 f
  REF_RST_MUX/OUT (mux2X1_6)                              0.00       0.70 f
  U5/Y (INVX2M)                                           0.08       0.78 r
  U4/Y (INVX4M)                                           0.29       1.07 f
  FIFO/W_RST (fifo_top_width8_test_1)                     0.00       1.07 f
  FIFO/U2/Y (INVX2M)                                      0.13       1.20 r
  FIFO/U1/Y (INVX2M)                                      0.22       1.42 f
  FIFO/Write_Full/RST (fifo_wptr_full_test_1)             0.00       1.42 f
  FIFO/Write_Full/U16/Y (AND2X2M)                         0.21       1.63 f
  FIFO/Write_Full/U12/Y (AND4X2M)                         0.26       1.88 f
  FIFO/Write_Full/w_full (fifo_wptr_full_test_1)          0.00       1.88 f
  FIFO/FULL (fifo_top_width8_test_1)                      0.00       1.88 f
  CTRL_UNIT/FIFO_FULL (SYS_CTRL_test_1)                   0.00       1.88 f
  CTRL_UNIT/U22/Y (INVX2M)                                0.10       1.98 r
  CTRL_UNIT/U57/Y (NAND2X2M)                              0.12       2.10 f
  CTRL_UNIT/U21/Y (NOR2BX2M)                              0.31       2.41 r
  CTRL_UNIT/U17/Y (OR3X2M)                                0.22       2.63 r
  CTRL_UNIT/FIFO_WRITE_INC (SYS_CTRL_test_1)              0.00       2.63 r
  FIFO/W_INC (fifo_top_width8_test_1)                     0.00       2.63 r
  FIFO/Memory/w_inc (fifo_memory_data_width8_test_1)      0.00       2.63 r
  FIFO/Memory/U79/Y (NOR2BX2M)                            0.15       2.78 r
  FIFO/Memory/U83/Y (NOR2BX2M)                            0.27       3.06 r
  FIFO/Memory/U81/Y (NAND3X2M)                            0.31       3.37 f
  FIFO/Memory/U97/Y (OAI2BB2X1M)                          0.31       3.68 f
  FIFO/Memory/Memory_reg[3][5]/D (SDFFRQX2M)              0.00       3.68 f
  data arrival time                                                  3.68

  clock REF_DOMAIN (rise edge)                           20.00      20.00
  clock network delay (ideal)                             0.00      20.00
  clock uncertainty                                      -0.20      19.80
  FIFO/Memory/Memory_reg[3][5]/CK (SDFFRQX2M)             0.00      19.80 r
  library setup time                                     -0.40      19.40
  data required time                                                19.40
  --------------------------------------------------------------------------
  data required time                                                19.40
  data arrival time                                                 -3.68
  --------------------------------------------------------------------------
  slack (MET)                                                       15.72


  Startpoint: D1/SYNC_RST_reg
              (rising edge-triggered flip-flop clocked by REF_DOMAIN)
  Endpoint: FIFO/Memory/Memory_reg[3][4]
            (rising edge-triggered flip-flop clocked by REF_DOMAIN)
  Path Group: REF_DOMAIN
  Path Type: max

  Point                                                   Incr       Path
  --------------------------------------------------------------------------
  clock REF_DOMAIN (rise edge)                            0.00       0.00
  clock network delay (ideal)                             0.00       0.00
  D1/SYNC_RST_reg/CK (SDFFRQX2M)                          0.00       0.00 r
  D1/SYNC_RST_reg/Q (SDFFRQX2M)                           0.44       0.44 f
  D1/SYNC_RST (RST_Sync_NUM_STAGES2_test_0)               0.00       0.44 f
  REF_RST_MUX/IN_0 (mux2X1_6)                             0.00       0.44 f
  REF_RST_MUX/U1/Y (AO2B2X2M)                             0.26       0.70 f
  REF_RST_MUX/OUT (mux2X1_6)                              0.00       0.70 f
  U5/Y (INVX2M)                                           0.08       0.78 r
  U4/Y (INVX4M)                                           0.29       1.07 f
  FIFO/W_RST (fifo_top_width8_test_1)                     0.00       1.07 f
  FIFO/U2/Y (INVX2M)                                      0.13       1.20 r
  FIFO/U1/Y (INVX2M)                                      0.22       1.42 f
  FIFO/Write_Full/RST (fifo_wptr_full_test_1)             0.00       1.42 f
  FIFO/Write_Full/U16/Y (AND2X2M)                         0.21       1.63 f
  FIFO/Write_Full/U12/Y (AND4X2M)                         0.26       1.88 f
  FIFO/Write_Full/w_full (fifo_wptr_full_test_1)          0.00       1.88 f
  FIFO/FULL (fifo_top_width8_test_1)                      0.00       1.88 f
  CTRL_UNIT/FIFO_FULL (SYS_CTRL_test_1)                   0.00       1.88 f
  CTRL_UNIT/U22/Y (INVX2M)                                0.10       1.98 r
  CTRL_UNIT/U57/Y (NAND2X2M)                              0.12       2.10 f
  CTRL_UNIT/U21/Y (NOR2BX2M)                              0.31       2.41 r
  CTRL_UNIT/U17/Y (OR3X2M)                                0.22       2.63 r
  CTRL_UNIT/FIFO_WRITE_INC (SYS_CTRL_test_1)              0.00       2.63 r
  FIFO/W_INC (fifo_top_width8_test_1)                     0.00       2.63 r
  FIFO/Memory/w_inc (fifo_memory_data_width8_test_1)      0.00       2.63 r
  FIFO/Memory/U79/Y (NOR2BX2M)                            0.15       2.78 r
  FIFO/Memory/U83/Y (NOR2BX2M)                            0.27       3.06 r
  FIFO/Memory/U81/Y (NAND3X2M)                            0.31       3.37 f
  FIFO/Memory/U96/Y (OAI2BB2X1M)                          0.31       3.68 f
  FIFO/Memory/Memory_reg[3][4]/D (SDFFRQX2M)              0.00       3.68 f
  data arrival time                                                  3.68

  clock REF_DOMAIN (rise edge)                           20.00      20.00
  clock network delay (ideal)                             0.00      20.00
  clock uncertainty                                      -0.20      19.80
  FIFO/Memory/Memory_reg[3][4]/CK (SDFFRQX2M)             0.00      19.80 r
  library setup time                                     -0.40      19.40
  data required time                                                19.40
  --------------------------------------------------------------------------
  data required time                                                19.40
  data arrival time                                                 -3.68
  --------------------------------------------------------------------------
  slack (MET)                                                       15.72


  Startpoint: D1/SYNC_RST_reg
              (rising edge-triggered flip-flop clocked by REF_DOMAIN)
  Endpoint: FIFO/Memory/Memory_reg[3][3]
            (rising edge-triggered flip-flop clocked by REF_DOMAIN)
  Path Group: REF_DOMAIN
  Path Type: max

  Point                                                   Incr       Path
  --------------------------------------------------------------------------
  clock REF_DOMAIN (rise edge)                            0.00       0.00
  clock network delay (ideal)                             0.00       0.00
  D1/SYNC_RST_reg/CK (SDFFRQX2M)                          0.00       0.00 r
  D1/SYNC_RST_reg/Q (SDFFRQX2M)                           0.44       0.44 f
  D1/SYNC_RST (RST_Sync_NUM_STAGES2_test_0)               0.00       0.44 f
  REF_RST_MUX/IN_0 (mux2X1_6)                             0.00       0.44 f
  REF_RST_MUX/U1/Y (AO2B2X2M)                             0.26       0.70 f
  REF_RST_MUX/OUT (mux2X1_6)                              0.00       0.70 f
  U5/Y (INVX2M)                                           0.08       0.78 r
  U4/Y (INVX4M)                                           0.29       1.07 f
  FIFO/W_RST (fifo_top_width8_test_1)                     0.00       1.07 f
  FIFO/U2/Y (INVX2M)                                      0.13       1.20 r
  FIFO/U1/Y (INVX2M)                                      0.22       1.42 f
  FIFO/Write_Full/RST (fifo_wptr_full_test_1)             0.00       1.42 f
  FIFO/Write_Full/U16/Y (AND2X2M)                         0.21       1.63 f
  FIFO/Write_Full/U12/Y (AND4X2M)                         0.26       1.88 f
  FIFO/Write_Full/w_full (fifo_wptr_full_test_1)          0.00       1.88 f
  FIFO/FULL (fifo_top_width8_test_1)                      0.00       1.88 f
  CTRL_UNIT/FIFO_FULL (SYS_CTRL_test_1)                   0.00       1.88 f
  CTRL_UNIT/U22/Y (INVX2M)                                0.10       1.98 r
  CTRL_UNIT/U57/Y (NAND2X2M)                              0.12       2.10 f
  CTRL_UNIT/U21/Y (NOR2BX2M)                              0.31       2.41 r
  CTRL_UNIT/U17/Y (OR3X2M)                                0.22       2.63 r
  CTRL_UNIT/FIFO_WRITE_INC (SYS_CTRL_test_1)              0.00       2.63 r
  FIFO/W_INC (fifo_top_width8_test_1)                     0.00       2.63 r
  FIFO/Memory/w_inc (fifo_memory_data_width8_test_1)      0.00       2.63 r
  FIFO/Memory/U79/Y (NOR2BX2M)                            0.15       2.78 r
  FIFO/Memory/U83/Y (NOR2BX2M)                            0.27       3.06 r
  FIFO/Memory/U81/Y (NAND3X2M)                            0.31       3.37 f
  FIFO/Memory/U95/Y (OAI2BB2X1M)                          0.31       3.68 f
  FIFO/Memory/Memory_reg[3][3]/D (SDFFRQX2M)              0.00       3.68 f
  data arrival time                                                  3.68

  clock REF_DOMAIN (rise edge)                           20.00      20.00
  clock network delay (ideal)                             0.00      20.00
  clock uncertainty                                      -0.20      19.80
  FIFO/Memory/Memory_reg[3][3]/CK (SDFFRQX2M)             0.00      19.80 r
  library setup time                                     -0.40      19.40
  data required time                                                19.40
  --------------------------------------------------------------------------
  data required time                                                19.40
  data arrival time                                                 -3.68
  --------------------------------------------------------------------------
  slack (MET)                                                       15.72


  Startpoint: D1/SYNC_RST_reg
              (rising edge-triggered flip-flop clocked by REF_DOMAIN)
  Endpoint: FIFO/Memory/Memory_reg[3][2]
            (rising edge-triggered flip-flop clocked by REF_DOMAIN)
  Path Group: REF_DOMAIN
  Path Type: max

  Point                                                   Incr       Path
  --------------------------------------------------------------------------
  clock REF_DOMAIN (rise edge)                            0.00       0.00
  clock network delay (ideal)                             0.00       0.00
  D1/SYNC_RST_reg/CK (SDFFRQX2M)                          0.00       0.00 r
  D1/SYNC_RST_reg/Q (SDFFRQX2M)                           0.44       0.44 f
  D1/SYNC_RST (RST_Sync_NUM_STAGES2_test_0)               0.00       0.44 f
  REF_RST_MUX/IN_0 (mux2X1_6)                             0.00       0.44 f
  REF_RST_MUX/U1/Y (AO2B2X2M)                             0.26       0.70 f
  REF_RST_MUX/OUT (mux2X1_6)                              0.00       0.70 f
  U5/Y (INVX2M)                                           0.08       0.78 r
  U4/Y (INVX4M)                                           0.29       1.07 f
  FIFO/W_RST (fifo_top_width8_test_1)                     0.00       1.07 f
  FIFO/U2/Y (INVX2M)                                      0.13       1.20 r
  FIFO/U1/Y (INVX2M)                                      0.22       1.42 f
  FIFO/Write_Full/RST (fifo_wptr_full_test_1)             0.00       1.42 f
  FIFO/Write_Full/U16/Y (AND2X2M)                         0.21       1.63 f
  FIFO/Write_Full/U12/Y (AND4X2M)                         0.26       1.88 f
  FIFO/Write_Full/w_full (fifo_wptr_full_test_1)          0.00       1.88 f
  FIFO/FULL (fifo_top_width8_test_1)                      0.00       1.88 f
  CTRL_UNIT/FIFO_FULL (SYS_CTRL_test_1)                   0.00       1.88 f
  CTRL_UNIT/U22/Y (INVX2M)                                0.10       1.98 r
  CTRL_UNIT/U57/Y (NAND2X2M)                              0.12       2.10 f
  CTRL_UNIT/U21/Y (NOR2BX2M)                              0.31       2.41 r
  CTRL_UNIT/U17/Y (OR3X2M)                                0.22       2.63 r
  CTRL_UNIT/FIFO_WRITE_INC (SYS_CTRL_test_1)              0.00       2.63 r
  FIFO/W_INC (fifo_top_width8_test_1)                     0.00       2.63 r
  FIFO/Memory/w_inc (fifo_memory_data_width8_test_1)      0.00       2.63 r
  FIFO/Memory/U79/Y (NOR2BX2M)                            0.15       2.78 r
  FIFO/Memory/U83/Y (NOR2BX2M)                            0.27       3.06 r
  FIFO/Memory/U81/Y (NAND3X2M)                            0.31       3.37 f
  FIFO/Memory/U94/Y (OAI2BB2X1M)                          0.31       3.68 f
  FIFO/Memory/Memory_reg[3][2]/D (SDFFRQX2M)              0.00       3.68 f
  data arrival time                                                  3.68

  clock REF_DOMAIN (rise edge)                           20.00      20.00
  clock network delay (ideal)                             0.00      20.00
  clock uncertainty                                      -0.20      19.80
  FIFO/Memory/Memory_reg[3][2]/CK (SDFFRQX2M)             0.00      19.80 r
  library setup time                                     -0.40      19.40
  data required time                                                19.40
  --------------------------------------------------------------------------
  data required time                                                19.40
  data arrival time                                                 -3.68
  --------------------------------------------------------------------------
  slack (MET)                                                       15.72


  Startpoint: D1/SYNC_RST_reg
              (rising edge-triggered flip-flop clocked by REF_DOMAIN)
  Endpoint: FIFO/Memory/Memory_reg[3][1]
            (rising edge-triggered flip-flop clocked by REF_DOMAIN)
  Path Group: REF_DOMAIN
  Path Type: max

  Point                                                   Incr       Path
  --------------------------------------------------------------------------
  clock REF_DOMAIN (rise edge)                            0.00       0.00
  clock network delay (ideal)                             0.00       0.00
  D1/SYNC_RST_reg/CK (SDFFRQX2M)                          0.00       0.00 r
  D1/SYNC_RST_reg/Q (SDFFRQX2M)                           0.44       0.44 f
  D1/SYNC_RST (RST_Sync_NUM_STAGES2_test_0)               0.00       0.44 f
  REF_RST_MUX/IN_0 (mux2X1_6)                             0.00       0.44 f
  REF_RST_MUX/U1/Y (AO2B2X2M)                             0.26       0.70 f
  REF_RST_MUX/OUT (mux2X1_6)                              0.00       0.70 f
  U5/Y (INVX2M)                                           0.08       0.78 r
  U4/Y (INVX4M)                                           0.29       1.07 f
  FIFO/W_RST (fifo_top_width8_test_1)                     0.00       1.07 f
  FIFO/U2/Y (INVX2M)                                      0.13       1.20 r
  FIFO/U1/Y (INVX2M)                                      0.22       1.42 f
  FIFO/Write_Full/RST (fifo_wptr_full_test_1)             0.00       1.42 f
  FIFO/Write_Full/U16/Y (AND2X2M)                         0.21       1.63 f
  FIFO/Write_Full/U12/Y (AND4X2M)                         0.26       1.88 f
  FIFO/Write_Full/w_full (fifo_wptr_full_test_1)          0.00       1.88 f
  FIFO/FULL (fifo_top_width8_test_1)                      0.00       1.88 f
  CTRL_UNIT/FIFO_FULL (SYS_CTRL_test_1)                   0.00       1.88 f
  CTRL_UNIT/U22/Y (INVX2M)                                0.10       1.98 r
  CTRL_UNIT/U57/Y (NAND2X2M)                              0.12       2.10 f
  CTRL_UNIT/U21/Y (NOR2BX2M)                              0.31       2.41 r
  CTRL_UNIT/U17/Y (OR3X2M)                                0.22       2.63 r
  CTRL_UNIT/FIFO_WRITE_INC (SYS_CTRL_test_1)              0.00       2.63 r
  FIFO/W_INC (fifo_top_width8_test_1)                     0.00       2.63 r
  FIFO/Memory/w_inc (fifo_memory_data_width8_test_1)      0.00       2.63 r
  FIFO/Memory/U79/Y (NOR2BX2M)                            0.15       2.78 r
  FIFO/Memory/U83/Y (NOR2BX2M)                            0.27       3.06 r
  FIFO/Memory/U81/Y (NAND3X2M)                            0.31       3.37 f
  FIFO/Memory/U93/Y (OAI2BB2X1M)                          0.31       3.68 f
  FIFO/Memory/Memory_reg[3][1]/D (SDFFRQX2M)              0.00       3.68 f
  data arrival time                                                  3.68

  clock REF_DOMAIN (rise edge)                           20.00      20.00
  clock network delay (ideal)                             0.00      20.00
  clock uncertainty                                      -0.20      19.80
  FIFO/Memory/Memory_reg[3][1]/CK (SDFFRQX2M)             0.00      19.80 r
  library setup time                                     -0.40      19.40
  data required time                                                19.40
  --------------------------------------------------------------------------
  data required time                                                19.40
  data arrival time                                                 -3.68
  --------------------------------------------------------------------------
  slack (MET)                                                       15.72


  Startpoint: D1/SYNC_RST_reg
              (rising edge-triggered flip-flop clocked by REF_DOMAIN)
  Endpoint: FIFO/Memory/Memory_reg[3][0]
            (rising edge-triggered flip-flop clocked by REF_DOMAIN)
  Path Group: REF_DOMAIN
  Path Type: max

  Point                                                   Incr       Path
  --------------------------------------------------------------------------
  clock REF_DOMAIN (rise edge)                            0.00       0.00
  clock network delay (ideal)                             0.00       0.00
  D1/SYNC_RST_reg/CK (SDFFRQX2M)                          0.00       0.00 r
  D1/SYNC_RST_reg/Q (SDFFRQX2M)                           0.44       0.44 f
  D1/SYNC_RST (RST_Sync_NUM_STAGES2_test_0)               0.00       0.44 f
  REF_RST_MUX/IN_0 (mux2X1_6)                             0.00       0.44 f
  REF_RST_MUX/U1/Y (AO2B2X2M)                             0.26       0.70 f
  REF_RST_MUX/OUT (mux2X1_6)                              0.00       0.70 f
  U5/Y (INVX2M)                                           0.08       0.78 r
  U4/Y (INVX4M)                                           0.29       1.07 f
  FIFO/W_RST (fifo_top_width8_test_1)                     0.00       1.07 f
  FIFO/U2/Y (INVX2M)                                      0.13       1.20 r
  FIFO/U1/Y (INVX2M)                                      0.22       1.42 f
  FIFO/Write_Full/RST (fifo_wptr_full_test_1)             0.00       1.42 f
  FIFO/Write_Full/U16/Y (AND2X2M)                         0.21       1.63 f
  FIFO/Write_Full/U12/Y (AND4X2M)                         0.26       1.88 f
  FIFO/Write_Full/w_full (fifo_wptr_full_test_1)          0.00       1.88 f
  FIFO/FULL (fifo_top_width8_test_1)                      0.00       1.88 f
  CTRL_UNIT/FIFO_FULL (SYS_CTRL_test_1)                   0.00       1.88 f
  CTRL_UNIT/U22/Y (INVX2M)                                0.10       1.98 r
  CTRL_UNIT/U57/Y (NAND2X2M)                              0.12       2.10 f
  CTRL_UNIT/U21/Y (NOR2BX2M)                              0.31       2.41 r
  CTRL_UNIT/U17/Y (OR3X2M)                                0.22       2.63 r
  CTRL_UNIT/FIFO_WRITE_INC (SYS_CTRL_test_1)              0.00       2.63 r
  FIFO/W_INC (fifo_top_width8_test_1)                     0.00       2.63 r
  FIFO/Memory/w_inc (fifo_memory_data_width8_test_1)      0.00       2.63 r
  FIFO/Memory/U79/Y (NOR2BX2M)                            0.15       2.78 r
  FIFO/Memory/U83/Y (NOR2BX2M)                            0.27       3.06 r
  FIFO/Memory/U81/Y (NAND3X2M)                            0.31       3.37 f
  FIFO/Memory/U92/Y (OAI2BB2X1M)                          0.31       3.68 f
  FIFO/Memory/Memory_reg[3][0]/D (SDFFRQX2M)              0.00       3.68 f
  data arrival time                                                  3.68

  clock REF_DOMAIN (rise edge)                           20.00      20.00
  clock network delay (ideal)                             0.00      20.00
  clock uncertainty                                      -0.20      19.80
  FIFO/Memory/Memory_reg[3][0]/CK (SDFFRQX2M)             0.00      19.80 r
  library setup time                                     -0.40      19.40
  data required time                                                19.40
  --------------------------------------------------------------------------
  data required time                                                19.40
  data arrival time                                                 -3.68
  --------------------------------------------------------------------------
  slack (MET)                                                       15.72


  Startpoint: D1/SYNC_RST_reg
              (rising edge-triggered flip-flop clocked by REF_DOMAIN)
  Endpoint: FIFO/Memory/Memory_reg[1][3]
            (rising edge-triggered flip-flop clocked by REF_DOMAIN)
  Path Group: REF_DOMAIN
  Path Type: max

  Point                                                   Incr       Path
  --------------------------------------------------------------------------
  clock REF_DOMAIN (rise edge)                            0.00       0.00
  clock network delay (ideal)                             0.00       0.00
  D1/SYNC_RST_reg/CK (SDFFRQX2M)                          0.00       0.00 r
  D1/SYNC_RST_reg/Q (SDFFRQX2M)                           0.44       0.44 f
  D1/SYNC_RST (RST_Sync_NUM_STAGES2_test_0)               0.00       0.44 f
  REF_RST_MUX/IN_0 (mux2X1_6)                             0.00       0.44 f
  REF_RST_MUX/U1/Y (AO2B2X2M)                             0.26       0.70 f
  REF_RST_MUX/OUT (mux2X1_6)                              0.00       0.70 f
  U5/Y (INVX2M)                                           0.08       0.78 r
  U4/Y (INVX4M)                                           0.29       1.07 f
  FIFO/W_RST (fifo_top_width8_test_1)                     0.00       1.07 f
  FIFO/U2/Y (INVX2M)                                      0.13       1.20 r
  FIFO/U1/Y (INVX2M)                                      0.22       1.42 f
  FIFO/Write_Full/RST (fifo_wptr_full_test_1)             0.00       1.42 f
  FIFO/Write_Full/U16/Y (AND2X2M)                         0.21       1.63 f
  FIFO/Write_Full/U12/Y (AND4X2M)                         0.26       1.88 f
  FIFO/Write_Full/w_full (fifo_wptr_full_test_1)          0.00       1.88 f
  FIFO/FULL (fifo_top_width8_test_1)                      0.00       1.88 f
  CTRL_UNIT/FIFO_FULL (SYS_CTRL_test_1)                   0.00       1.88 f
  CTRL_UNIT/U22/Y (INVX2M)                                0.10       1.98 r
  CTRL_UNIT/U57/Y (NAND2X2M)                              0.12       2.10 f
  CTRL_UNIT/U21/Y (NOR2BX2M)                              0.31       2.41 r
  CTRL_UNIT/U17/Y (OR3X2M)                                0.22       2.63 r
  CTRL_UNIT/FIFO_WRITE_INC (SYS_CTRL_test_1)              0.00       2.63 r
  FIFO/W_INC (fifo_top_width8_test_1)                     0.00       2.63 r
  FIFO/Memory/w_inc (fifo_memory_data_width8_test_1)      0.00       2.63 r
  FIFO/Memory/U79/Y (NOR2BX2M)                            0.15       2.78 r
  FIFO/Memory/U83/Y (NOR2BX2M)                            0.27       3.06 r
  FIFO/Memory/U82/Y (NAND3X2M)                            0.31       3.37 f
  FIFO/Memory/U103/Y (OAI2BB2X1M)                         0.31       3.68 f
  FIFO/Memory/Memory_reg[1][3]/D (SDFFRQX2M)              0.00       3.68 f
  data arrival time                                                  3.68

  clock REF_DOMAIN (rise edge)                           20.00      20.00
  clock network delay (ideal)                             0.00      20.00
  clock uncertainty                                      -0.20      19.80
  FIFO/Memory/Memory_reg[1][3]/CK (SDFFRQX2M)             0.00      19.80 r
  library setup time                                     -0.40      19.40
  data required time                                                19.40
  --------------------------------------------------------------------------
  data required time                                                19.40
  data arrival time                                                 -3.68
  --------------------------------------------------------------------------
  slack (MET)                                                       15.73


  Startpoint: D1/SYNC_RST_reg
              (rising edge-triggered flip-flop clocked by REF_DOMAIN)
  Endpoint: FIFO/Memory/Memory_reg[1][2]
            (rising edge-triggered flip-flop clocked by REF_DOMAIN)
  Path Group: REF_DOMAIN
  Path Type: max

  Point                                                   Incr       Path
  --------------------------------------------------------------------------
  clock REF_DOMAIN (rise edge)                            0.00       0.00
  clock network delay (ideal)                             0.00       0.00
  D1/SYNC_RST_reg/CK (SDFFRQX2M)                          0.00       0.00 r
  D1/SYNC_RST_reg/Q (SDFFRQX2M)                           0.44       0.44 f
  D1/SYNC_RST (RST_Sync_NUM_STAGES2_test_0)               0.00       0.44 f
  REF_RST_MUX/IN_0 (mux2X1_6)                             0.00       0.44 f
  REF_RST_MUX/U1/Y (AO2B2X2M)                             0.26       0.70 f
  REF_RST_MUX/OUT (mux2X1_6)                              0.00       0.70 f
  U5/Y (INVX2M)                                           0.08       0.78 r
  U4/Y (INVX4M)                                           0.29       1.07 f
  FIFO/W_RST (fifo_top_width8_test_1)                     0.00       1.07 f
  FIFO/U2/Y (INVX2M)                                      0.13       1.20 r
  FIFO/U1/Y (INVX2M)                                      0.22       1.42 f
  FIFO/Write_Full/RST (fifo_wptr_full_test_1)             0.00       1.42 f
  FIFO/Write_Full/U16/Y (AND2X2M)                         0.21       1.63 f
  FIFO/Write_Full/U12/Y (AND4X2M)                         0.26       1.88 f
  FIFO/Write_Full/w_full (fifo_wptr_full_test_1)          0.00       1.88 f
  FIFO/FULL (fifo_top_width8_test_1)                      0.00       1.88 f
  CTRL_UNIT/FIFO_FULL (SYS_CTRL_test_1)                   0.00       1.88 f
  CTRL_UNIT/U22/Y (INVX2M)                                0.10       1.98 r
  CTRL_UNIT/U57/Y (NAND2X2M)                              0.12       2.10 f
  CTRL_UNIT/U21/Y (NOR2BX2M)                              0.31       2.41 r
  CTRL_UNIT/U17/Y (OR3X2M)                                0.22       2.63 r
  CTRL_UNIT/FIFO_WRITE_INC (SYS_CTRL_test_1)              0.00       2.63 r
  FIFO/W_INC (fifo_top_width8_test_1)                     0.00       2.63 r
  FIFO/Memory/w_inc (fifo_memory_data_width8_test_1)      0.00       2.63 r
  FIFO/Memory/U79/Y (NOR2BX2M)                            0.15       2.78 r
  FIFO/Memory/U83/Y (NOR2BX2M)                            0.27       3.06 r
  FIFO/Memory/U82/Y (NAND3X2M)                            0.31       3.37 f
  FIFO/Memory/U102/Y (OAI2BB2X1M)                         0.31       3.68 f
  FIFO/Memory/Memory_reg[1][2]/D (SDFFRQX2M)              0.00       3.68 f
  data arrival time                                                  3.68

  clock REF_DOMAIN (rise edge)                           20.00      20.00
  clock network delay (ideal)                             0.00      20.00
  clock uncertainty                                      -0.20      19.80
  FIFO/Memory/Memory_reg[1][2]/CK (SDFFRQX2M)             0.00      19.80 r
  library setup time                                     -0.40      19.40
  data required time                                                19.40
  --------------------------------------------------------------------------
  data required time                                                19.40
  data arrival time                                                 -3.68
  --------------------------------------------------------------------------
  slack (MET)                                                       15.73


  Startpoint: D1/SYNC_RST_reg
              (rising edge-triggered flip-flop clocked by REF_DOMAIN)
  Endpoint: FIFO/Memory/Memory_reg[1][1]
            (rising edge-triggered flip-flop clocked by REF_DOMAIN)
  Path Group: REF_DOMAIN
  Path Type: max

  Point                                                   Incr       Path
  --------------------------------------------------------------------------
  clock REF_DOMAIN (rise edge)                            0.00       0.00
  clock network delay (ideal)                             0.00       0.00
  D1/SYNC_RST_reg/CK (SDFFRQX2M)                          0.00       0.00 r
  D1/SYNC_RST_reg/Q (SDFFRQX2M)                           0.44       0.44 f
  D1/SYNC_RST (RST_Sync_NUM_STAGES2_test_0)               0.00       0.44 f
  REF_RST_MUX/IN_0 (mux2X1_6)                             0.00       0.44 f
  REF_RST_MUX/U1/Y (AO2B2X2M)                             0.26       0.70 f
  REF_RST_MUX/OUT (mux2X1_6)                              0.00       0.70 f
  U5/Y (INVX2M)                                           0.08       0.78 r
  U4/Y (INVX4M)                                           0.29       1.07 f
  FIFO/W_RST (fifo_top_width8_test_1)                     0.00       1.07 f
  FIFO/U2/Y (INVX2M)                                      0.13       1.20 r
  FIFO/U1/Y (INVX2M)                                      0.22       1.42 f
  FIFO/Write_Full/RST (fifo_wptr_full_test_1)             0.00       1.42 f
  FIFO/Write_Full/U16/Y (AND2X2M)                         0.21       1.63 f
  FIFO/Write_Full/U12/Y (AND4X2M)                         0.26       1.88 f
  FIFO/Write_Full/w_full (fifo_wptr_full_test_1)          0.00       1.88 f
  FIFO/FULL (fifo_top_width8_test_1)                      0.00       1.88 f
  CTRL_UNIT/FIFO_FULL (SYS_CTRL_test_1)                   0.00       1.88 f
  CTRL_UNIT/U22/Y (INVX2M)                                0.10       1.98 r
  CTRL_UNIT/U57/Y (NAND2X2M)                              0.12       2.10 f
  CTRL_UNIT/U21/Y (NOR2BX2M)                              0.31       2.41 r
  CTRL_UNIT/U17/Y (OR3X2M)                                0.22       2.63 r
  CTRL_UNIT/FIFO_WRITE_INC (SYS_CTRL_test_1)              0.00       2.63 r
  FIFO/W_INC (fifo_top_width8_test_1)                     0.00       2.63 r
  FIFO/Memory/w_inc (fifo_memory_data_width8_test_1)      0.00       2.63 r
  FIFO/Memory/U79/Y (NOR2BX2M)                            0.15       2.78 r
  FIFO/Memory/U83/Y (NOR2BX2M)                            0.27       3.06 r
  FIFO/Memory/U82/Y (NAND3X2M)                            0.31       3.37 f
  FIFO/Memory/U101/Y (OAI2BB2X1M)                         0.31       3.68 f
  FIFO/Memory/Memory_reg[1][1]/D (SDFFRQX2M)              0.00       3.68 f
  data arrival time                                                  3.68

  clock REF_DOMAIN (rise edge)                           20.00      20.00
  clock network delay (ideal)                             0.00      20.00
  clock uncertainty                                      -0.20      19.80
  FIFO/Memory/Memory_reg[1][1]/CK (SDFFRQX2M)             0.00      19.80 r
  library setup time                                     -0.40      19.40
  data required time                                                19.40
  --------------------------------------------------------------------------
  data required time                                                19.40
  data arrival time                                                 -3.68
  --------------------------------------------------------------------------
  slack (MET)                                                       15.73


  Startpoint: D1/SYNC_RST_reg
              (rising edge-triggered flip-flop clocked by REF_DOMAIN)
  Endpoint: FIFO/Memory/Memory_reg[1][0]
            (rising edge-triggered flip-flop clocked by REF_DOMAIN)
  Path Group: REF_DOMAIN
  Path Type: max

  Point                                                   Incr       Path
  --------------------------------------------------------------------------
  clock REF_DOMAIN (rise edge)                            0.00       0.00
  clock network delay (ideal)                             0.00       0.00
  D1/SYNC_RST_reg/CK (SDFFRQX2M)                          0.00       0.00 r
  D1/SYNC_RST_reg/Q (SDFFRQX2M)                           0.44       0.44 f
  D1/SYNC_RST (RST_Sync_NUM_STAGES2_test_0)               0.00       0.44 f
  REF_RST_MUX/IN_0 (mux2X1_6)                             0.00       0.44 f
  REF_RST_MUX/U1/Y (AO2B2X2M)                             0.26       0.70 f
  REF_RST_MUX/OUT (mux2X1_6)                              0.00       0.70 f
  U5/Y (INVX2M)                                           0.08       0.78 r
  U4/Y (INVX4M)                                           0.29       1.07 f
  FIFO/W_RST (fifo_top_width8_test_1)                     0.00       1.07 f
  FIFO/U2/Y (INVX2M)                                      0.13       1.20 r
  FIFO/U1/Y (INVX2M)                                      0.22       1.42 f
  FIFO/Write_Full/RST (fifo_wptr_full_test_1)             0.00       1.42 f
  FIFO/Write_Full/U16/Y (AND2X2M)                         0.21       1.63 f
  FIFO/Write_Full/U12/Y (AND4X2M)                         0.26       1.88 f
  FIFO/Write_Full/w_full (fifo_wptr_full_test_1)          0.00       1.88 f
  FIFO/FULL (fifo_top_width8_test_1)                      0.00       1.88 f
  CTRL_UNIT/FIFO_FULL (SYS_CTRL_test_1)                   0.00       1.88 f
  CTRL_UNIT/U22/Y (INVX2M)                                0.10       1.98 r
  CTRL_UNIT/U57/Y (NAND2X2M)                              0.12       2.10 f
  CTRL_UNIT/U21/Y (NOR2BX2M)                              0.31       2.41 r
  CTRL_UNIT/U17/Y (OR3X2M)                                0.22       2.63 r
  CTRL_UNIT/FIFO_WRITE_INC (SYS_CTRL_test_1)              0.00       2.63 r
  FIFO/W_INC (fifo_top_width8_test_1)                     0.00       2.63 r
  FIFO/Memory/w_inc (fifo_memory_data_width8_test_1)      0.00       2.63 r
  FIFO/Memory/U79/Y (NOR2BX2M)                            0.15       2.78 r
  FIFO/Memory/U83/Y (NOR2BX2M)                            0.27       3.06 r
  FIFO/Memory/U82/Y (NAND3X2M)                            0.31       3.37 f
  FIFO/Memory/U100/Y (OAI2BB2X1M)                         0.31       3.68 f
  FIFO/Memory/Memory_reg[1][0]/D (SDFFRQX2M)              0.00       3.68 f
  data arrival time                                                  3.68

  clock REF_DOMAIN (rise edge)                           20.00      20.00
  clock network delay (ideal)                             0.00      20.00
  clock uncertainty                                      -0.20      19.80
  FIFO/Memory/Memory_reg[1][0]/CK (SDFFRQX2M)             0.00      19.80 r
  library setup time                                     -0.40      19.40
  data required time                                                19.40
  --------------------------------------------------------------------------
  data required time                                                19.40
  data arrival time                                                 -3.68
  --------------------------------------------------------------------------
  slack (MET)                                                       15.73


  Startpoint: UART_RX_IN (input port clocked by RX_CLK)
  Endpoint: UART/RX/F/current_state_reg[0]
            (rising edge-triggered flip-flop clocked by RX_CLK)
  Path Group: RX_CLK
  Path Type: max

  Point                                                   Incr       Path
  --------------------------------------------------------------------------
  clock RX_CLK (rise edge)                                0.00       0.00
  clock network delay (ideal)                             0.00       0.00
  input external delay                                   54.25      54.25 r
  UART_RX_IN (in)                                         0.03      54.29 r
  UART/RX_IN_S (UART_TOP_test_1)                          0.00      54.29 r
  UART/RX/RX_IN (UART_RX_test_1)                          0.00      54.29 r
  UART/RX/F/RX_IN (FSM_RX_test_1)                         0.00      54.29 r
  UART/RX/F/U54/Y (OAI2B2X1M)                             0.12      54.41 f
  UART/RX/F/U59/Y (AOI2B1X1M)                             0.13      54.54 r
  UART/RX/F/U57/Y (OAI221X1M)                             0.14      54.68 f
  UART/RX/F/current_state_reg[0]/D (SDFFRQX2M)            0.00      54.68 f
  data arrival time                                                 54.68

  clock RX_CLK (rise edge)                              271.27     271.27
  clock network delay (ideal)                             0.00     271.27
  clock uncertainty                                      -0.20     271.07
  UART/RX/F/current_state_reg[0]/CK (SDFFRQX2M)           0.00     271.07 r
  library setup time                                     -0.41     270.66
  data required time                                               270.66
  --------------------------------------------------------------------------
  data required time                                               270.66
  data arrival time                                                -54.68
  --------------------------------------------------------------------------
  slack (MET)                                                      215.98


  Startpoint: UART_RX_IN (input port clocked by RX_CLK)
  Endpoint: UART/RX/DS/sampled_reg[2]
            (rising edge-triggered flip-flop clocked by RX_CLK)
  Path Group: RX_CLK
  Path Type: max

  Point                                                   Incr       Path
  --------------------------------------------------------------------------
  clock RX_CLK (rise edge)                                0.00       0.00
  clock network delay (ideal)                             0.00       0.00
  input external delay                                   54.25      54.25 f
  UART_RX_IN (in)                                         0.03      54.28 f
  UART/RX_IN_S (UART_TOP_test_1)                          0.00      54.28 f
  UART/RX/RX_IN (UART_RX_test_1)                          0.00      54.28 f
  UART/RX/DS/RX_IN (data_sampling_test_1)                 0.00      54.28 f
  UART/RX/DS/U18/Y (NAND2X2M)                             0.08      54.36 r
  UART/RX/DS/U23/Y (OAI2BB2X1M)                           0.10      54.46 f
  UART/RX/DS/sampled_reg[2]/D (SDFFRQX2M)                 0.00      54.46 f
  data arrival time                                                 54.46

  clock RX_CLK (rise edge)                              271.27     271.27
  clock network delay (ideal)                             0.00     271.27
  clock uncertainty                                      -0.20     271.07
  UART/RX/DS/sampled_reg[2]/CK (SDFFRQX2M)                0.00     271.07 r
  library setup time                                     -0.40     270.67
  data required time                                               270.67
  --------------------------------------------------------------------------
  data required time                                               270.67
  data arrival time                                                -54.46
  --------------------------------------------------------------------------
  slack (MET)                                                      216.22


  Startpoint: UART_RX_IN (input port clocked by RX_CLK)
  Endpoint: UART/RX/DS/sampled_reg[1]
            (rising edge-triggered flip-flop clocked by RX_CLK)
  Path Group: RX_CLK
  Path Type: max

  Point                                                   Incr       Path
  --------------------------------------------------------------------------
  clock RX_CLK (rise edge)                                0.00       0.00
  clock network delay (ideal)                             0.00       0.00
  input external delay                                   54.25      54.25 f
  UART_RX_IN (in)                                         0.03      54.28 f
  UART/RX_IN_S (UART_TOP_test_1)                          0.00      54.28 f
  UART/RX/RX_IN (UART_RX_test_1)                          0.00      54.28 f
  UART/RX/DS/RX_IN (data_sampling_test_1)                 0.00      54.28 f
  UART/RX/DS/U18/Y (NAND2X2M)                             0.08      54.36 r
  UART/RX/DS/U21/Y (OAI2BB2X1M)                           0.10      54.46 f
  UART/RX/DS/sampled_reg[1]/D (SDFFRQX2M)                 0.00      54.46 f
  data arrival time                                                 54.46

  clock RX_CLK (rise edge)                              271.27     271.27
  clock network delay (ideal)                             0.00     271.27
  clock uncertainty                                      -0.20     271.07
  UART/RX/DS/sampled_reg[1]/CK (SDFFRQX2M)                0.00     271.07 r
  library setup time                                     -0.40     270.67
  data required time                                               270.67
  --------------------------------------------------------------------------
  data required time                                               270.67
  data arrival time                                                -54.46
  --------------------------------------------------------------------------
  slack (MET)                                                      216.22


  Startpoint: UART_RX_IN (input port clocked by RX_CLK)
  Endpoint: UART/RX/DS/sampled_reg[0]
            (rising edge-triggered flip-flop clocked by RX_CLK)
  Path Group: RX_CLK
  Path Type: max

  Point                                                   Incr       Path
  --------------------------------------------------------------------------
  clock RX_CLK (rise edge)                                0.00       0.00
  clock network delay (ideal)                             0.00       0.00
  input external delay                                   54.25      54.25 f
  UART_RX_IN (in)                                         0.03      54.28 f
  UART/RX_IN_S (UART_TOP_test_1)                          0.00      54.28 f
  UART/RX/RX_IN (UART_RX_test_1)                          0.00      54.28 f
  UART/RX/DS/RX_IN (data_sampling_test_1)                 0.00      54.28 f
  UART/RX/DS/U18/Y (NAND2X2M)                             0.08      54.36 r
  UART/RX/DS/U19/Y (OAI2BB2X1M)                           0.10      54.46 f
  UART/RX/DS/sampled_reg[0]/D (SDFFRQX2M)                 0.00      54.46 f
  data arrival time                                                 54.46

  clock RX_CLK (rise edge)                              271.27     271.27
  clock network delay (ideal)                             0.00     271.27
  clock uncertainty                                      -0.20     271.07
  UART/RX/DS/sampled_reg[0]/CK (SDFFRQX2M)                0.00     271.07 r
  library setup time                                     -0.40     270.67
  data required time                                               270.67
  --------------------------------------------------------------------------
  data required time                                               270.67
  data arrival time                                                -54.46
  --------------------------------------------------------------------------
  slack (MET)                                                      216.22


  Startpoint: D2/SYNC_RST_reg
              (rising edge-triggered flip-flop clocked by UART_DOMAIN)
  Endpoint: UART/RX/P/par_error_reg
            (rising edge-triggered flip-flop clocked by RX_CLK)
  Path Group: RX_CLK
  Path Type: max

  Point                                                   Incr       Path
  --------------------------------------------------------------------------
  clock UART_DOMAIN (rise edge)                           0.00       0.00
  clock network delay (ideal)                             0.00       0.00
  D2/SYNC_RST_reg/CK (SDFFRQX1M)                          0.00       0.00 r
  D2/SYNC_RST_reg/Q (SDFFRQX1M)                           0.39       0.39 r
  D2/SYNC_RST (RST_Sync_NUM_STAGES2_test_1)               0.00       0.39 r
  UART_RST_MUX/IN_0 (mux2X1_0)                            0.00       0.39 r
  UART_RST_MUX/U1/Y (AO2B2X2M)                            0.15       0.54 r
  UART_RST_MUX/OUT (mux2X1_0)                             0.00       0.54 r
  U6/Y (INVX2M)                                           0.04       0.58 f
  U2/Y (INVX2M)                                           0.54       1.12 r
  UART/RST (UART_TOP_test_1)                              0.00       1.12 r
  UART/U2/Y (INVX2M)                                      0.10       1.22 f
  UART/U1/Y (INVX2M)                                      0.22       1.44 r
  UART/RX/RST (UART_RX_test_1)                            0.00       1.44 r
  UART/RX/U2/Y (INVX2M)                                   0.07       1.51 f
  UART/RX/U1/Y (INVX2M)                                   0.77       2.28 r
  UART/RX/DS/RST (data_sampling_test_1)                   0.00       2.28 r
  UART/RX/DS/U5/Y (INVX2M)                                0.11       2.39 f
  UART/RX/DS/U12/Y (AOI211X2M)                            0.38       2.77 r
  UART/RX/DS/sampled_bit (data_sampling_test_1)           0.00       2.77 r
  UART/RX/P/sampled (parity_check_test_1)                 0.00       2.77 r
  UART/RX/P/U5/Y (XNOR2X2M)                               0.19       2.96 r
  UART/RX/P/U9/Y (XOR3XLM)                                0.24       3.20 f
  UART/RX/P/U6/Y (XOR3XLM)                                0.51       3.70 f
  UART/RX/P/U11/Y (AOI22X1M)                              0.18       3.88 r
  UART/RX/P/U10/Y (NOR2BX2M)                              0.07       3.96 f
  UART/RX/P/par_error_reg/D (SDFFRHQX8M)                  0.00       3.96 f
  data arrival time                                                  3.96

  clock RX_CLK (rise edge)                              271.27     271.27
  clock network delay (ideal)                             0.00     271.27
  clock uncertainty                                      -0.20     271.07
  UART/RX/P/par_error_reg/CK (SDFFRHQX8M)                 0.00     271.07 r
  library setup time                                     -0.23     270.84
  data required time                                               270.84
  --------------------------------------------------------------------------
  data required time                                               270.84
  data arrival time                                                 -3.96
  --------------------------------------------------------------------------
  slack (MET)                                                      266.88


  Startpoint: UART/RX/EBC/edge_count_reg[1]
              (rising edge-triggered flip-flop clocked by RX_CLK)
  Endpoint: UART/RX/DZ/P_DATA_reg[6]
            (rising edge-triggered flip-flop clocked by RX_CLK)
  Path Group: RX_CLK
  Path Type: max

  Point                                                   Incr       Path
  --------------------------------------------------------------------------
  clock RX_CLK (rise edge)                                0.00       0.00
  clock network delay (ideal)                             0.00       0.00
  UART/RX/EBC/edge_count_reg[1]/CK (SDFFRQX2M)            0.00       0.00 r
  UART/RX/EBC/edge_count_reg[1]/Q (SDFFRQX2M)             0.42       0.42 r
  UART/RX/EBC/edge_count[1] (edge_bit_counter_test_1)     0.00       0.42 r
  UART/RX/U12/Y (INVX2M)                                  0.05       0.48 f
  UART/RX/U11/Y (INVX2M)                                  0.24       0.72 r
  UART/RX/F/edge_count[1] (FSM_RX_test_1)                 0.00       0.72 r
  UART/RX/F/U34/Y (INVX2M)                                0.08       0.80 f
  UART/RX/F/U137/Y (AO21XLM)                              0.29       1.09 f
  UART/RX/F/U139/Y (OAI211X1M)                            0.09       1.18 r
  UART/RX/F/U140/Y (OAI221X1M)                            0.17       1.35 f
  UART/RX/F/U141/Y (AOI31X1M)                             0.18       1.54 r
  UART/RX/F/U142/Y (OA21X1M)                              0.20       1.74 r
  UART/RX/F/U38/Y (NAND2BX2M)                             0.10       1.83 f
  UART/RX/F/U28/Y (NOR2X2M)                               0.22       2.06 r
  UART/RX/F/U23/Y (NOR3BX2M)                              0.34       2.39 r
  UART/RX/F/deser_en (FSM_RX_test_1)                      0.00       2.39 r
  UART/RX/DZ/deser_en (deserializer_test_1)               0.00       2.39 r
  UART/RX/DZ/U16/Y (INVX2M)                               0.09       2.49 f
  UART/RX/DZ/U15/Y (NOR2X2M)                              0.27       2.76 r
  UART/RX/DZ/U14/Y (INVX2M)                               0.10       2.87 f
  UART/RX/DZ/U33/Y (NOR2X2M)                              0.16       3.03 r
  UART/RX/DZ/U45/Y (AOI31X2M)                             0.12       3.15 f
  UART/RX/DZ/U44/Y (OAI2BB2X1M)                           0.23       3.38 f
  UART/RX/DZ/P_DATA_reg[6]/D (SDFFRQX2M)                  0.00       3.38 f
  data arrival time                                                  3.38

  clock RX_CLK (rise edge)                              271.27     271.27
  clock network delay (ideal)                             0.00     271.27
  clock uncertainty                                      -0.20     271.07
  UART/RX/DZ/P_DATA_reg[6]/CK (SDFFRQX2M)                 0.00     271.07 r
  library setup time                                     -0.40     270.67
  data required time                                               270.67
  --------------------------------------------------------------------------
  data required time                                               270.67
  data arrival time                                                 -3.38
  --------------------------------------------------------------------------
  slack (MET)                                                      267.29


  Startpoint: UART/RX/EBC/edge_count_reg[1]
              (rising edge-triggered flip-flop clocked by RX_CLK)
  Endpoint: UART/RX/DZ/P_DATA_reg[4]
            (rising edge-triggered flip-flop clocked by RX_CLK)
  Path Group: RX_CLK
  Path Type: max

  Point                                                   Incr       Path
  --------------------------------------------------------------------------
  clock RX_CLK (rise edge)                                0.00       0.00
  clock network delay (ideal)                             0.00       0.00
  UART/RX/EBC/edge_count_reg[1]/CK (SDFFRQX2M)            0.00       0.00 r
  UART/RX/EBC/edge_count_reg[1]/Q (SDFFRQX2M)             0.42       0.42 r
  UART/RX/EBC/edge_count[1] (edge_bit_counter_test_1)     0.00       0.42 r
  UART/RX/U12/Y (INVX2M)                                  0.05       0.48 f
  UART/RX/U11/Y (INVX2M)                                  0.24       0.72 r
  UART/RX/F/edge_count[1] (FSM_RX_test_1)                 0.00       0.72 r
  UART/RX/F/U34/Y (INVX2M)                                0.08       0.80 f
  UART/RX/F/U137/Y (AO21XLM)                              0.29       1.09 f
  UART/RX/F/U139/Y (OAI211X1M)                            0.09       1.18 r
  UART/RX/F/U140/Y (OAI221X1M)                            0.17       1.35 f
  UART/RX/F/U141/Y (AOI31X1M)                             0.18       1.54 r
  UART/RX/F/U142/Y (OA21X1M)                              0.20       1.74 r
  UART/RX/F/U38/Y (NAND2BX2M)                             0.10       1.83 f
  UART/RX/F/U28/Y (NOR2X2M)                               0.22       2.06 r
  UART/RX/F/U23/Y (NOR3BX2M)                              0.34       2.39 r
  UART/RX/F/deser_en (FSM_RX_test_1)                      0.00       2.39 r
  UART/RX/DZ/deser_en (deserializer_test_1)               0.00       2.39 r
  UART/RX/DZ/U16/Y (INVX2M)                               0.09       2.49 f
  UART/RX/DZ/U15/Y (NOR2X2M)                              0.27       2.76 r
  UART/RX/DZ/U47/Y (NAND3X2M)                             0.16       2.92 f
  UART/RX/DZ/U41/Y (AOI2BB1X2M)                           0.22       3.15 f
  UART/RX/DZ/U40/Y (OAI2BB2X1M)                           0.22       3.37 f
  UART/RX/DZ/P_DATA_reg[4]/D (SDFFRQX2M)                  0.00       3.37 f
  data arrival time                                                  3.37

  clock RX_CLK (rise edge)                              271.27     271.27
  clock network delay (ideal)                             0.00     271.27
  clock uncertainty                                      -0.20     271.07
  UART/RX/DZ/P_DATA_reg[4]/CK (SDFFRQX2M)                 0.00     271.07 r
  library setup time                                     -0.40     270.67
  data required time                                               270.67
  --------------------------------------------------------------------------
  data required time                                               270.67
  data arrival time                                                 -3.37
  --------------------------------------------------------------------------
  slack (MET)                                                      267.31


  Startpoint: UART/RX/EBC/edge_count_reg[1]
              (rising edge-triggered flip-flop clocked by RX_CLK)
  Endpoint: UART/RX/DZ/P_DATA_reg[5]
            (rising edge-triggered flip-flop clocked by RX_CLK)
  Path Group: RX_CLK
  Path Type: max

  Point                                                   Incr       Path
  --------------------------------------------------------------------------
  clock RX_CLK (rise edge)                                0.00       0.00
  clock network delay (ideal)                             0.00       0.00
  UART/RX/EBC/edge_count_reg[1]/CK (SDFFRQX2M)            0.00       0.00 r
  UART/RX/EBC/edge_count_reg[1]/Q (SDFFRQX2M)             0.42       0.42 r
  UART/RX/EBC/edge_count[1] (edge_bit_counter_test_1)     0.00       0.42 r
  UART/RX/U12/Y (INVX2M)                                  0.05       0.48 f
  UART/RX/U11/Y (INVX2M)                                  0.24       0.72 r
  UART/RX/F/edge_count[1] (FSM_RX_test_1)                 0.00       0.72 r
  UART/RX/F/U34/Y (INVX2M)                                0.08       0.80 f
  UART/RX/F/U137/Y (AO21XLM)                              0.29       1.09 f
  UART/RX/F/U139/Y (OAI211X1M)                            0.09       1.18 r
  UART/RX/F/U140/Y (OAI221X1M)                            0.17       1.35 f
  UART/RX/F/U141/Y (AOI31X1M)                             0.18       1.54 r
  UART/RX/F/U142/Y (OA21X1M)                              0.20       1.74 r
  UART/RX/F/U38/Y (NAND2BX2M)                             0.10       1.83 f
  UART/RX/F/U28/Y (NOR2X2M)                               0.22       2.06 r
  UART/RX/F/U23/Y (NOR3BX2M)                              0.34       2.39 r
  UART/RX/F/deser_en (FSM_RX_test_1)                      0.00       2.39 r
  UART/RX/DZ/deser_en (deserializer_test_1)               0.00       2.39 r
  UART/RX/DZ/U16/Y (INVX2M)                               0.09       2.49 f
  UART/RX/DZ/U15/Y (NOR2X2M)                              0.27       2.76 r
  UART/RX/DZ/U47/Y (NAND3X2M)                             0.16       2.92 f
  UART/RX/DZ/U43/Y (AOI2BB1X2M)                           0.22       3.15 f
  UART/RX/DZ/U42/Y (OAI2BB2X1M)                           0.22       3.37 f
  UART/RX/DZ/P_DATA_reg[5]/D (SDFFRQX2M)                  0.00       3.37 f
  data arrival time                                                  3.37

  clock RX_CLK (rise edge)                              271.27     271.27
  clock network delay (ideal)                             0.00     271.27
  clock uncertainty                                      -0.20     271.07
  UART/RX/DZ/P_DATA_reg[5]/CK (SDFFRQX2M)                 0.00     271.07 r
  library setup time                                     -0.40     270.67
  data required time                                               270.67
  --------------------------------------------------------------------------
  data required time                                               270.67
  data arrival time                                                 -3.37
  --------------------------------------------------------------------------
  slack (MET)                                                      267.31


  Startpoint: UART/RX/EBC/edge_count_reg[1]
              (rising edge-triggered flip-flop clocked by RX_CLK)
  Endpoint: UART/RX/DZ/P_DATA_reg[3]
            (rising edge-triggered flip-flop clocked by RX_CLK)
  Path Group: RX_CLK
  Path Type: max

  Point                                                   Incr       Path
  --------------------------------------------------------------------------
  clock RX_CLK (rise edge)                                0.00       0.00
  clock network delay (ideal)                             0.00       0.00
  UART/RX/EBC/edge_count_reg[1]/CK (SDFFRQX2M)            0.00       0.00 r
  UART/RX/EBC/edge_count_reg[1]/Q (SDFFRQX2M)             0.42       0.42 r
  UART/RX/EBC/edge_count[1] (edge_bit_counter_test_1)     0.00       0.42 r
  UART/RX/U12/Y (INVX2M)                                  0.05       0.48 f
  UART/RX/U11/Y (INVX2M)                                  0.24       0.72 r
  UART/RX/F/edge_count[1] (FSM_RX_test_1)                 0.00       0.72 r
  UART/RX/F/U34/Y (INVX2M)                                0.08       0.80 f
  UART/RX/F/U137/Y (AO21XLM)                              0.29       1.09 f
  UART/RX/F/U139/Y (OAI211X1M)                            0.09       1.18 r
  UART/RX/F/U140/Y (OAI221X1M)                            0.17       1.35 f
  UART/RX/F/U141/Y (AOI31X1M)                             0.18       1.54 r
  UART/RX/F/U142/Y (OA21X1M)                              0.20       1.74 r
  UART/RX/F/U38/Y (NAND2BX2M)                             0.10       1.83 f
  UART/RX/F/U28/Y (NOR2X2M)                               0.22       2.06 r
  UART/RX/F/U23/Y (NOR3BX2M)                              0.34       2.39 r
  UART/RX/F/deser_en (FSM_RX_test_1)                      0.00       2.39 r
  UART/RX/DZ/deser_en (deserializer_test_1)               0.00       2.39 r
  UART/RX/DZ/U16/Y (INVX2M)                               0.09       2.49 f
  UART/RX/DZ/U15/Y (NOR2X2M)                              0.27       2.76 r
  UART/RX/DZ/U46/Y (NAND3X2M)                             0.16       2.92 f
  UART/RX/DZ/U39/Y (AOI2BB1X2M)                           0.22       3.14 f
  UART/RX/DZ/U38/Y (OAI2BB2X1M)                           0.22       3.36 f
  UART/RX/DZ/P_DATA_reg[3]/D (SDFFRQX2M)                  0.00       3.36 f
  data arrival time                                                  3.36

  clock RX_CLK (rise edge)                              271.27     271.27
  clock network delay (ideal)                             0.00     271.27
  clock uncertainty                                      -0.20     271.07
  UART/RX/DZ/P_DATA_reg[3]/CK (SDFFRQX2M)                 0.00     271.07 r
  library setup time                                     -0.40     270.67
  data required time                                               270.67
  --------------------------------------------------------------------------
  data required time                                               270.67
  data arrival time                                                 -3.36
  --------------------------------------------------------------------------
  slack (MET)                                                      267.31


  Startpoint: UART/RX/EBC/edge_count_reg[1]
              (rising edge-triggered flip-flop clocked by RX_CLK)
  Endpoint: UART/RX/DZ/P_DATA_reg[2]
            (rising edge-triggered flip-flop clocked by RX_CLK)
  Path Group: RX_CLK
  Path Type: max

  Point                                                   Incr       Path
  --------------------------------------------------------------------------
  clock RX_CLK (rise edge)                                0.00       0.00
  clock network delay (ideal)                             0.00       0.00
  UART/RX/EBC/edge_count_reg[1]/CK (SDFFRQX2M)            0.00       0.00 r
  UART/RX/EBC/edge_count_reg[1]/Q (SDFFRQX2M)             0.42       0.42 r
  UART/RX/EBC/edge_count[1] (edge_bit_counter_test_1)     0.00       0.42 r
  UART/RX/U12/Y (INVX2M)                                  0.05       0.48 f
  UART/RX/U11/Y (INVX2M)                                  0.24       0.72 r
  UART/RX/F/edge_count[1] (FSM_RX_test_1)                 0.00       0.72 r
  UART/RX/F/U34/Y (INVX2M)                                0.08       0.80 f
  UART/RX/F/U137/Y (AO21XLM)                              0.29       1.09 f
  UART/RX/F/U139/Y (OAI211X1M)                            0.09       1.18 r
  UART/RX/F/U140/Y (OAI221X1M)                            0.17       1.35 f
  UART/RX/F/U141/Y (AOI31X1M)                             0.18       1.54 r
  UART/RX/F/U142/Y (OA21X1M)                              0.20       1.74 r
  UART/RX/F/U38/Y (NAND2BX2M)                             0.10       1.83 f
  UART/RX/F/U28/Y (NOR2X2M)                               0.22       2.06 r
  UART/RX/F/U23/Y (NOR3BX2M)                              0.34       2.39 r
  UART/RX/F/deser_en (FSM_RX_test_1)                      0.00       2.39 r
  UART/RX/DZ/deser_en (deserializer_test_1)               0.00       2.39 r
  UART/RX/DZ/U16/Y (INVX2M)                               0.09       2.49 f
  UART/RX/DZ/U15/Y (NOR2X2M)                              0.27       2.76 r
  UART/RX/DZ/U46/Y (NAND3X2M)                             0.16       2.92 f
  UART/RX/DZ/U37/Y (AOI2BB1X2M)                           0.22       3.14 f
  UART/RX/DZ/U36/Y (OAI2BB2X1M)                           0.22       3.36 f
  UART/RX/DZ/P_DATA_reg[2]/D (SDFFRQX2M)                  0.00       3.36 f
  data arrival time                                                  3.36

  clock RX_CLK (rise edge)                              271.27     271.27
  clock network delay (ideal)                             0.00     271.27
  clock uncertainty                                      -0.20     271.07
  UART/RX/DZ/P_DATA_reg[2]/CK (SDFFRQX2M)                 0.00     271.07 r
  library setup time                                     -0.40     270.67
  data required time                                               270.67
  --------------------------------------------------------------------------
  data required time                                               270.67
  data arrival time                                                 -3.36
  --------------------------------------------------------------------------
  slack (MET)                                                      267.31


  Startpoint: UART/RX/EBC/edge_count_reg[1]
              (rising edge-triggered flip-flop clocked by RX_CLK)
  Endpoint: UART/RX/DZ/bit_reg[2]
            (rising edge-triggered flip-flop clocked by RX_CLK)
  Path Group: RX_CLK
  Path Type: max

  Point                                                   Incr       Path
  --------------------------------------------------------------------------
  clock RX_CLK (rise edge)                                0.00       0.00
  clock network delay (ideal)                             0.00       0.00
  UART/RX/EBC/edge_count_reg[1]/CK (SDFFRQX2M)            0.00       0.00 r
  UART/RX/EBC/edge_count_reg[1]/Q (SDFFRQX2M)             0.42       0.42 r
  UART/RX/EBC/edge_count[1] (edge_bit_counter_test_1)     0.00       0.42 r
  UART/RX/U12/Y (INVX2M)                                  0.05       0.48 f
  UART/RX/U11/Y (INVX2M)                                  0.24       0.72 r
  UART/RX/F/edge_count[1] (FSM_RX_test_1)                 0.00       0.72 r
  UART/RX/F/U34/Y (INVX2M)                                0.08       0.80 f
  UART/RX/F/U137/Y (AO21XLM)                              0.29       1.09 f
  UART/RX/F/U139/Y (OAI211X1M)                            0.09       1.18 r
  UART/RX/F/U140/Y (OAI221X1M)                            0.17       1.35 f
  UART/RX/F/U141/Y (AOI31X1M)                             0.18       1.54 r
  UART/RX/F/U142/Y (OA21X1M)                              0.20       1.74 r
  UART/RX/F/U38/Y (NAND2BX2M)                             0.10       1.83 f
  UART/RX/F/U28/Y (NOR2X2M)                               0.22       2.06 r
  UART/RX/F/U23/Y (NOR3BX2M)                              0.34       2.39 r
  UART/RX/F/deser_en (FSM_RX_test_1)                      0.00       2.39 r
  UART/RX/DZ/deser_en (deserializer_test_1)               0.00       2.39 r
  UART/RX/DZ/U16/Y (INVX2M)                               0.09       2.49 f
  UART/RX/DZ/U15/Y (NOR2X2M)                              0.27       2.76 r
  UART/RX/DZ/U14/Y (INVX2M)                               0.10       2.87 f
  UART/RX/DZ/U17/Y (NAND2X2M)                             0.09       2.95 r
  UART/RX/DZ/U22/Y (NOR2BX2M)                             0.17       3.12 r
  UART/RX/DZ/U21/Y (OAI221X1M)                            0.17       3.29 f
  UART/RX/DZ/bit_reg[2]/D (SDFFRQX2M)                     0.00       3.29 f
  data arrival time                                                  3.29

  clock RX_CLK (rise edge)                              271.27     271.27
  clock network delay (ideal)                             0.00     271.27
  clock uncertainty                                      -0.20     271.07
  UART/RX/DZ/bit_reg[2]/CK (SDFFRQX2M)                    0.00     271.07 r
  library setup time                                     -0.41     270.66
  data required time                                               270.66
  --------------------------------------------------------------------------
  data required time                                               270.66
  data arrival time                                                 -3.29
  --------------------------------------------------------------------------
  slack (MET)                                                      267.37


  Startpoint: UART/RX/EBC/edge_count_reg[1]
              (rising edge-triggered flip-flop clocked by RX_CLK)
  Endpoint: UART/RX/DZ/bit_reg[1]
            (rising edge-triggered flip-flop clocked by RX_CLK)
  Path Group: RX_CLK
  Path Type: max

  Point                                                   Incr       Path
  --------------------------------------------------------------------------
  clock RX_CLK (rise edge)                                0.00       0.00
  clock network delay (ideal)                             0.00       0.00
  UART/RX/EBC/edge_count_reg[1]/CK (SDFFRQX2M)            0.00       0.00 r
  UART/RX/EBC/edge_count_reg[1]/Q (SDFFRQX2M)             0.42       0.42 r
  UART/RX/EBC/edge_count[1] (edge_bit_counter_test_1)     0.00       0.42 r
  UART/RX/U12/Y (INVX2M)                                  0.05       0.48 f
  UART/RX/U11/Y (INVX2M)                                  0.24       0.72 r
  UART/RX/F/edge_count[1] (FSM_RX_test_1)                 0.00       0.72 r
  UART/RX/F/U34/Y (INVX2M)                                0.08       0.80 f
  UART/RX/F/U137/Y (AO21XLM)                              0.29       1.09 f
  UART/RX/F/U139/Y (OAI211X1M)                            0.09       1.18 r
  UART/RX/F/U140/Y (OAI221X1M)                            0.17       1.35 f
  UART/RX/F/U141/Y (AOI31X1M)                             0.18       1.54 r
  UART/RX/F/U142/Y (OA21X1M)                              0.20       1.74 r
  UART/RX/F/U38/Y (NAND2BX2M)                             0.10       1.83 f
  UART/RX/F/U28/Y (NOR2X2M)                               0.22       2.06 r
  UART/RX/F/U23/Y (NOR3BX2M)                              0.34       2.39 r
  UART/RX/F/deser_en (FSM_RX_test_1)                      0.00       2.39 r
  UART/RX/DZ/deser_en (deserializer_test_1)               0.00       2.39 r
  UART/RX/DZ/U16/Y (INVX2M)                               0.09       2.49 f
  UART/RX/DZ/U15/Y (NOR2X2M)                              0.27       2.76 r
  UART/RX/DZ/U14/Y (INVX2M)                               0.10       2.87 f
  UART/RX/DZ/U17/Y (NAND2X2M)                             0.09       2.95 r
  UART/RX/DZ/U22/Y (NOR2BX2M)                             0.17       3.12 r
  UART/RX/DZ/U23/Y (OAI2BB2X1M)                           0.09       3.21 f
  UART/RX/DZ/bit_reg[1]/D (SDFFRQX2M)                     0.00       3.21 f
  data arrival time                                                  3.21

  clock RX_CLK (rise edge)                              271.27     271.27
  clock network delay (ideal)                             0.00     271.27
  clock uncertainty                                      -0.20     271.07
  UART/RX/DZ/bit_reg[1]/CK (SDFFRQX2M)                    0.00     271.07 r
  library setup time                                     -0.40     270.67
  data required time                                               270.67
  --------------------------------------------------------------------------
  data required time                                               270.67
  data arrival time                                                 -3.21
  --------------------------------------------------------------------------
  slack (MET)                                                      267.46


  Startpoint: D2/SYNC_RST_reg
              (rising edge-triggered flip-flop clocked by UART_DOMAIN)
  Endpoint: UART/RX/DZ/P_DATA_reg[0]
            (rising edge-triggered flip-flop clocked by RX_CLK)
  Path Group: RX_CLK
  Path Type: max

  Point                                                   Incr       Path
  --------------------------------------------------------------------------
  clock UART_DOMAIN (rise edge)                           0.00       0.00
  clock network delay (ideal)                             0.00       0.00
  D2/SYNC_RST_reg/CK (SDFFRQX1M)                          0.00       0.00 r
  D2/SYNC_RST_reg/Q (SDFFRQX1M)                           0.39       0.39 r
  D2/SYNC_RST (RST_Sync_NUM_STAGES2_test_1)               0.00       0.39 r
  UART_RST_MUX/IN_0 (mux2X1_0)                            0.00       0.39 r
  UART_RST_MUX/U1/Y (AO2B2X2M)                            0.15       0.54 r
  UART_RST_MUX/OUT (mux2X1_0)                             0.00       0.54 r
  U6/Y (INVX2M)                                           0.04       0.58 f
  U2/Y (INVX2M)                                           0.54       1.12 r
  UART/RST (UART_TOP_test_1)                              0.00       1.12 r
  UART/U2/Y (INVX2M)                                      0.10       1.22 f
  UART/U1/Y (INVX2M)                                      0.22       1.44 r
  UART/RX/RST (UART_RX_test_1)                            0.00       1.44 r
  UART/RX/U2/Y (INVX2M)                                   0.07       1.51 f
  UART/RX/U1/Y (INVX2M)                                   0.77       2.28 r
  UART/RX/DS/RST (data_sampling_test_1)                   0.00       2.28 r
  UART/RX/DS/U5/Y (INVX2M)                                0.11       2.39 f
  UART/RX/DS/U12/Y (AOI211X2M)                            0.38       2.77 r
  UART/RX/DS/sampled_bit (data_sampling_test_1)           0.00       2.77 r
  UART/RX/DZ/sampled_bit (deserializer_test_1)            0.00       2.77 r
  UART/RX/DZ/U20/Y (NAND2X2M)                             0.22       2.99 f
  UART/RX/DZ/U27/Y (OAI32X1M)                             0.26       3.25 r
  UART/RX/DZ/P_DATA_reg[0]/D (SDFFRQX2M)                  0.00       3.25 r
  data arrival time                                                  3.25

  clock RX_CLK (rise edge)                              271.27     271.27
  clock network delay (ideal)                             0.00     271.27
  clock uncertainty                                      -0.20     271.07
  UART/RX/DZ/P_DATA_reg[0]/CK (SDFFRQX2M)                 0.00     271.07 r
  library setup time                                     -0.31     270.75
  data required time                                               270.75
  --------------------------------------------------------------------------
  data required time                                               270.75
  data arrival time                                                 -3.25
  --------------------------------------------------------------------------
  slack (MET)                                                      267.51


  Startpoint: UART/RX/EBC/edge_count_reg[1]
              (rising edge-triggered flip-flop clocked by RX_CLK)
  Endpoint: UART/RX/DZ/P_DATA_reg[1]
            (rising edge-triggered flip-flop clocked by RX_CLK)
  Path Group: RX_CLK
  Path Type: max

  Point                                                   Incr       Path
  --------------------------------------------------------------------------
  clock RX_CLK (rise edge)                                0.00       0.00
  clock network delay (ideal)                             0.00       0.00
  UART/RX/EBC/edge_count_reg[1]/CK (SDFFRQX2M)            0.00       0.00 r
  UART/RX/EBC/edge_count_reg[1]/Q (SDFFRQX2M)             0.42       0.42 r
  UART/RX/EBC/edge_count[1] (edge_bit_counter_test_1)     0.00       0.42 r
  UART/RX/U12/Y (INVX2M)                                  0.05       0.48 f
  UART/RX/U11/Y (INVX2M)                                  0.24       0.72 r
  UART/RX/F/edge_count[1] (FSM_RX_test_1)                 0.00       0.72 r
  UART/RX/F/U34/Y (INVX2M)                                0.08       0.80 f
  UART/RX/F/U137/Y (AO21XLM)                              0.29       1.09 f
  UART/RX/F/U139/Y (OAI211X1M)                            0.09       1.18 r
  UART/RX/F/U140/Y (OAI221X1M)                            0.17       1.35 f
  UART/RX/F/U141/Y (AOI31X1M)                             0.18       1.54 r
  UART/RX/F/U142/Y (OA21X1M)                              0.20       1.74 r
  UART/RX/F/U38/Y (NAND2BX2M)                             0.10       1.83 f
  UART/RX/F/U28/Y (NOR2X2M)                               0.22       2.06 r
  UART/RX/F/U23/Y (NOR3BX2M)                              0.34       2.39 r
  UART/RX/F/deser_en (FSM_RX_test_1)                      0.00       2.39 r
  UART/RX/DZ/deser_en (deserializer_test_1)               0.00       2.39 r
  UART/RX/DZ/U16/Y (INVX2M)                               0.09       2.49 f
  UART/RX/DZ/U15/Y (NOR2X2M)                              0.27       2.76 r
  UART/RX/DZ/U35/Y (AOI31X2M)                             0.15       2.92 f
  UART/RX/DZ/U34/Y (OAI2BB2X1M)                           0.24       3.15 f
  UART/RX/DZ/P_DATA_reg[1]/D (SDFFRQX2M)                  0.00       3.15 f
  data arrival time                                                  3.15

  clock RX_CLK (rise edge)                              271.27     271.27
  clock network delay (ideal)                             0.00     271.27
  clock uncertainty                                      -0.20     271.07
  UART/RX/DZ/P_DATA_reg[1]/CK (SDFFRQX2M)                 0.00     271.07 r
  library setup time                                     -0.40     270.67
  data required time                                               270.67
  --------------------------------------------------------------------------
  data required time                                               270.67
  data arrival time                                                 -3.15
  --------------------------------------------------------------------------
  slack (MET)                                                      267.52


  Startpoint: D2/SYNC_RST_reg
              (rising edge-triggered flip-flop clocked by UART_DOMAIN)
  Endpoint: UART/RX/DZ/P_DATA_reg[7]
            (rising edge-triggered flip-flop clocked by RX_CLK)
  Path Group: RX_CLK
  Path Type: max

  Point                                                   Incr       Path
  --------------------------------------------------------------------------
  clock UART_DOMAIN (rise edge)                           0.00       0.00
  clock network delay (ideal)                             0.00       0.00
  D2/SYNC_RST_reg/CK (SDFFRQX1M)                          0.00       0.00 r
  D2/SYNC_RST_reg/Q (SDFFRQX1M)                           0.39       0.39 r
  D2/SYNC_RST (RST_Sync_NUM_STAGES2_test_1)               0.00       0.39 r
  UART_RST_MUX/IN_0 (mux2X1_0)                            0.00       0.39 r
  UART_RST_MUX/U1/Y (AO2B2X2M)                            0.15       0.54 r
  UART_RST_MUX/OUT (mux2X1_0)                             0.00       0.54 r
  U6/Y (INVX2M)                                           0.04       0.58 f
  U2/Y (INVX2M)                                           0.54       1.12 r
  UART/RST (UART_TOP_test_1)                              0.00       1.12 r
  UART/U2/Y (INVX2M)                                      0.10       1.22 f
  UART/U1/Y (INVX2M)                                      0.22       1.44 r
  UART/RX/RST (UART_RX_test_1)                            0.00       1.44 r
  UART/RX/U2/Y (INVX2M)                                   0.07       1.51 f
  UART/RX/U1/Y (INVX2M)                                   0.77       2.28 r
  UART/RX/DS/RST (data_sampling_test_1)                   0.00       2.28 r
  UART/RX/DS/U5/Y (INVX2M)                                0.11       2.39 f
  UART/RX/DS/U12/Y (AOI211X2M)                            0.38       2.77 r
  UART/RX/DS/sampled_bit (data_sampling_test_1)           0.00       2.77 r
  UART/RX/DZ/sampled_bit (deserializer_test_1)            0.00       2.77 r
  UART/RX/DZ/U20/Y (NAND2X2M)                             0.22       2.99 f
  UART/RX/DZ/U29/Y (OAI31X1M)                             0.25       3.24 r
  UART/RX/DZ/P_DATA_reg[7]/D (SDFFRQX2M)                  0.00       3.24 r
  data arrival time                                                  3.24

  clock RX_CLK (rise edge)                              271.27     271.27
  clock network delay (ideal)                             0.00     271.27
  clock uncertainty                                      -0.20     271.07
  UART/RX/DZ/P_DATA_reg[7]/CK (SDFFRQX2M)                 0.00     271.07 r
  library setup time                                     -0.29     270.78
  data required time                                               270.78
  --------------------------------------------------------------------------
  data required time                                               270.78
  data arrival time                                                 -3.24
  --------------------------------------------------------------------------
  slack (MET)                                                      267.54


  Startpoint: UART/RX/EBC/edge_count_reg[1]
              (rising edge-triggered flip-flop clocked by RX_CLK)
  Endpoint: UART/RX/DZ/bit_reg[0]
            (rising edge-triggered flip-flop clocked by RX_CLK)
  Path Group: RX_CLK
  Path Type: max

  Point                                                   Incr       Path
  --------------------------------------------------------------------------
  clock RX_CLK (rise edge)                                0.00       0.00
  clock network delay (ideal)                             0.00       0.00
  UART/RX/EBC/edge_count_reg[1]/CK (SDFFRQX2M)            0.00       0.00 r
  UART/RX/EBC/edge_count_reg[1]/Q (SDFFRQX2M)             0.42       0.42 r
  UART/RX/EBC/edge_count[1] (edge_bit_counter_test_1)     0.00       0.42 r
  UART/RX/U12/Y (INVX2M)                                  0.05       0.48 f
  UART/RX/U11/Y (INVX2M)                                  0.24       0.72 r
  UART/RX/F/edge_count[1] (FSM_RX_test_1)                 0.00       0.72 r
  UART/RX/F/U34/Y (INVX2M)                                0.08       0.80 f
  UART/RX/F/U137/Y (AO21XLM)                              0.29       1.09 f
  UART/RX/F/U139/Y (OAI211X1M)                            0.09       1.18 r
  UART/RX/F/U140/Y (OAI221X1M)                            0.17       1.35 f
  UART/RX/F/U141/Y (AOI31X1M)                             0.18       1.54 r
  UART/RX/F/U142/Y (OA21X1M)                              0.20       1.74 r
  UART/RX/F/U38/Y (NAND2BX2M)                             0.10       1.83 f
  UART/RX/F/U28/Y (NOR2X2M)                               0.22       2.06 r
  UART/RX/F/U23/Y (NOR3BX2M)                              0.34       2.39 r
  UART/RX/F/deser_en (FSM_RX_test_1)                      0.00       2.39 r
  UART/RX/DZ/deser_en (deserializer_test_1)               0.00       2.39 r
  UART/RX/DZ/U16/Y (INVX2M)                               0.09       2.49 f
  UART/RX/DZ/U15/Y (NOR2X2M)                              0.27       2.76 r
  UART/RX/DZ/U14/Y (INVX2M)                               0.10       2.87 f
  UART/RX/DZ/U33/Y (NOR2X2M)                              0.16       3.03 r
  UART/RX/DZ/U24/Y (OAI21BX1M)                            0.14       3.17 r
  UART/RX/DZ/bit_reg[0]/D (SDFFRQX2M)                     0.00       3.17 r
  data arrival time                                                  3.17

  clock RX_CLK (rise edge)                              271.27     271.27
  clock network delay (ideal)                             0.00     271.27
  clock uncertainty                                      -0.20     271.07
  UART/RX/DZ/bit_reg[0]/CK (SDFFRQX2M)                    0.00     271.07 r
  library setup time                                     -0.27     270.79
  data required time                                               270.79
  --------------------------------------------------------------------------
  data required time                                               270.79
  data arrival time                                                 -3.17
  --------------------------------------------------------------------------
  slack (MET)                                                      267.63


  Startpoint: D2/SYNC_RST_reg
              (rising edge-triggered flip-flop clocked by UART_DOMAIN)
  Endpoint: UART/RX/Sp/stop_error_reg
            (rising edge-triggered flip-flop clocked by RX_CLK)
  Path Group: RX_CLK
  Path Type: max

  Point                                                   Incr       Path
  --------------------------------------------------------------------------
  clock UART_DOMAIN (rise edge)                           0.00       0.00
  clock network delay (ideal)                             0.00       0.00
  D2/SYNC_RST_reg/CK (SDFFRQX1M)                          0.00       0.00 r
  D2/SYNC_RST_reg/Q (SDFFRQX1M)                           0.39       0.39 r
  D2/SYNC_RST (RST_Sync_NUM_STAGES2_test_1)               0.00       0.39 r
  UART_RST_MUX/IN_0 (mux2X1_0)                            0.00       0.39 r
  UART_RST_MUX/U1/Y (AO2B2X2M)                            0.15       0.54 r
  UART_RST_MUX/OUT (mux2X1_0)                             0.00       0.54 r
  U6/Y (INVX2M)                                           0.04       0.58 f
  U2/Y (INVX2M)                                           0.54       1.12 r
  UART/RST (UART_TOP_test_1)                              0.00       1.12 r
  UART/U2/Y (INVX2M)                                      0.10       1.22 f
  UART/U1/Y (INVX2M)                                      0.22       1.44 r
  UART/RX/RST (UART_RX_test_1)                            0.00       1.44 r
  UART/RX/U2/Y (INVX2M)                                   0.07       1.51 f
  UART/RX/U1/Y (INVX2M)                                   0.77       2.28 r
  UART/RX/DS/RST (data_sampling_test_1)                   0.00       2.28 r
  UART/RX/DS/U5/Y (INVX2M)                                0.11       2.39 f
  UART/RX/DS/U12/Y (AOI211X2M)                            0.38       2.77 r
  UART/RX/DS/sampled_bit (data_sampling_test_1)           0.00       2.77 r
  UART/RX/Sp/stop_bit (stop_check_test_1)                 0.00       2.77 r
  UART/RX/Sp/U5/Y (AOI2BB2XLM)                            0.28       3.05 r
  UART/RX/Sp/U4/Y (NOR2BX2M)                              0.08       3.13 f
  UART/RX/Sp/stop_error_reg/D (SDFFRHQX8M)                0.00       3.13 f
  data arrival time                                                  3.13

  clock RX_CLK (rise edge)                              271.27     271.27
  clock network delay (ideal)                             0.00     271.27
  clock uncertainty                                      -0.20     271.07
  UART/RX/Sp/stop_error_reg/CK (SDFFRHQX8M)               0.00     271.07 r
  library setup time                                     -0.23     270.84
  data required time                                               270.84
  --------------------------------------------------------------------------
  data required time                                               270.84
  data arrival time                                                 -3.13
  --------------------------------------------------------------------------
  slack (MET)                                                      267.71


  Startpoint: D2/SYNC_RST_reg
              (rising edge-triggered flip-flop clocked by UART_DOMAIN)
  Endpoint: UART/RX/Sr/start_glitch_reg
            (rising edge-triggered flip-flop clocked by RX_CLK)
  Path Group: RX_CLK
  Path Type: max

  Point                                                   Incr       Path
  --------------------------------------------------------------------------
  clock UART_DOMAIN (rise edge)                           0.00       0.00
  clock network delay (ideal)                             0.00       0.00
  D2/SYNC_RST_reg/CK (SDFFRQX1M)                          0.00       0.00 r
  D2/SYNC_RST_reg/Q (SDFFRQX1M)                           0.39       0.39 r
  D2/SYNC_RST (RST_Sync_NUM_STAGES2_test_1)               0.00       0.39 r
  UART_RST_MUX/IN_0 (mux2X1_0)                            0.00       0.39 r
  UART_RST_MUX/U1/Y (AO2B2X2M)                            0.15       0.54 r
  UART_RST_MUX/OUT (mux2X1_0)                             0.00       0.54 r
  U6/Y (INVX2M)                                           0.04       0.58 f
  U2/Y (INVX2M)                                           0.54       1.12 r
  UART/RST (UART_TOP_test_1)                              0.00       1.12 r
  UART/U2/Y (INVX2M)                                      0.10       1.22 f
  UART/U1/Y (INVX2M)                                      0.22       1.44 r
  UART/RX/RST (UART_RX_test_1)                            0.00       1.44 r
  UART/RX/U2/Y (INVX2M)                                   0.07       1.51 f
  UART/RX/U1/Y (INVX2M)                                   0.77       2.28 r
  UART/RX/DS/RST (data_sampling_test_1)                   0.00       2.28 r
  UART/RX/DS/U5/Y (INVX2M)                                0.11       2.39 f
  UART/RX/DS/U12/Y (AOI211X2M)                            0.38       2.77 r
  UART/RX/DS/sampled_bit (data_sampling_test_1)           0.00       2.77 r
  UART/RX/Sr/start_bit (start_check_test_1)               0.00       2.77 r
  UART/RX/Sr/U5/Y (AOI22X1M)                              0.14       2.91 f
  UART/RX/Sr/U4/Y (NOR2BX2M)                              0.11       3.03 r
  UART/RX/Sr/start_glitch_reg/D (SDFFRQX2M)               0.00       3.03 r
  data arrival time                                                  3.03

  clock RX_CLK (rise edge)                              271.27     271.27
  clock network delay (ideal)                             0.00     271.27
  clock uncertainty                                      -0.20     271.07
  UART/RX/Sr/start_glitch_reg/CK (SDFFRQX2M)              0.00     271.07 r
  library setup time                                     -0.27     270.80
  data required time                                               270.80
  --------------------------------------------------------------------------
  data required time                                               270.80
  data arrival time                                                 -3.03
  --------------------------------------------------------------------------
  slack (MET)                                                      267.77


  Startpoint: UART/RX/EBC/edge_count_reg[0]
              (rising edge-triggered flip-flop clocked by RX_CLK)
  Endpoint: UART/RX/F/current_state_reg[2]
            (rising edge-triggered flip-flop clocked by RX_CLK)
  Path Group: RX_CLK
  Path Type: max

  Point                                                   Incr       Path
  --------------------------------------------------------------------------
  clock RX_CLK (rise edge)                                0.00       0.00
  clock network delay (ideal)                             0.00       0.00
  UART/RX/EBC/edge_count_reg[0]/CK (SDFFRQX2M)            0.00       0.00 r
  UART/RX/EBC/edge_count_reg[0]/Q (SDFFRQX2M)             0.60       0.60 f
  UART/RX/EBC/edge_count[0] (edge_bit_counter_test_1)     0.00       0.60 f
  UART/RX/F/edge_count[0] (FSM_RX_test_1)                 0.00       0.60 f
  UART/RX/F/U120/Y (NAND2BX1M)                            0.25       0.85 f
  UART/RX/F/U121/Y (AOI2BB1X1M)                           0.24       1.09 f
  UART/RX/F/U122/Y (AOI221XLM)                            0.26       1.35 r
  UART/RX/F/U123/Y (AOI221XLM)                            0.12       1.47 f
  UART/RX/F/U124/Y (AOI221XLM)                            0.31       1.77 r
  UART/RX/F/U125/Y (NOR2X1M)                              0.11       1.88 f
  UART/RX/F/U126/Y (OAI21X1M)                             0.15       2.04 r
  UART/RX/F/U28/Y (NOR2X2M)                               0.15       2.19 f
  UART/RX/F/U23/Y (NOR3BX2M)                              0.19       2.38 f
  UART/RX/F/U66/Y (AOI33XLM)                              0.34       2.72 r
  UART/RX/F/U65/Y (OAI21X2M)                              0.11       2.83 f
  UART/RX/F/current_state_reg[2]/D (SDFFRQX2M)            0.00       2.83 f
  data arrival time                                                  2.83

  clock RX_CLK (rise edge)                              271.27     271.27
  clock network delay (ideal)                             0.00     271.27
  clock uncertainty                                      -0.20     271.07
  UART/RX/F/current_state_reg[2]/CK (SDFFRQX2M)           0.00     271.07 r
  library setup time                                     -0.40     270.67
  data required time                                               270.67
  --------------------------------------------------------------------------
  data required time                                               270.67
  data arrival time                                                 -2.83
  --------------------------------------------------------------------------
  slack (MET)                                                      267.84


  Startpoint: UART/RX/EBC/edge_count_reg[0]
              (rising edge-triggered flip-flop clocked by RX_CLK)
  Endpoint: UART/RX/F/current_state_reg[1]
            (rising edge-triggered flip-flop clocked by RX_CLK)
  Path Group: RX_CLK
  Path Type: max

  Point                                                   Incr       Path
  --------------------------------------------------------------------------
  clock RX_CLK (rise edge)                                0.00       0.00
  clock network delay (ideal)                             0.00       0.00
  UART/RX/EBC/edge_count_reg[0]/CK (SDFFRQX2M)            0.00       0.00 r
  UART/RX/EBC/edge_count_reg[0]/Q (SDFFRQX2M)             0.60       0.60 r
  UART/RX/EBC/edge_count[0] (edge_bit_counter_test_1)     0.00       0.60 r
  UART/RX/F/edge_count[0] (FSM_RX_test_1)                 0.00       0.60 r
  UART/RX/F/U127/Y (NAND2BX1M)                            0.12       0.73 f
  UART/RX/F/U128/Y (AOI2BB1X1M)                           0.25       0.97 f
  UART/RX/F/U129/Y (AOI221XLM)                            0.26       1.23 r
  UART/RX/F/U130/Y (AOI221XLM)                            0.12       1.35 f
  UART/RX/F/U131/Y (AOI221XLM)                            0.32       1.68 r
  UART/RX/F/U132/Y (AOI2B1X1M)                            0.09       1.77 f
  UART/RX/F/U133/Y (NOR2X1M)                              0.20       1.97 r
  UART/RX/F/U26/Y (NAND2X2M)                              0.10       2.07 f
  UART/RX/F/U63/Y (OAI31XLM)                              0.42       2.49 r
  UART/RX/F/U61/Y (OAI211X2M)                             0.15       2.64 f
  UART/RX/F/current_state_reg[1]/D (SDFFRQX2M)            0.00       2.64 f
  data arrival time                                                  2.64

  clock RX_CLK (rise edge)                              271.27     271.27
  clock network delay (ideal)                             0.00     271.27
  clock uncertainty                                      -0.20     271.07
  UART/RX/F/current_state_reg[1]/CK (SDFFRQX2M)           0.00     271.07 r
  library setup time                                     -0.41     270.66
  data required time                                               270.66
  --------------------------------------------------------------------------
  data required time                                               270.66
  data arrival time                                                 -2.64
  --------------------------------------------------------------------------
  slack (MET)                                                      268.02


  Startpoint: UART/RX/P/par_error_reg
              (rising edge-triggered flip-flop clocked by RX_CLK)
  Endpoint: parity_error
            (output port clocked by TX_CLK)
  Path Group: TX_CLK
  Path Type: max

  Point                                                   Incr       Path
  --------------------------------------------------------------------------
  clock RX_CLK (rise edge)                             8409.29    8409.29
  clock network delay (ideal)                             0.00    8409.29
  UART/RX/P/par_error_reg/CK (SDFFRHQX8M)                 0.00    8409.29 r
  UART/RX/P/par_error_reg/Q (SDFFRHQX8M)                  1.10    8410.39 r
  UART/RX/P/par_error (parity_check_test_1)               0.00    8410.39 r
  UART/RX/PARITY_ERROR (UART_RX_test_1)                   0.00    8410.39 r
  UART/PARITY_ERROR (UART_TOP_test_1)                     0.00    8410.39 r
  parity_error (out)                                      0.00    8410.39 r
  data arrival time                                               8410.39

  clock TX_CLK (rise edge)                             8680.56    8680.56
  clock network delay (ideal)                             0.00    8680.56
  clock uncertainty                                      -0.20    8680.36
  output external delay                                 -54.25    8626.10
  data required time                                              8626.10
  --------------------------------------------------------------------------
  data required time                                              8626.10
  data arrival time                                              -8410.39
  --------------------------------------------------------------------------
  slack (MET)                                                      215.71


  Startpoint: UART/RX/Sp/stop_error_reg
              (rising edge-triggered flip-flop clocked by RX_CLK)
  Endpoint: framing_error
            (output port clocked by TX_CLK)
  Path Group: TX_CLK
  Path Type: max

  Point                                                   Incr       Path
  --------------------------------------------------------------------------
  clock RX_CLK (rise edge)                             8409.29    8409.29
  clock network delay (ideal)                             0.00    8409.29
  UART/RX/Sp/stop_error_reg/CK (SDFFRHQX8M)               0.00    8409.29 r
  UART/RX/Sp/stop_error_reg/Q (SDFFRHQX8M)                1.09    8410.38 r
  UART/RX/Sp/stop_error (stop_check_test_1)               0.00    8410.38 r
  UART/RX/STOP_ERROR (UART_RX_test_1)                     0.00    8410.38 r
  UART/STOP_ERROR (UART_TOP_test_1)                       0.00    8410.38 r
  framing_error (out)                                     0.00    8410.38 r
  data arrival time                                               8410.38

  clock TX_CLK (rise edge)                             8680.56    8680.56
  clock network delay (ideal)                             0.00    8680.56
  clock uncertainty                                      -0.20    8680.36
  output external delay                                 -54.25    8626.10
  data required time                                              8626.10
  --------------------------------------------------------------------------
  data required time                                              8626.10
  data arrival time                                              -8410.38
  --------------------------------------------------------------------------
  slack (MET)                                                      215.72


  Startpoint: D2/SYNC_RST_reg
              (rising edge-triggered flip-flop clocked by UART_DOMAIN)
  Endpoint: FIFO/Read_Empty/internal_reg[3]
            (rising edge-triggered flip-flop clocked by TX_CLK)
  Path Group: TX_CLK
  Path Type: max

  Point                                                   Incr       Path
  --------------------------------------------------------------------------
  clock UART_DOMAIN (rise edge)                        8409.29    8409.29
  clock network delay (ideal)                             0.00    8409.29
  D2/SYNC_RST_reg/CK (SDFFRQX1M)                          0.00    8409.29 r
  D2/SYNC_RST_reg/Q (SDFFRQX1M)                           0.39    8409.68 r
  D2/SYNC_RST (RST_Sync_NUM_STAGES2_test_1)               0.00    8409.68 r
  UART_RST_MUX/IN_0 (mux2X1_0)                            0.00    8409.68 r
  UART_RST_MUX/U1/Y (AO2B2X2M)                            0.15    8409.83 r
  UART_RST_MUX/OUT (mux2X1_0)                             0.00    8409.83 r
  U6/Y (INVX2M)                                           0.04    8409.87 f
  U2/Y (INVX2M)                                           0.54    8410.41 r
  FIFO/R_RST (fifo_top_width8_test_1)                     0.00    8410.41 r
  FIFO/U4/Y (INVX2M)                                      0.10    8410.51 f
  FIFO/U3/Y (INVX2M)                                      0.38    8410.88 r
  FIFO/Read_Empty/RST (fifo_rptr_empty_test_1)            0.00    8410.88 r
  FIFO/Read_Empty/U15/Y (AND2X2M)                         0.21    8411.09 r
  FIFO/Read_Empty/U10/Y (NAND4X2M)                        0.16    8411.25 f
  FIFO/Read_Empty/U19/Y (NAND2X2M)                        0.12    8411.36 r
  FIFO/Read_Empty/U9/Y (NOR2X2M)                          0.06    8411.42 f
  FIFO/Read_Empty/U14/Y (NAND2X2M)                        0.08    8411.51 r
  FIFO/Read_Empty/U18/Y (NOR2BX2M)                        0.06    8411.57 f
  FIFO/Read_Empty/U17/Y (CLKXOR2X2M)                      0.20    8411.77 f
  FIFO/Read_Empty/internal_reg[3]/D (SDFFRQX2M)           0.00    8411.77 f
  data arrival time                                               8411.77

  clock TX_CLK (rise edge)                             8680.56    8680.56
  clock network delay (ideal)                             0.00    8680.56
  clock uncertainty                                      -0.20    8680.36
  FIFO/Read_Empty/internal_reg[3]/CK (SDFFRQX2M)          0.00    8680.36 r
  library setup time                                     -0.39    8679.96
  data required time                                              8679.96
  --------------------------------------------------------------------------
  data required time                                              8679.96
  data arrival time                                              -8411.77
  --------------------------------------------------------------------------
  slack (MET)                                                      268.20


  Startpoint: D2/SYNC_RST_reg
              (rising edge-triggered flip-flop clocked by UART_DOMAIN)
  Endpoint: FIFO/Read_Empty/internal_reg[0]
            (rising edge-triggered flip-flop clocked by TX_CLK)
  Path Group: TX_CLK
  Path Type: max

  Point                                                   Incr       Path
  --------------------------------------------------------------------------
  clock UART_DOMAIN (rise edge)                        8409.29    8409.29
  clock network delay (ideal)                             0.00    8409.29
  D2/SYNC_RST_reg/CK (SDFFRQX1M)                          0.00    8409.29 r
  D2/SYNC_RST_reg/Q (SDFFRQX1M)                           0.39    8409.68 r
  D2/SYNC_RST (RST_Sync_NUM_STAGES2_test_1)               0.00    8409.68 r
  UART_RST_MUX/IN_0 (mux2X1_0)                            0.00    8409.68 r
  UART_RST_MUX/U1/Y (AO2B2X2M)                            0.15    8409.83 r
  UART_RST_MUX/OUT (mux2X1_0)                             0.00    8409.83 r
  U6/Y (INVX2M)                                           0.04    8409.87 f
  U2/Y (INVX2M)                                           0.54    8410.41 r
  FIFO/R_RST (fifo_top_width8_test_1)                     0.00    8410.41 r
  FIFO/U4/Y (INVX2M)                                      0.10    8410.51 f
  FIFO/U3/Y (INVX2M)                                      0.38    8410.88 r
  FIFO/Read_Empty/RST (fifo_rptr_empty_test_1)            0.00    8410.88 r
  FIFO/Read_Empty/U15/Y (AND2X2M)                         0.21    8411.09 r
  FIFO/Read_Empty/U10/Y (NAND4X2M)                        0.16    8411.25 f
  FIFO/Read_Empty/U19/Y (NAND2X2M)                        0.12    8411.36 r
  FIFO/Read_Empty/U22/Y (CLKXOR2X2M)                      0.29    8411.65 f
  FIFO/Read_Empty/internal_reg[0]/D (SDFFRX1M)            0.00    8411.65 f
  data arrival time                                               8411.65

  clock TX_CLK (rise edge)                             8680.56    8680.56
  clock network delay (ideal)                             0.00    8680.56
  clock uncertainty                                      -0.20    8680.36
  FIFO/Read_Empty/internal_reg[0]/CK (SDFFRX1M)           0.00    8680.36 r
  library setup time                                     -0.42    8679.94
  data required time                                              8679.94
  --------------------------------------------------------------------------
  data required time                                              8679.94
  data arrival time                                              -8411.65
  --------------------------------------------------------------------------
  slack (MET)                                                      268.29


  Startpoint: D2/SYNC_RST_reg
              (rising edge-triggered flip-flop clocked by UART_DOMAIN)
  Endpoint: FIFO/Read_Empty/internal_reg[1]
            (rising edge-triggered flip-flop clocked by TX_CLK)
  Path Group: TX_CLK
  Path Type: max

  Point                                                   Incr       Path
  --------------------------------------------------------------------------
  clock UART_DOMAIN (rise edge)                        8409.29    8409.29
  clock network delay (ideal)                             0.00    8409.29
  D2/SYNC_RST_reg/CK (SDFFRQX1M)                          0.00    8409.29 r
  D2/SYNC_RST_reg/Q (SDFFRQX1M)                           0.39    8409.68 r
  D2/SYNC_RST (RST_Sync_NUM_STAGES2_test_1)               0.00    8409.68 r
  UART_RST_MUX/IN_0 (mux2X1_0)                            0.00    8409.68 r
  UART_RST_MUX/U1/Y (AO2B2X2M)                            0.15    8409.83 r
  UART_RST_MUX/OUT (mux2X1_0)                             0.00    8409.83 r
  U6/Y (INVX2M)                                           0.04    8409.87 f
  U2/Y (INVX2M)                                           0.54    8410.41 r
  FIFO/R_RST (fifo_top_width8_test_1)                     0.00    8410.41 r
  FIFO/U4/Y (INVX2M)                                      0.10    8410.51 f
  FIFO/U3/Y (INVX2M)                                      0.38    8410.88 r
  FIFO/Read_Empty/RST (fifo_rptr_empty_test_1)            0.00    8410.88 r
  FIFO/Read_Empty/U15/Y (AND2X2M)                         0.21    8411.09 r
  FIFO/Read_Empty/U10/Y (NAND4X2M)                        0.16    8411.25 f
  FIFO/Read_Empty/U19/Y (NAND2X2M)                        0.12    8411.36 r
  FIFO/Read_Empty/U9/Y (NOR2X2M)                          0.06    8411.42 f
  FIFO/Read_Empty/U21/Y (CLKXOR2X2M)                      0.21    8411.63 f
  FIFO/Read_Empty/internal_reg[1]/D (SDFFRQX2M)           0.00    8411.63 f
  data arrival time                                               8411.63

  clock TX_CLK (rise edge)                             8680.56    8680.56
  clock network delay (ideal)                             0.00    8680.56
  clock uncertainty                                      -0.20    8680.36
  FIFO/Read_Empty/internal_reg[1]/CK (SDFFRQX2M)          0.00    8680.36 r
  library setup time                                     -0.39    8679.96
  data required time                                              8679.96
  --------------------------------------------------------------------------
  data required time                                              8679.96
  data arrival time                                              -8411.63
  --------------------------------------------------------------------------
  slack (MET)                                                      268.33


  Startpoint: D2/SYNC_RST_reg
              (rising edge-triggered flip-flop clocked by UART_DOMAIN)
  Endpoint: FIFO/Read_Empty/internal_reg[2]
            (rising edge-triggered flip-flop clocked by TX_CLK)
  Path Group: TX_CLK
  Path Type: max

  Point                                                   Incr       Path
  --------------------------------------------------------------------------
  clock UART_DOMAIN (rise edge)                        8409.29    8409.29
  clock network delay (ideal)                             0.00    8409.29
  D2/SYNC_RST_reg/CK (SDFFRQX1M)                          0.00    8409.29 r
  D2/SYNC_RST_reg/Q (SDFFRQX1M)                           0.39    8409.68 r
  D2/SYNC_RST (RST_Sync_NUM_STAGES2_test_1)               0.00    8409.68 r
  UART_RST_MUX/IN_0 (mux2X1_0)                            0.00    8409.68 r
  UART_RST_MUX/U1/Y (AO2B2X2M)                            0.15    8409.83 r
  UART_RST_MUX/OUT (mux2X1_0)                             0.00    8409.83 r
  U6/Y (INVX2M)                                           0.04    8409.87 f
  U2/Y (INVX2M)                                           0.54    8410.41 r
  FIFO/R_RST (fifo_top_width8_test_1)                     0.00    8410.41 r
  FIFO/U4/Y (INVX2M)                                      0.10    8410.51 f
  FIFO/U3/Y (INVX2M)                                      0.38    8410.88 r
  FIFO/Read_Empty/RST (fifo_rptr_empty_test_1)            0.00    8410.88 r
  FIFO/Read_Empty/U15/Y (AND2X2M)                         0.21    8411.09 r
  FIFO/Read_Empty/U10/Y (NAND4X2M)                        0.16    8411.25 f
  FIFO/Read_Empty/U19/Y (NAND2X2M)                        0.12    8411.36 r
  FIFO/Read_Empty/U9/Y (NOR2X2M)                          0.06    8411.42 f
  FIFO/Read_Empty/U14/Y (NAND2X2M)                        0.08    8411.51 r
  FIFO/Read_Empty/U20/Y (XNOR2X2M)                        0.11    8411.61 f
  FIFO/Read_Empty/internal_reg[2]/D (SDFFRQX2M)           0.00    8411.61 f
  data arrival time                                               8411.61

  clock TX_CLK (rise edge)                             8680.56    8680.56
  clock network delay (ideal)                             0.00    8680.56
  clock uncertainty                                      -0.20    8680.36
  FIFO/Read_Empty/internal_reg[2]/CK (SDFFRQX2M)          0.00    8680.36 r
  library setup time                                     -0.40    8679.96
  data required time                                              8679.96
  --------------------------------------------------------------------------
  data required time                                              8679.96
  data arrival time                                              -8411.61
  --------------------------------------------------------------------------
  slack (MET)                                                      268.34


  Startpoint: D2/SYNC_RST_reg
              (rising edge-triggered flip-flop clocked by UART_DOMAIN)
  Endpoint: UART/TX/F1/current_state_reg[0]
            (rising edge-triggered flip-flop clocked by TX_CLK)
  Path Group: TX_CLK
  Path Type: max

  Point                                                   Incr       Path
  --------------------------------------------------------------------------
  clock UART_DOMAIN (rise edge)                        8409.29    8409.29
  clock network delay (ideal)                             0.00    8409.29
  D2/SYNC_RST_reg/CK (SDFFRQX1M)                          0.00    8409.29 r
  D2/SYNC_RST_reg/Q (SDFFRQX1M)                           0.39    8409.68 r
  D2/SYNC_RST (RST_Sync_NUM_STAGES2_test_1)               0.00    8409.68 r
  UART_RST_MUX/IN_0 (mux2X1_0)                            0.00    8409.68 r
  UART_RST_MUX/U1/Y (AO2B2X2M)                            0.15    8409.83 r
  UART_RST_MUX/OUT (mux2X1_0)                             0.00    8409.83 r
  U6/Y (INVX2M)                                           0.04    8409.87 f
  U2/Y (INVX2M)                                           0.54    8410.41 r
  FIFO/R_RST (fifo_top_width8_test_1)                     0.00    8410.41 r
  FIFO/U4/Y (INVX2M)                                      0.10    8410.51 f
  FIFO/U3/Y (INVX2M)                                      0.38    8410.88 r
  FIFO/Read_Empty/RST (fifo_rptr_empty_test_1)            0.00    8410.88 r
  FIFO/Read_Empty/U15/Y (AND2X2M)                         0.21    8411.09 r
  FIFO/Read_Empty/U10/Y (NAND4X2M)                        0.16    8411.25 f
  FIFO/Read_Empty/U8/Y (INVX2M)                           0.09    8411.33 r
  FIFO/Read_Empty/r_empty (fifo_rptr_empty_test_1)        0.00    8411.33 r
  FIFO/EMPTY (fifo_top_width8_test_1)                     0.00    8411.33 r
  U3/Y (INVX2M)                                           0.04    8411.37 f
  UART/TX_IN_V (UART_TOP_test_1)                          0.00    8411.37 f
  UART/TX/valid (UART_TX_test_1)                          0.00    8411.37 f
  UART/TX/F1/Data_valid (FSM_test_1)                      0.00    8411.37 f
  UART/TX/F1/U7/Y (NAND3X2M)                              0.08    8411.45 r
  UART/TX/F1/U6/Y (NAND2BX2M)                             0.06    8411.51 f
  UART/TX/F1/current_state_reg[0]/D (SDFFRQX2M)           0.00    8411.51 f
  data arrival time                                               8411.51

  clock TX_CLK (rise edge)                             8680.56    8680.56
  clock network delay (ideal)                             0.00    8680.56
  clock uncertainty                                      -0.20    8680.36
  UART/TX/F1/current_state_reg[0]/CK (SDFFRQX2M)          0.00    8680.36 r
  library setup time                                     -0.39    8679.97
  data required time                                              8679.97
  --------------------------------------------------------------------------
  data required time                                              8679.97
  data arrival time                                              -8411.51
  --------------------------------------------------------------------------
  slack (MET)                                                      268.46


  Startpoint: D2/SYNC_RST_reg
              (rising edge-triggered flip-flop clocked by UART_DOMAIN)
  Endpoint: UART/TX/S1/Ser_data_reg
            (rising edge-triggered flip-flop clocked by TX_CLK)
  Path Group: TX_CLK
  Path Type: max

  Point                                                   Incr       Path
  --------------------------------------------------------------------------
  clock UART_DOMAIN (rise edge)                        8409.29    8409.29
  clock network delay (ideal)                             0.00    8409.29
  D2/SYNC_RST_reg/CK (SDFFRQX1M)                          0.00    8409.29 r
  D2/SYNC_RST_reg/Q (SDFFRQX1M)                           0.39    8409.68 r
  D2/SYNC_RST (RST_Sync_NUM_STAGES2_test_1)               0.00    8409.68 r
  UART_RST_MUX/IN_0 (mux2X1_0)                            0.00    8409.68 r
  UART_RST_MUX/U1/Y (AO2B2X2M)                            0.15    8409.83 r
  UART_RST_MUX/OUT (mux2X1_0)                             0.00    8409.83 r
  U6/Y (INVX2M)                                           0.04    8409.87 f
  U2/Y (INVX2M)                                           0.54    8410.41 r
  UART/RST (UART_TOP_test_1)                              0.00    8410.41 r
  UART/U2/Y (INVX2M)                                      0.10    8410.51 f
  UART/U1/Y (INVX2M)                                      0.22    8410.73 r
  UART/TX/RST (UART_TX_test_1)                            0.00    8410.73 r
  UART/TX/S1/RST (Serializer_test_1)                      0.00    8410.73 r
  UART/TX/S1/Ser_data_reg/E (SEDFFX1M)                    0.00    8410.73 r
  data arrival time                                               8410.73

  clock TX_CLK (rise edge)                             8680.56    8680.56
  clock network delay (ideal)                             0.00    8680.56
  clock uncertainty                                      -0.20    8680.36
  UART/TX/S1/Ser_data_reg/CK (SEDFFX1M)                   0.00    8680.36 r
  library setup time                                     -0.59    8679.77
  data required time                                              8679.77
  --------------------------------------------------------------------------
  data required time                                              8679.77
  data arrival time                                              -8410.73
  --------------------------------------------------------------------------
  slack (MET)                                                      269.04


  Startpoint: UART/RX/Sr/start_glitch_reg
              (rising edge-triggered flip-flop clocked by RX_CLK)
  Endpoint: UART/TX/F1/current_state_reg[0]
            (rising edge-triggered flip-flop clocked by TX_CLK)
  Path Group: TX_CLK
  Path Type: max

  Point                                                   Incr       Path
  --------------------------------------------------------------------------
  clock RX_CLK (rise edge)                             8409.29    8409.29
  clock network delay (ideal)                             0.00    8409.29
  UART/RX/Sr/start_glitch_reg/CK (SDFFRQX2M)              0.00    8409.29 r
  UART/RX/Sr/start_glitch_reg/Q (SDFFRQX2M)               0.46    8409.75 f
  UART/RX/Sr/start_glitch (start_check_test_1)            0.00    8409.75 f
  UART/RX/START_GLITCH (UART_RX_test_1)                   0.00    8409.75 f
  UART/TX/test_si (UART_TX_test_1)                        0.00    8409.75 f
  UART/TX/F1/test_si (FSM_test_1)                         0.00    8409.75 f
  UART/TX/F1/current_state_reg[0]/SI (SDFFRQX2M)          0.00    8409.75 f
  data arrival time                                               8409.75

  clock TX_CLK (rise edge)                             8680.56    8680.56
  clock network delay (ideal)                             0.00    8680.56
  clock uncertainty                                      -0.20    8680.36
  UART/TX/F1/current_state_reg[0]/CK (SDFFRQX2M)          0.00    8680.36 r
  library setup time                                     -0.50    8679.85
  data required time                                              8679.85
  --------------------------------------------------------------------------
  data required time                                              8679.85
  data arrival time                                              -8409.75
  --------------------------------------------------------------------------
  slack (MET)                                                      270.10


  Startpoint: UART/TX/M1/TX_OUT_reg
              (rising edge-triggered flip-flop clocked by TX_CLK)
  Endpoint: UART_TX_O (output port clocked by TX_CLK)
  Path Group: TX_CLK
  Path Type: max

  Point                                                   Incr       Path
  --------------------------------------------------------------------------
  clock TX_CLK (rise edge)                                0.00       0.00
  clock network delay (ideal)                             0.00       0.00
  UART/TX/M1/TX_OUT_reg/CK (SDFFSQX2M)                    0.00       0.00 r
  UART/TX/M1/TX_OUT_reg/Q (SDFFSQX2M)                     0.41       0.41 r
  UART/TX/M1/U3/Y (INVXLM)                                0.14       0.56 f
  UART/TX/M1/U4/Y (INVX8M)                                0.75       1.31 r
  UART/TX/M1/TX_OUT (MUX_test_1)                          0.00       1.31 r
  UART/TX/Tx_out (UART_TX_test_1)                         0.00       1.31 r
  UART/TX_OUT_S (UART_TOP_test_1)                         0.00       1.31 r
  UART_TX_O (out)                                         0.00       1.31 r
  data arrival time                                                  1.31

  clock TX_CLK (rise edge)                             8680.56    8680.56
  clock network delay (ideal)                             0.00    8680.56
  clock uncertainty                                      -0.20    8680.36
  output external delay                                 -54.25    8626.10
  data required time                                              8626.10
  --------------------------------------------------------------------------
  data required time                                              8626.10
  data arrival time                                                 -1.31
  --------------------------------------------------------------------------
  slack (MET)                                                     8624.79


  Startpoint: FIFO/Read_Empty/internal_reg[0]
              (rising edge-triggered flip-flop clocked by TX_CLK)
  Endpoint: UART/TX/P1/parity_reg
            (rising edge-triggered flip-flop clocked by TX_CLK)
  Path Group: TX_CLK
  Path Type: max

  Point                                                   Incr       Path
  --------------------------------------------------------------------------
  clock TX_CLK (rise edge)                                0.00       0.00
  clock network delay (ideal)                             0.00       0.00
  FIFO/Read_Empty/internal_reg[0]/CK (SDFFRX1M)           0.00       0.00 r
  FIFO/Read_Empty/internal_reg[0]/Q (SDFFRX1M)            0.43       0.43 r
  FIFO/Read_Empty/r_address[0] (fifo_rptr_empty_test_1)
                                                          0.00       0.43 r
  FIFO/Memory/r_address[0] (fifo_memory_data_width8_test_1)
                                                          0.00       0.43 r
  FIFO/Memory/U161/Y (BUFX4M)                             0.54       0.97 r
  FIFO/Memory/U182/Y (MX4X1M)                             0.45       1.42 f
  FIFO/Memory/U180/Y (MX2X2M)                             0.24       1.66 f
  FIFO/Memory/r_data[5] (fifo_memory_data_width8_test_1)
                                                          0.00       1.66 f
  FIFO/RD_DATA[5] (fifo_top_width8_test_1)                0.00       1.66 f
  UART/TX_IN_P[5] (UART_TOP_test_1)                       0.00       1.66 f
  UART/TX/Data[5] (UART_TX_test_1)                        0.00       1.66 f
  UART/TX/P1/P_DATA[5] (parity_checker_test_1)            0.00       1.66 f
  UART/TX/P1/U3/Y (XOR3XLM)                               0.49       2.15 f
  UART/TX/P1/U7/Y (XOR3XLM)                               0.45       2.60 r
  UART/TX/P1/U5/Y (OAI2BB2X1M)                            0.08       2.68 f
  UART/TX/P1/parity_reg/D (SDFFRQX2M)                     0.00       2.68 f
  data arrival time                                                  2.68

  clock TX_CLK (rise edge)                             8680.56    8680.56
  clock network delay (ideal)                             0.00    8680.56
  clock uncertainty                                      -0.20    8680.36
  UART/TX/P1/parity_reg/CK (SDFFRQX2M)                    0.00    8680.36 r
  library setup time                                     -0.40    8679.96
  data required time                                              8679.96
  --------------------------------------------------------------------------
  data required time                                              8679.96
  data arrival time                                                 -2.68
  --------------------------------------------------------------------------
  slack (MET)                                                     8677.28


  Startpoint: UART/TX/F1/current_state_reg[0]
              (rising edge-triggered flip-flop clocked by TX_CLK)
  Endpoint: UART/TX/S1/internal_reg[5]
            (rising edge-triggered flip-flop clocked by TX_CLK)
  Path Group: TX_CLK
  Path Type: max

  Point                                                   Incr       Path
  --------------------------------------------------------------------------
  clock TX_CLK (rise edge)                                0.00       0.00
  clock network delay (ideal)                             0.00       0.00
  UART/TX/F1/current_state_reg[0]/CK (SDFFRQX2M)          0.00       0.00 r
  UART/TX/F1/current_state_reg[0]/Q (SDFFRQX2M)           0.42       0.42 r
  UART/TX/F1/U13/Y (INVX2M)                               0.09       0.51 f
  UART/TX/F1/U9/Y (NOR3X2M)                               0.41       0.92 r
  UART/TX/F1/U10/Y (OAI21BX1M)                            0.24       1.16 r
  UART/TX/F1/Ser_en (FSM_test_1)                          0.00       1.16 r
  UART/TX/S1/Ser_en (Serializer_test_1)                   0.00       1.16 r
  UART/TX/S1/U21/Y (INVX2M)                               0.10       1.26 f
  UART/TX/S1/U20/Y (NOR2X2M)                              0.32       1.58 r
  UART/TX/S1/U17/Y (NOR2X2M)                              0.15       1.73 f
  UART/TX/S1/U38/Y (AO22X1M)                              0.41       2.14 f
  UART/TX/S1/internal_reg[5]/D (SDFFRQX2M)                0.00       2.14 f
  data arrival time                                                  2.14

  clock TX_CLK (rise edge)                             8680.56    8680.56
  clock network delay (ideal)                             0.00    8680.56
  clock uncertainty                                      -0.20    8680.36
  UART/TX/S1/internal_reg[5]/CK (SDFFRQX2M)               0.00    8680.36 r
  library setup time                                     -0.40    8679.96
  data required time                                              8679.96
  --------------------------------------------------------------------------
  data required time                                              8679.96
  data arrival time                                                 -2.14
  --------------------------------------------------------------------------
  slack (MET)                                                     8677.81


  Startpoint: UART/TX/F1/current_state_reg[0]
              (rising edge-triggered flip-flop clocked by TX_CLK)
  Endpoint: UART/TX/S1/internal_reg[1]
            (rising edge-triggered flip-flop clocked by TX_CLK)
  Path Group: TX_CLK
  Path Type: max

  Point                                                   Incr       Path
  --------------------------------------------------------------------------
  clock TX_CLK (rise edge)                                0.00       0.00
  clock network delay (ideal)                             0.00       0.00
  UART/TX/F1/current_state_reg[0]/CK (SDFFRQX2M)          0.00       0.00 r
  UART/TX/F1/current_state_reg[0]/Q (SDFFRQX2M)           0.42       0.42 r
  UART/TX/F1/U13/Y (INVX2M)                               0.09       0.51 f
  UART/TX/F1/U9/Y (NOR3X2M)                               0.41       0.92 r
  UART/TX/F1/U10/Y (OAI21BX1M)                            0.24       1.16 r
  UART/TX/F1/Ser_en (FSM_test_1)                          0.00       1.16 r
  UART/TX/S1/Ser_en (Serializer_test_1)                   0.00       1.16 r
  UART/TX/S1/U21/Y (INVX2M)                               0.10       1.26 f
  UART/TX/S1/U20/Y (NOR2X2M)                              0.32       1.58 r
  UART/TX/S1/U17/Y (NOR2X2M)                              0.15       1.73 f
  UART/TX/S1/U34/Y (AO22X1M)                              0.41       2.14 f
  UART/TX/S1/internal_reg[1]/D (SDFFRQX2M)                0.00       2.14 f
  data arrival time                                                  2.14

  clock TX_CLK (rise edge)                             8680.56    8680.56
  clock network delay (ideal)                             0.00    8680.56
  clock uncertainty                                      -0.20    8680.36
  UART/TX/S1/internal_reg[1]/CK (SDFFRQX2M)               0.00    8680.36 r
  library setup time                                     -0.40    8679.96
  data required time                                              8679.96
  --------------------------------------------------------------------------
  data required time                                              8679.96
  data arrival time                                                 -2.14
  --------------------------------------------------------------------------
  slack (MET)                                                     8677.81


  Startpoint: UART/TX/F1/current_state_reg[0]
              (rising edge-triggered flip-flop clocked by TX_CLK)
  Endpoint: UART/TX/S1/internal_reg[7]
            (rising edge-triggered flip-flop clocked by TX_CLK)
  Path Group: TX_CLK
  Path Type: max

  Point                                                   Incr       Path
  --------------------------------------------------------------------------
  clock TX_CLK (rise edge)                                0.00       0.00
  clock network delay (ideal)                             0.00       0.00
  UART/TX/F1/current_state_reg[0]/CK (SDFFRQX2M)          0.00       0.00 r
  UART/TX/F1/current_state_reg[0]/Q (SDFFRQX2M)           0.42       0.42 r
  UART/TX/F1/U13/Y (INVX2M)                               0.09       0.51 f
  UART/TX/F1/U9/Y (NOR3X2M)                               0.41       0.92 r
  UART/TX/F1/U10/Y (OAI21BX1M)                            0.24       1.16 r
  UART/TX/F1/Ser_en (FSM_test_1)                          0.00       1.16 r
  UART/TX/S1/Ser_en (Serializer_test_1)                   0.00       1.16 r
  UART/TX/S1/U21/Y (INVX2M)                               0.10       1.26 f
  UART/TX/S1/U20/Y (NOR2X2M)                              0.32       1.58 r
  UART/TX/S1/U17/Y (NOR2X2M)                              0.15       1.73 f
  UART/TX/S1/U40/Y (AO22X1M)                              0.41       2.14 f
  UART/TX/S1/internal_reg[7]/D (SDFFRQX2M)                0.00       2.14 f
  data arrival time                                                  2.14

  clock TX_CLK (rise edge)                             8680.56    8680.56
  clock network delay (ideal)                             0.00    8680.56
  clock uncertainty                                      -0.20    8680.36
  UART/TX/S1/internal_reg[7]/CK (SDFFRQX2M)               0.00    8680.36 r
  library setup time                                     -0.40    8679.96
  data required time                                              8679.96
  --------------------------------------------------------------------------
  data required time                                              8679.96
  data arrival time                                                 -2.14
  --------------------------------------------------------------------------
  slack (MET)                                                     8677.81


  Startpoint: UART/TX/F1/current_state_reg[0]
              (rising edge-triggered flip-flop clocked by TX_CLK)
  Endpoint: UART/TX/S1/internal_reg[3]
            (rising edge-triggered flip-flop clocked by TX_CLK)
  Path Group: TX_CLK
  Path Type: max

  Point                                                   Incr       Path
  --------------------------------------------------------------------------
  clock TX_CLK (rise edge)                                0.00       0.00
  clock network delay (ideal)                             0.00       0.00
  UART/TX/F1/current_state_reg[0]/CK (SDFFRQX2M)          0.00       0.00 r
  UART/TX/F1/current_state_reg[0]/Q (SDFFRQX2M)           0.42       0.42 r
  UART/TX/F1/U13/Y (INVX2M)                               0.09       0.51 f
  UART/TX/F1/U9/Y (NOR3X2M)                               0.41       0.92 r
  UART/TX/F1/U10/Y (OAI21BX1M)                            0.24       1.16 r
  UART/TX/F1/Ser_en (FSM_test_1)                          0.00       1.16 r
  UART/TX/S1/Ser_en (Serializer_test_1)                   0.00       1.16 r
  UART/TX/S1/U21/Y (INVX2M)                               0.10       1.26 f
  UART/TX/S1/U20/Y (NOR2X2M)                              0.32       1.58 r
  UART/TX/S1/U17/Y (NOR2X2M)                              0.15       1.73 f
  UART/TX/S1/U36/Y (AO22X1M)                              0.41       2.14 f
  UART/TX/S1/internal_reg[3]/D (SDFFRQX2M)                0.00       2.14 f
  data arrival time                                                  2.14

  clock TX_CLK (rise edge)                             8680.56    8680.56
  clock network delay (ideal)                             0.00    8680.56
  clock uncertainty                                      -0.20    8680.36
  UART/TX/S1/internal_reg[3]/CK (SDFFRQX2M)               0.00    8680.36 r
  library setup time                                     -0.40    8679.96
  data required time                                              8679.96
  --------------------------------------------------------------------------
  data required time                                              8679.96
  data arrival time                                                 -2.14
  --------------------------------------------------------------------------
  slack (MET)                                                     8677.81


  Startpoint: UART/TX/F1/current_state_reg[0]
              (rising edge-triggered flip-flop clocked by TX_CLK)
  Endpoint: UART/TX/S1/internal_reg[6]
            (rising edge-triggered flip-flop clocked by TX_CLK)
  Path Group: TX_CLK
  Path Type: max

  Point                                                   Incr       Path
  --------------------------------------------------------------------------
  clock TX_CLK (rise edge)                                0.00       0.00
  clock network delay (ideal)                             0.00       0.00
  UART/TX/F1/current_state_reg[0]/CK (SDFFRQX2M)          0.00       0.00 r
  UART/TX/F1/current_state_reg[0]/Q (SDFFRQX2M)           0.42       0.42 r
  UART/TX/F1/U13/Y (INVX2M)                               0.09       0.51 f
  UART/TX/F1/U9/Y (NOR3X2M)                               0.41       0.92 r
  UART/TX/F1/U10/Y (OAI21BX1M)                            0.24       1.16 r
  UART/TX/F1/Ser_en (FSM_test_1)                          0.00       1.16 r
  UART/TX/S1/Ser_en (Serializer_test_1)                   0.00       1.16 r
  UART/TX/S1/U21/Y (INVX2M)                               0.10       1.26 f
  UART/TX/S1/U20/Y (NOR2X2M)                              0.32       1.58 r
  UART/TX/S1/U17/Y (NOR2X2M)                              0.15       1.73 f
  UART/TX/S1/U39/Y (AO22X1M)                              0.41       2.14 f
  UART/TX/S1/internal_reg[6]/D (SDFFRQX2M)                0.00       2.14 f
  data arrival time                                                  2.14

  clock TX_CLK (rise edge)                             8680.56    8680.56
  clock network delay (ideal)                             0.00    8680.56
  clock uncertainty                                      -0.20    8680.36
  UART/TX/S1/internal_reg[6]/CK (SDFFRQX2M)               0.00    8680.36 r
  library setup time                                     -0.40    8679.96
  data required time                                              8679.96
  --------------------------------------------------------------------------
  data required time                                              8679.96
  data arrival time                                                 -2.14
  --------------------------------------------------------------------------
  slack (MET)                                                     8677.81


  Startpoint: UART/TX/F1/current_state_reg[0]
              (rising edge-triggered flip-flop clocked by TX_CLK)
  Endpoint: UART/TX/S1/internal_reg[2]
            (rising edge-triggered flip-flop clocked by TX_CLK)
  Path Group: TX_CLK
  Path Type: max

  Point                                                   Incr       Path
  --------------------------------------------------------------------------
  clock TX_CLK (rise edge)                                0.00       0.00
  clock network delay (ideal)                             0.00       0.00
  UART/TX/F1/current_state_reg[0]/CK (SDFFRQX2M)          0.00       0.00 r
  UART/TX/F1/current_state_reg[0]/Q (SDFFRQX2M)           0.42       0.42 r
  UART/TX/F1/U13/Y (INVX2M)                               0.09       0.51 f
  UART/TX/F1/U9/Y (NOR3X2M)                               0.41       0.92 r
  UART/TX/F1/U10/Y (OAI21BX1M)                            0.24       1.16 r
  UART/TX/F1/Ser_en (FSM_test_1)                          0.00       1.16 r
  UART/TX/S1/Ser_en (Serializer_test_1)                   0.00       1.16 r
  UART/TX/S1/U21/Y (INVX2M)                               0.10       1.26 f
  UART/TX/S1/U20/Y (NOR2X2M)                              0.32       1.58 r
  UART/TX/S1/U17/Y (NOR2X2M)                              0.15       1.73 f
  UART/TX/S1/U35/Y (AO22X1M)                              0.41       2.14 f
  UART/TX/S1/internal_reg[2]/D (SDFFRQX2M)                0.00       2.14 f
  data arrival time                                                  2.14

  clock TX_CLK (rise edge)                             8680.56    8680.56
  clock network delay (ideal)                             0.00    8680.56
  clock uncertainty                                      -0.20    8680.36
  UART/TX/S1/internal_reg[2]/CK (SDFFRQX2M)               0.00    8680.36 r
  library setup time                                     -0.40    8679.96
  data required time                                              8679.96
  --------------------------------------------------------------------------
  data required time                                              8679.96
  data arrival time                                                 -2.14
  --------------------------------------------------------------------------
  slack (MET)                                                     8677.81


  Startpoint: UART/TX/F1/current_state_reg[0]
              (rising edge-triggered flip-flop clocked by TX_CLK)
  Endpoint: UART/TX/S1/internal_reg[4]
            (rising edge-triggered flip-flop clocked by TX_CLK)
  Path Group: TX_CLK
  Path Type: max

  Point                                                   Incr       Path
  --------------------------------------------------------------------------
  clock TX_CLK (rise edge)                                0.00       0.00
  clock network delay (ideal)                             0.00       0.00
  UART/TX/F1/current_state_reg[0]/CK (SDFFRQX2M)          0.00       0.00 r
  UART/TX/F1/current_state_reg[0]/Q (SDFFRQX2M)           0.42       0.42 r
  UART/TX/F1/U13/Y (INVX2M)                               0.09       0.51 f
  UART/TX/F1/U9/Y (NOR3X2M)                               0.41       0.92 r
  UART/TX/F1/U10/Y (OAI21BX1M)                            0.24       1.16 r
  UART/TX/F1/Ser_en (FSM_test_1)                          0.00       1.16 r
  UART/TX/S1/Ser_en (Serializer_test_1)                   0.00       1.16 r
  UART/TX/S1/U21/Y (INVX2M)                               0.10       1.26 f
  UART/TX/S1/U20/Y (NOR2X2M)                              0.32       1.58 r
  UART/TX/S1/U17/Y (NOR2X2M)                              0.15       1.73 f
  UART/TX/S1/U37/Y (AO22X1M)                              0.41       2.14 f
  UART/TX/S1/internal_reg[4]/D (SDFFRQX2M)                0.00       2.14 f
  data arrival time                                                  2.14

  clock TX_CLK (rise edge)                             8680.56    8680.56
  clock network delay (ideal)                             0.00    8680.56
  clock uncertainty                                      -0.20    8680.36
  UART/TX/S1/internal_reg[4]/CK (SDFFRQX2M)               0.00    8680.36 r
  library setup time                                     -0.40    8679.96
  data required time                                              8679.96
  --------------------------------------------------------------------------
  data required time                                              8679.96
  data arrival time                                                 -2.14
  --------------------------------------------------------------------------
  slack (MET)                                                     8677.81


  Startpoint: UART/TX/F1/current_state_reg[0]
              (rising edge-triggered flip-flop clocked by TX_CLK)
  Endpoint: UART/TX/S1/internal_reg[0]
            (rising edge-triggered flip-flop clocked by TX_CLK)
  Path Group: TX_CLK
  Path Type: max

  Point                                                   Incr       Path
  --------------------------------------------------------------------------
  clock TX_CLK (rise edge)                                0.00       0.00
  clock network delay (ideal)                             0.00       0.00
  UART/TX/F1/current_state_reg[0]/CK (SDFFRQX2M)          0.00       0.00 r
  UART/TX/F1/current_state_reg[0]/Q (SDFFRQX2M)           0.42       0.42 r
  UART/TX/F1/U13/Y (INVX2M)                               0.09       0.51 f
  UART/TX/F1/U9/Y (NOR3X2M)                               0.41       0.92 r
  UART/TX/F1/U10/Y (OAI21BX1M)                            0.24       1.16 r
  UART/TX/F1/Ser_en (FSM_test_1)                          0.00       1.16 r
  UART/TX/S1/Ser_en (Serializer_test_1)                   0.00       1.16 r
  UART/TX/S1/U21/Y (INVX2M)                               0.10       1.26 f
  UART/TX/S1/U20/Y (NOR2X2M)                              0.32       1.58 r
  UART/TX/S1/U17/Y (NOR2X2M)                              0.15       1.73 f
  UART/TX/S1/U33/Y (AO22X1M)                              0.33       2.06 f
  UART/TX/S1/internal_reg[0]/D (SDFFRQX2M)                0.00       2.06 f
  data arrival time                                                  2.06

  clock TX_CLK (rise edge)                             8680.56    8680.56
  clock network delay (ideal)                             0.00    8680.56
  clock uncertainty                                      -0.20    8680.36
  UART/TX/S1/internal_reg[0]/CK (SDFFRQX2M)               0.00    8680.36 r
  library setup time                                     -0.40    8679.96
  data required time                                              8679.96
  --------------------------------------------------------------------------
  data required time                                              8679.96
  data arrival time                                                 -2.06
  --------------------------------------------------------------------------
  slack (MET)                                                     8677.90


  Startpoint: FIFO/Read_Empty/internal_reg[0]
              (rising edge-triggered flip-flop clocked by TX_CLK)
  Endpoint: UART/TX/S1/Ser_data_reg
            (rising edge-triggered flip-flop clocked by TX_CLK)
  Path Group: TX_CLK
  Path Type: max

  Point                                                   Incr       Path
  --------------------------------------------------------------------------
  clock TX_CLK (rise edge)                                0.00       0.00
  clock network delay (ideal)                             0.00       0.00
  FIFO/Read_Empty/internal_reg[0]/CK (SDFFRX1M)           0.00       0.00 r
  FIFO/Read_Empty/internal_reg[0]/Q (SDFFRX1M)            0.43       0.43 r
  FIFO/Read_Empty/r_address[0] (fifo_rptr_empty_test_1)
                                                          0.00       0.43 r
  FIFO/Memory/r_address[0] (fifo_memory_data_width8_test_1)
                                                          0.00       0.43 r
  FIFO/Memory/U161/Y (BUFX4M)                             0.54       0.97 r
  FIFO/Memory/U173/Y (MX4X1M)                             0.45       1.42 f
  FIFO/Memory/U171/Y (MX2X2M)                             0.25       1.68 f
  FIFO/Memory/r_data[0] (fifo_memory_data_width8_test_1)
                                                          0.00       1.68 f
  FIFO/RD_DATA[0] (fifo_top_width8_test_1)                0.00       1.68 f
  UART/TX_IN_P[0] (UART_TOP_test_1)                       0.00       1.68 f
  UART/TX/Data[0] (UART_TX_test_1)                        0.00       1.68 f
  UART/TX/S1/Data[0] (Serializer_test_1)                  0.00       1.68 f
  UART/TX/S1/U30/Y (AOI32X1M)                             0.23       1.91 r
  UART/TX/S1/U29/Y (INVX2M)                               0.06       1.96 f
  UART/TX/S1/Ser_data_reg/D (SEDFFX1M)                    0.00       1.96 f
  data arrival time                                                  1.96

  clock TX_CLK (rise edge)                             8680.56    8680.56
  clock network delay (ideal)                             0.00    8680.56
  clock uncertainty                                      -0.20    8680.36
  UART/TX/S1/Ser_data_reg/CK (SEDFFX1M)                   0.00    8680.36 r
  library setup time                                     -0.45    8679.91
  data required time                                              8679.91
  --------------------------------------------------------------------------
  data required time                                              8679.91
  data arrival time                                                 -1.96
  --------------------------------------------------------------------------
  slack (MET)                                                     8677.94


  Startpoint: RX_CLK_DIV/count_reg[2]
              (rising edge-triggered flip-flop clocked by UART_DOMAIN)
  Endpoint: RX_CLK_DIV/count_reg[6]
            (rising edge-triggered flip-flop clocked by UART_DOMAIN)
  Path Group: UART_DOMAIN
  Path Type: max

  Point                                                   Incr       Path
  --------------------------------------------------------------------------
  clock UART_DOMAIN (rise edge)                           0.00       0.00
  clock network delay (ideal)                             0.00       0.00
  RX_CLK_DIV/count_reg[2]/CK (SDFFRQX2M)                  0.00       0.00 r
  RX_CLK_DIV/count_reg[2]/Q (SDFFRQX2M)                   0.42       0.42 r
  RX_CLK_DIV/U45/Y (CLKXOR2X2M)                           0.31       0.73 f
  RX_CLK_DIV/U44/Y (NOR4X1M)                              0.26       0.99 r
  RX_CLK_DIV/U43/Y (NAND4X1M)                             0.20       1.19 f
  RX_CLK_DIV/U42/Y (MXI2X1M)                              0.18       1.37 r
  RX_CLK_DIV/U41/Y (CLKNAND2X2M)                          0.13       1.50 f
  RX_CLK_DIV/U35/Y (AND3X1M)                              0.30       1.80 f
  RX_CLK_DIV/U34/Y (AO22X1M)                              0.41       2.21 f
  RX_CLK_DIV/count_reg[6]/D (SDFFRQX2M)                   0.00       2.21 f
  data arrival time                                                  2.21

  clock UART_DOMAIN (rise edge)                         271.27     271.27
  clock network delay (ideal)                             0.00     271.27
  clock uncertainty                                      -0.20     271.07
  RX_CLK_DIV/count_reg[6]/CK (SDFFRQX2M)                  0.00     271.07 r
  library setup time                                     -0.40     270.67
  data required time                                               270.67
  --------------------------------------------------------------------------
  data required time                                               270.67
  data arrival time                                                 -2.21
  --------------------------------------------------------------------------
  slack (MET)                                                      268.46


  Startpoint: RX_CLK_DIV/count_reg[2]
              (rising edge-triggered flip-flop clocked by UART_DOMAIN)
  Endpoint: RX_CLK_DIV/count_reg[0]
            (rising edge-triggered flip-flop clocked by UART_DOMAIN)
  Path Group: UART_DOMAIN
  Path Type: max

  Point                                                   Incr       Path
  --------------------------------------------------------------------------
  clock UART_DOMAIN (rise edge)                           0.00       0.00
  clock network delay (ideal)                             0.00       0.00
  RX_CLK_DIV/count_reg[2]/CK (SDFFRQX2M)                  0.00       0.00 r
  RX_CLK_DIV/count_reg[2]/Q (SDFFRQX2M)                   0.42       0.42 r
  RX_CLK_DIV/U45/Y (CLKXOR2X2M)                           0.31       0.73 f
  RX_CLK_DIV/U44/Y (NOR4X1M)                              0.26       0.99 r
  RX_CLK_DIV/U43/Y (NAND4X1M)                             0.20       1.19 f
  RX_CLK_DIV/U42/Y (MXI2X1M)                              0.18       1.37 r
  RX_CLK_DIV/U41/Y (CLKNAND2X2M)                          0.13       1.50 f
  RX_CLK_DIV/U35/Y (AND3X1M)                              0.30       1.80 f
  RX_CLK_DIV/U28/Y (AO22X1M)                              0.41       2.21 f
  RX_CLK_DIV/count_reg[0]/D (SDFFRQX2M)                   0.00       2.21 f
  data arrival time                                                  2.21

  clock UART_DOMAIN (rise edge)                         271.27     271.27
  clock network delay (ideal)                             0.00     271.27
  clock uncertainty                                      -0.20     271.07
  RX_CLK_DIV/count_reg[0]/CK (SDFFRQX2M)                  0.00     271.07 r
  library setup time                                     -0.40     270.67
  data required time                                               270.67
  --------------------------------------------------------------------------
  data required time                                               270.67
  data arrival time                                                 -2.21
  --------------------------------------------------------------------------
  slack (MET)                                                      268.46


  Startpoint: RX_CLK_DIV/count_reg[2]
              (rising edge-triggered flip-flop clocked by UART_DOMAIN)
  Endpoint: RX_CLK_DIV/count_reg[5]
            (rising edge-triggered flip-flop clocked by UART_DOMAIN)
  Path Group: UART_DOMAIN
  Path Type: max

  Point                                                   Incr       Path
  --------------------------------------------------------------------------
  clock UART_DOMAIN (rise edge)                           0.00       0.00
  clock network delay (ideal)                             0.00       0.00
  RX_CLK_DIV/count_reg[2]/CK (SDFFRQX2M)                  0.00       0.00 r
  RX_CLK_DIV/count_reg[2]/Q (SDFFRQX2M)                   0.42       0.42 r
  RX_CLK_DIV/U45/Y (CLKXOR2X2M)                           0.31       0.73 f
  RX_CLK_DIV/U44/Y (NOR4X1M)                              0.26       0.99 r
  RX_CLK_DIV/U43/Y (NAND4X1M)                             0.20       1.19 f
  RX_CLK_DIV/U42/Y (MXI2X1M)                              0.18       1.37 r
  RX_CLK_DIV/U41/Y (CLKNAND2X2M)                          0.13       1.50 f
  RX_CLK_DIV/U35/Y (AND3X1M)                              0.30       1.80 f
  RX_CLK_DIV/U33/Y (AO22X1M)                              0.41       2.21 f
  RX_CLK_DIV/count_reg[5]/D (SDFFRQX2M)                   0.00       2.21 f
  data arrival time                                                  2.21

  clock UART_DOMAIN (rise edge)                         271.27     271.27
  clock network delay (ideal)                             0.00     271.27
  clock uncertainty                                      -0.20     271.07
  RX_CLK_DIV/count_reg[5]/CK (SDFFRQX2M)                  0.00     271.07 r
  library setup time                                     -0.40     270.67
  data required time                                               270.67
  --------------------------------------------------------------------------
  data required time                                               270.67
  data arrival time                                                 -2.21
  --------------------------------------------------------------------------
  slack (MET)                                                      268.46


  Startpoint: RX_CLK_DIV/count_reg[2]
              (rising edge-triggered flip-flop clocked by UART_DOMAIN)
  Endpoint: RX_CLK_DIV/count_reg[4]
            (rising edge-triggered flip-flop clocked by UART_DOMAIN)
  Path Group: UART_DOMAIN
  Path Type: max

  Point                                                   Incr       Path
  --------------------------------------------------------------------------
  clock UART_DOMAIN (rise edge)                           0.00       0.00
  clock network delay (ideal)                             0.00       0.00
  RX_CLK_DIV/count_reg[2]/CK (SDFFRQX2M)                  0.00       0.00 r
  RX_CLK_DIV/count_reg[2]/Q (SDFFRQX2M)                   0.42       0.42 r
  RX_CLK_DIV/U45/Y (CLKXOR2X2M)                           0.31       0.73 f
  RX_CLK_DIV/U44/Y (NOR4X1M)                              0.26       0.99 r
  RX_CLK_DIV/U43/Y (NAND4X1M)                             0.20       1.19 f
  RX_CLK_DIV/U42/Y (MXI2X1M)                              0.18       1.37 r
  RX_CLK_DIV/U41/Y (CLKNAND2X2M)                          0.13       1.50 f
  RX_CLK_DIV/U35/Y (AND3X1M)                              0.30       1.80 f
  RX_CLK_DIV/U32/Y (AO22X1M)                              0.41       2.21 f
  RX_CLK_DIV/count_reg[4]/D (SDFFRQX2M)                   0.00       2.21 f
  data arrival time                                                  2.21

  clock UART_DOMAIN (rise edge)                         271.27     271.27
  clock network delay (ideal)                             0.00     271.27
  clock uncertainty                                      -0.20     271.07
  RX_CLK_DIV/count_reg[4]/CK (SDFFRQX2M)                  0.00     271.07 r
  library setup time                                     -0.40     270.67
  data required time                                               270.67
  --------------------------------------------------------------------------
  data required time                                               270.67
  data arrival time                                                 -2.21
  --------------------------------------------------------------------------
  slack (MET)                                                      268.46


  Startpoint: RX_CLK_DIV/count_reg[2]
              (rising edge-triggered flip-flop clocked by UART_DOMAIN)
  Endpoint: RX_CLK_DIV/count_reg[3]
            (rising edge-triggered flip-flop clocked by UART_DOMAIN)
  Path Group: UART_DOMAIN
  Path Type: max

  Point                                                   Incr       Path
  --------------------------------------------------------------------------
  clock UART_DOMAIN (rise edge)                           0.00       0.00
  clock network delay (ideal)                             0.00       0.00
  RX_CLK_DIV/count_reg[2]/CK (SDFFRQX2M)                  0.00       0.00 r
  RX_CLK_DIV/count_reg[2]/Q (SDFFRQX2M)                   0.42       0.42 r
  RX_CLK_DIV/U45/Y (CLKXOR2X2M)                           0.31       0.73 f
  RX_CLK_DIV/U44/Y (NOR4X1M)                              0.26       0.99 r
  RX_CLK_DIV/U43/Y (NAND4X1M)                             0.20       1.19 f
  RX_CLK_DIV/U42/Y (MXI2X1M)                              0.18       1.37 r
  RX_CLK_DIV/U41/Y (CLKNAND2X2M)                          0.13       1.50 f
  RX_CLK_DIV/U35/Y (AND3X1M)                              0.30       1.80 f
  RX_CLK_DIV/U31/Y (AO22X1M)                              0.41       2.21 f
  RX_CLK_DIV/count_reg[3]/D (SDFFRQX2M)                   0.00       2.21 f
  data arrival time                                                  2.21

  clock UART_DOMAIN (rise edge)                         271.27     271.27
  clock network delay (ideal)                             0.00     271.27
  clock uncertainty                                      -0.20     271.07
  RX_CLK_DIV/count_reg[3]/CK (SDFFRQX2M)                  0.00     271.07 r
  library setup time                                     -0.40     270.67
  data required time                                               270.67
  --------------------------------------------------------------------------
  data required time                                               270.67
  data arrival time                                                 -2.21
  --------------------------------------------------------------------------
  slack (MET)                                                      268.46


  Startpoint: RX_CLK_DIV/count_reg[2]
              (rising edge-triggered flip-flop clocked by UART_DOMAIN)
  Endpoint: RX_CLK_DIV/count_reg[2]
            (rising edge-triggered flip-flop clocked by UART_DOMAIN)
  Path Group: UART_DOMAIN
  Path Type: max

  Point                                                   Incr       Path
  --------------------------------------------------------------------------
  clock UART_DOMAIN (rise edge)                           0.00       0.00
  clock network delay (ideal)                             0.00       0.00
  RX_CLK_DIV/count_reg[2]/CK (SDFFRQX2M)                  0.00       0.00 r
  RX_CLK_DIV/count_reg[2]/Q (SDFFRQX2M)                   0.42       0.42 r
  RX_CLK_DIV/U45/Y (CLKXOR2X2M)                           0.31       0.73 f
  RX_CLK_DIV/U44/Y (NOR4X1M)                              0.26       0.99 r
  RX_CLK_DIV/U43/Y (NAND4X1M)                             0.20       1.19 f
  RX_CLK_DIV/U42/Y (MXI2X1M)                              0.18       1.37 r
  RX_CLK_DIV/U41/Y (CLKNAND2X2M)                          0.13       1.50 f
  RX_CLK_DIV/U35/Y (AND3X1M)                              0.30       1.80 f
  RX_CLK_DIV/U30/Y (AO22X1M)                              0.41       2.21 f
  RX_CLK_DIV/count_reg[2]/D (SDFFRQX2M)                   0.00       2.21 f
  data arrival time                                                  2.21

  clock UART_DOMAIN (rise edge)                         271.27     271.27
  clock network delay (ideal)                             0.00     271.27
  clock uncertainty                                      -0.20     271.07
  RX_CLK_DIV/count_reg[2]/CK (SDFFRQX2M)                  0.00     271.07 r
  library setup time                                     -0.40     270.67
  data required time                                               270.67
  --------------------------------------------------------------------------
  data required time                                               270.67
  data arrival time                                                 -2.21
  --------------------------------------------------------------------------
  slack (MET)                                                      268.46


  Startpoint: RX_CLK_DIV/count_reg[2]
              (rising edge-triggered flip-flop clocked by UART_DOMAIN)
  Endpoint: RX_CLK_DIV/count_reg[1]
            (rising edge-triggered flip-flop clocked by UART_DOMAIN)
  Path Group: UART_DOMAIN
  Path Type: max

  Point                                                   Incr       Path
  --------------------------------------------------------------------------
  clock UART_DOMAIN (rise edge)                           0.00       0.00
  clock network delay (ideal)                             0.00       0.00
  RX_CLK_DIV/count_reg[2]/CK (SDFFRQX2M)                  0.00       0.00 r
  RX_CLK_DIV/count_reg[2]/Q (SDFFRQX2M)                   0.42       0.42 r
  RX_CLK_DIV/U45/Y (CLKXOR2X2M)                           0.31       0.73 f
  RX_CLK_DIV/U44/Y (NOR4X1M)                              0.26       0.99 r
  RX_CLK_DIV/U43/Y (NAND4X1M)                             0.20       1.19 f
  RX_CLK_DIV/U42/Y (MXI2X1M)                              0.18       1.37 r
  RX_CLK_DIV/U41/Y (CLKNAND2X2M)                          0.13       1.50 f
  RX_CLK_DIV/U35/Y (AND3X1M)                              0.30       1.80 f
  RX_CLK_DIV/U29/Y (AO22X1M)                              0.41       2.21 f
  RX_CLK_DIV/count_reg[1]/D (SDFFRQX2M)                   0.00       2.21 f
  data arrival time                                                  2.21

  clock UART_DOMAIN (rise edge)                         271.27     271.27
  clock network delay (ideal)                             0.00     271.27
  clock uncertainty                                      -0.20     271.07
  RX_CLK_DIV/count_reg[1]/CK (SDFFRQX2M)                  0.00     271.07 r
  library setup time                                     -0.40     270.67
  data required time                                               270.67
  --------------------------------------------------------------------------
  data required time                                               270.67
  data arrival time                                                 -2.21
  --------------------------------------------------------------------------
  slack (MET)                                                      268.46


  Startpoint: TX_CLK_DIV/count_reg[2]
              (rising edge-triggered flip-flop clocked by UART_DOMAIN)
  Endpoint: TX_CLK_DIV/count_reg[6]
            (rising edge-triggered flip-flop clocked by UART_DOMAIN)
  Path Group: UART_DOMAIN
  Path Type: max

  Point                                                   Incr       Path
  --------------------------------------------------------------------------
  clock UART_DOMAIN (rise edge)                           0.00       0.00
  clock network delay (ideal)                             0.00       0.00
  TX_CLK_DIV/count_reg[2]/CK (SDFFRQX2M)                  0.00       0.00 r
  TX_CLK_DIV/count_reg[2]/Q (SDFFRQX2M)                   0.42       0.42 r
  TX_CLK_DIV/U46/Y (CLKXOR2X2M)                           0.31       0.73 f
  TX_CLK_DIV/U45/Y (NOR4X1M)                              0.26       0.99 r
  TX_CLK_DIV/U44/Y (NAND4X1M)                             0.20       1.19 f
  TX_CLK_DIV/U43/Y (MXI2X1M)                              0.18       1.37 r
  TX_CLK_DIV/U42/Y (CLKNAND2X2M)                          0.13       1.50 f
  TX_CLK_DIV/U36/Y (AND3X1M)                              0.30       1.80 f
  TX_CLK_DIV/U35/Y (AO22X1M)                              0.41       2.21 f
  TX_CLK_DIV/count_reg[6]/D (SDFFRQX2M)                   0.00       2.21 f
  data arrival time                                                  2.21

  clock UART_DOMAIN (rise edge)                         271.27     271.27
  clock network delay (ideal)                             0.00     271.27
  clock uncertainty                                      -0.20     271.07
  TX_CLK_DIV/count_reg[6]/CK (SDFFRQX2M)                  0.00     271.07 r
  library setup time                                     -0.40     270.67
  data required time                                               270.67
  --------------------------------------------------------------------------
  data required time                                               270.67
  data arrival time                                                 -2.21
  --------------------------------------------------------------------------
  slack (MET)                                                      268.46


  Startpoint: TX_CLK_DIV/count_reg[2]
              (rising edge-triggered flip-flop clocked by UART_DOMAIN)
  Endpoint: TX_CLK_DIV/count_reg[0]
            (rising edge-triggered flip-flop clocked by UART_DOMAIN)
  Path Group: UART_DOMAIN
  Path Type: max

  Point                                                   Incr       Path
  --------------------------------------------------------------------------
  clock UART_DOMAIN (rise edge)                           0.00       0.00
  clock network delay (ideal)                             0.00       0.00
  TX_CLK_DIV/count_reg[2]/CK (SDFFRQX2M)                  0.00       0.00 r
  TX_CLK_DIV/count_reg[2]/Q (SDFFRQX2M)                   0.42       0.42 r
  TX_CLK_DIV/U46/Y (CLKXOR2X2M)                           0.31       0.73 f
  TX_CLK_DIV/U45/Y (NOR4X1M)                              0.26       0.99 r
  TX_CLK_DIV/U44/Y (NAND4X1M)                             0.20       1.19 f
  TX_CLK_DIV/U43/Y (MXI2X1M)                              0.18       1.37 r
  TX_CLK_DIV/U42/Y (CLKNAND2X2M)                          0.13       1.50 f
  TX_CLK_DIV/U36/Y (AND3X1M)                              0.30       1.80 f
  TX_CLK_DIV/U29/Y (AO22X1M)                              0.41       2.21 f
  TX_CLK_DIV/count_reg[0]/D (SDFFRQX2M)                   0.00       2.21 f
  data arrival time                                                  2.21

  clock UART_DOMAIN (rise edge)                         271.27     271.27
  clock network delay (ideal)                             0.00     271.27
  clock uncertainty                                      -0.20     271.07
  TX_CLK_DIV/count_reg[0]/CK (SDFFRQX2M)                  0.00     271.07 r
  library setup time                                     -0.40     270.67
  data required time                                               270.67
  --------------------------------------------------------------------------
  data required time                                               270.67
  data arrival time                                                 -2.21
  --------------------------------------------------------------------------
  slack (MET)                                                      268.46


  Startpoint: TX_CLK_DIV/count_reg[2]
              (rising edge-triggered flip-flop clocked by UART_DOMAIN)
  Endpoint: TX_CLK_DIV/count_reg[5]
            (rising edge-triggered flip-flop clocked by UART_DOMAIN)
  Path Group: UART_DOMAIN
  Path Type: max

  Point                                                   Incr       Path
  --------------------------------------------------------------------------
  clock UART_DOMAIN (rise edge)                           0.00       0.00
  clock network delay (ideal)                             0.00       0.00
  TX_CLK_DIV/count_reg[2]/CK (SDFFRQX2M)                  0.00       0.00 r
  TX_CLK_DIV/count_reg[2]/Q (SDFFRQX2M)                   0.42       0.42 r
  TX_CLK_DIV/U46/Y (CLKXOR2X2M)                           0.31       0.73 f
  TX_CLK_DIV/U45/Y (NOR4X1M)                              0.26       0.99 r
  TX_CLK_DIV/U44/Y (NAND4X1M)                             0.20       1.19 f
  TX_CLK_DIV/U43/Y (MXI2X1M)                              0.18       1.37 r
  TX_CLK_DIV/U42/Y (CLKNAND2X2M)                          0.13       1.50 f
  TX_CLK_DIV/U36/Y (AND3X1M)                              0.30       1.80 f
  TX_CLK_DIV/U34/Y (AO22X1M)                              0.41       2.21 f
  TX_CLK_DIV/count_reg[5]/D (SDFFRQX2M)                   0.00       2.21 f
  data arrival time                                                  2.21

  clock UART_DOMAIN (rise edge)                         271.27     271.27
  clock network delay (ideal)                             0.00     271.27
  clock uncertainty                                      -0.20     271.07
  TX_CLK_DIV/count_reg[5]/CK (SDFFRQX2M)                  0.00     271.07 r
  library setup time                                     -0.40     270.67
  data required time                                               270.67
  --------------------------------------------------------------------------
  data required time                                               270.67
  data arrival time                                                 -2.21
  --------------------------------------------------------------------------
  slack (MET)                                                      268.46


  Startpoint: TX_CLK_DIV/count_reg[2]
              (rising edge-triggered flip-flop clocked by UART_DOMAIN)
  Endpoint: TX_CLK_DIV/count_reg[4]
            (rising edge-triggered flip-flop clocked by UART_DOMAIN)
  Path Group: UART_DOMAIN
  Path Type: max

  Point                                                   Incr       Path
  --------------------------------------------------------------------------
  clock UART_DOMAIN (rise edge)                           0.00       0.00
  clock network delay (ideal)                             0.00       0.00
  TX_CLK_DIV/count_reg[2]/CK (SDFFRQX2M)                  0.00       0.00 r
  TX_CLK_DIV/count_reg[2]/Q (SDFFRQX2M)                   0.42       0.42 r
  TX_CLK_DIV/U46/Y (CLKXOR2X2M)                           0.31       0.73 f
  TX_CLK_DIV/U45/Y (NOR4X1M)                              0.26       0.99 r
  TX_CLK_DIV/U44/Y (NAND4X1M)                             0.20       1.19 f
  TX_CLK_DIV/U43/Y (MXI2X1M)                              0.18       1.37 r
  TX_CLK_DIV/U42/Y (CLKNAND2X2M)                          0.13       1.50 f
  TX_CLK_DIV/U36/Y (AND3X1M)                              0.30       1.80 f
  TX_CLK_DIV/U33/Y (AO22X1M)                              0.41       2.21 f
  TX_CLK_DIV/count_reg[4]/D (SDFFRQX2M)                   0.00       2.21 f
  data arrival time                                                  2.21

  clock UART_DOMAIN (rise edge)                         271.27     271.27
  clock network delay (ideal)                             0.00     271.27
  clock uncertainty                                      -0.20     271.07
  TX_CLK_DIV/count_reg[4]/CK (SDFFRQX2M)                  0.00     271.07 r
  library setup time                                     -0.40     270.67
  data required time                                               270.67
  --------------------------------------------------------------------------
  data required time                                               270.67
  data arrival time                                                 -2.21
  --------------------------------------------------------------------------
  slack (MET)                                                      268.46


  Startpoint: TX_CLK_DIV/count_reg[2]
              (rising edge-triggered flip-flop clocked by UART_DOMAIN)
  Endpoint: TX_CLK_DIV/count_reg[3]
            (rising edge-triggered flip-flop clocked by UART_DOMAIN)
  Path Group: UART_DOMAIN
  Path Type: max

  Point                                                   Incr       Path
  --------------------------------------------------------------------------
  clock UART_DOMAIN (rise edge)                           0.00       0.00
  clock network delay (ideal)                             0.00       0.00
  TX_CLK_DIV/count_reg[2]/CK (SDFFRQX2M)                  0.00       0.00 r
  TX_CLK_DIV/count_reg[2]/Q (SDFFRQX2M)                   0.42       0.42 r
  TX_CLK_DIV/U46/Y (CLKXOR2X2M)                           0.31       0.73 f
  TX_CLK_DIV/U45/Y (NOR4X1M)                              0.26       0.99 r
  TX_CLK_DIV/U44/Y (NAND4X1M)                             0.20       1.19 f
  TX_CLK_DIV/U43/Y (MXI2X1M)                              0.18       1.37 r
  TX_CLK_DIV/U42/Y (CLKNAND2X2M)                          0.13       1.50 f
  TX_CLK_DIV/U36/Y (AND3X1M)                              0.30       1.80 f
  TX_CLK_DIV/U32/Y (AO22X1M)                              0.41       2.21 f
  TX_CLK_DIV/count_reg[3]/D (SDFFRQX2M)                   0.00       2.21 f
  data arrival time                                                  2.21

  clock UART_DOMAIN (rise edge)                         271.27     271.27
  clock network delay (ideal)                             0.00     271.27
  clock uncertainty                                      -0.20     271.07
  TX_CLK_DIV/count_reg[3]/CK (SDFFRQX2M)                  0.00     271.07 r
  library setup time                                     -0.40     270.67
  data required time                                               270.67
  --------------------------------------------------------------------------
  data required time                                               270.67
  data arrival time                                                 -2.21
  --------------------------------------------------------------------------
  slack (MET)                                                      268.46


  Startpoint: TX_CLK_DIV/count_reg[2]
              (rising edge-triggered flip-flop clocked by UART_DOMAIN)
  Endpoint: TX_CLK_DIV/count_reg[2]
            (rising edge-triggered flip-flop clocked by UART_DOMAIN)
  Path Group: UART_DOMAIN
  Path Type: max

  Point                                                   Incr       Path
  --------------------------------------------------------------------------
  clock UART_DOMAIN (rise edge)                           0.00       0.00
  clock network delay (ideal)                             0.00       0.00
  TX_CLK_DIV/count_reg[2]/CK (SDFFRQX2M)                  0.00       0.00 r
  TX_CLK_DIV/count_reg[2]/Q (SDFFRQX2M)                   0.42       0.42 r
  TX_CLK_DIV/U46/Y (CLKXOR2X2M)                           0.31       0.73 f
  TX_CLK_DIV/U45/Y (NOR4X1M)                              0.26       0.99 r
  TX_CLK_DIV/U44/Y (NAND4X1M)                             0.20       1.19 f
  TX_CLK_DIV/U43/Y (MXI2X1M)                              0.18       1.37 r
  TX_CLK_DIV/U42/Y (CLKNAND2X2M)                          0.13       1.50 f
  TX_CLK_DIV/U36/Y (AND3X1M)                              0.30       1.80 f
  TX_CLK_DIV/U31/Y (AO22X1M)                              0.41       2.21 f
  TX_CLK_DIV/count_reg[2]/D (SDFFRQX2M)                   0.00       2.21 f
  data arrival time                                                  2.21

  clock UART_DOMAIN (rise edge)                         271.27     271.27
  clock network delay (ideal)                             0.00     271.27
  clock uncertainty                                      -0.20     271.07
  TX_CLK_DIV/count_reg[2]/CK (SDFFRQX2M)                  0.00     271.07 r
  library setup time                                     -0.40     270.67
  data required time                                               270.67
  --------------------------------------------------------------------------
  data required time                                               270.67
  data arrival time                                                 -2.21
  --------------------------------------------------------------------------
  slack (MET)                                                      268.46


  Startpoint: TX_CLK_DIV/count_reg[2]
              (rising edge-triggered flip-flop clocked by UART_DOMAIN)
  Endpoint: TX_CLK_DIV/count_reg[1]
            (rising edge-triggered flip-flop clocked by UART_DOMAIN)
  Path Group: UART_DOMAIN
  Path Type: max

  Point                                                   Incr       Path
  --------------------------------------------------------------------------
  clock UART_DOMAIN (rise edge)                           0.00       0.00
  clock network delay (ideal)                             0.00       0.00
  TX_CLK_DIV/count_reg[2]/CK (SDFFRQX2M)                  0.00       0.00 r
  TX_CLK_DIV/count_reg[2]/Q (SDFFRQX2M)                   0.42       0.42 r
  TX_CLK_DIV/U46/Y (CLKXOR2X2M)                           0.31       0.73 f
  TX_CLK_DIV/U45/Y (NOR4X1M)                              0.26       0.99 r
  TX_CLK_DIV/U44/Y (NAND4X1M)                             0.20       1.19 f
  TX_CLK_DIV/U43/Y (MXI2X1M)                              0.18       1.37 r
  TX_CLK_DIV/U42/Y (CLKNAND2X2M)                          0.13       1.50 f
  TX_CLK_DIV/U36/Y (AND3X1M)                              0.30       1.80 f
  TX_CLK_DIV/U30/Y (AO22X1M)                              0.41       2.21 f
  TX_CLK_DIV/count_reg[1]/D (SDFFRQX2M)                   0.00       2.21 f
  data arrival time                                                  2.21

  clock UART_DOMAIN (rise edge)                         271.27     271.27
  clock network delay (ideal)                             0.00     271.27
  clock uncertainty                                      -0.20     271.07
  TX_CLK_DIV/count_reg[1]/CK (SDFFRQX2M)                  0.00     271.07 r
  library setup time                                     -0.40     270.67
  data required time                                               270.67
  --------------------------------------------------------------------------
  data required time                                               270.67
  data arrival time                                                 -2.21
  --------------------------------------------------------------------------
  slack (MET)                                                      268.46


  Startpoint: RX_CLK_DIV/count_reg[2]
              (rising edge-triggered flip-flop clocked by UART_DOMAIN)
  Endpoint: RX_CLK_DIV/div_clk_reg
            (rising edge-triggered flip-flop clocked by UART_DOMAIN)
  Path Group: UART_DOMAIN
  Path Type: max

  Point                                                   Incr       Path
  --------------------------------------------------------------------------
  clock UART_DOMAIN (rise edge)                           0.00       0.00
  clock network delay (ideal)                             0.00       0.00
  RX_CLK_DIV/count_reg[2]/CK (SDFFRQX2M)                  0.00       0.00 r
  RX_CLK_DIV/count_reg[2]/Q (SDFFRQX2M)                   0.42       0.42 r
  RX_CLK_DIV/U45/Y (CLKXOR2X2M)                           0.31       0.73 f
  RX_CLK_DIV/U44/Y (NOR4X1M)                              0.26       0.99 r
  RX_CLK_DIV/U43/Y (NAND4X1M)                             0.20       1.19 f
  RX_CLK_DIV/U42/Y (MXI2X1M)                              0.18       1.37 r
  RX_CLK_DIV/U41/Y (CLKNAND2X2M)                          0.13       1.50 f
  RX_CLK_DIV/U37/Y (AOI21X1M)                             0.15       1.65 r
  RX_CLK_DIV/U36/Y (CLKXOR2X2M)                           0.30       1.95 f
  RX_CLK_DIV/div_clk_reg/D (SDFFRQX2M)                    0.00       1.95 f
  data arrival time                                                  1.95

  clock UART_DOMAIN (rise edge)                         271.27     271.27
  clock network delay (ideal)                             0.00     271.27
  clock uncertainty                                      -0.20     271.07
  RX_CLK_DIV/div_clk_reg/CK (SDFFRQX2M)                   0.00     271.07 r
  library setup time                                     -0.39     270.68
  data required time                                               270.68
  --------------------------------------------------------------------------
  data required time                                               270.68
  data arrival time                                                 -1.95
  --------------------------------------------------------------------------
  slack (MET)                                                      268.72


  Startpoint: TX_CLK_DIV/count_reg[2]
              (rising edge-triggered flip-flop clocked by UART_DOMAIN)
  Endpoint: TX_CLK_DIV/div_clk_reg
            (rising edge-triggered flip-flop clocked by UART_DOMAIN)
  Path Group: UART_DOMAIN
  Path Type: max

  Point                                                   Incr       Path
  --------------------------------------------------------------------------
  clock UART_DOMAIN (rise edge)                           0.00       0.00
  clock network delay (ideal)                             0.00       0.00
  TX_CLK_DIV/count_reg[2]/CK (SDFFRQX2M)                  0.00       0.00 r
  TX_CLK_DIV/count_reg[2]/Q (SDFFRQX2M)                   0.42       0.42 r
  TX_CLK_DIV/U46/Y (CLKXOR2X2M)                           0.31       0.73 f
  TX_CLK_DIV/U45/Y (NOR4X1M)                              0.26       0.99 r
  TX_CLK_DIV/U44/Y (NAND4X1M)                             0.20       1.19 f
  TX_CLK_DIV/U43/Y (MXI2X1M)                              0.18       1.37 r
  TX_CLK_DIV/U42/Y (CLKNAND2X2M)                          0.13       1.50 f
  TX_CLK_DIV/U38/Y (AOI21X1M)                             0.15       1.65 r
  TX_CLK_DIV/U37/Y (CLKXOR2X2M)                           0.30       1.95 f
  TX_CLK_DIV/div_clk_reg/D (SDFFRQX1M)                    0.00       1.95 f
  data arrival time                                                  1.95

  clock UART_DOMAIN (rise edge)                         271.27     271.27
  clock network delay (ideal)                             0.00     271.27
  clock uncertainty                                      -0.20     271.07
  TX_CLK_DIV/div_clk_reg/CK (SDFFRQX1M)                   0.00     271.07 r
  library setup time                                     -0.39     270.68
  data required time                                               270.68
  --------------------------------------------------------------------------
  data required time                                               270.68
  data arrival time                                                 -1.95
  --------------------------------------------------------------------------
  slack (MET)                                                      268.73


  Startpoint: RX_CLK_DIV/count_reg[2]
              (rising edge-triggered flip-flop clocked by UART_DOMAIN)
  Endpoint: RX_CLK_DIV/odd_edge_tog_reg
            (rising edge-triggered flip-flop clocked by UART_DOMAIN)
  Path Group: UART_DOMAIN
  Path Type: max

  Point                                                   Incr       Path
  --------------------------------------------------------------------------
  clock UART_DOMAIN (rise edge)                           0.00       0.00
  clock network delay (ideal)                             0.00       0.00
  RX_CLK_DIV/count_reg[2]/CK (SDFFRQX2M)                  0.00       0.00 r
  RX_CLK_DIV/count_reg[2]/Q (SDFFRQX2M)                   0.42       0.42 r
  RX_CLK_DIV/U45/Y (CLKXOR2X2M)                           0.31       0.73 f
  RX_CLK_DIV/U44/Y (NOR4X1M)                              0.26       0.99 r
  RX_CLK_DIV/U43/Y (NAND4X1M)                             0.20       1.19 f
  RX_CLK_DIV/U42/Y (MXI2X1M)                              0.18       1.37 r
  RX_CLK_DIV/U41/Y (CLKNAND2X2M)                          0.13       1.50 f
  RX_CLK_DIV/U40/Y (OR2X1M)                               0.23       1.74 f
  RX_CLK_DIV/U39/Y (XNOR2X1M)                             0.18       1.91 f
  RX_CLK_DIV/odd_edge_tog_reg/D (SDFFSQX1M)               0.00       1.91 f
  data arrival time                                                  1.91

  clock UART_DOMAIN (rise edge)                         271.27     271.27
  clock network delay (ideal)                             0.00     271.27
  clock uncertainty                                      -0.20     271.07
  RX_CLK_DIV/odd_edge_tog_reg/CK (SDFFSQX1M)              0.00     271.07 r
  library setup time                                     -0.42     270.65
  data required time                                               270.65
  --------------------------------------------------------------------------
  data required time                                               270.65
  data arrival time                                                 -1.91
  --------------------------------------------------------------------------
  slack (MET)                                                      268.73


  Startpoint: TX_CLK_DIV/count_reg[2]
              (rising edge-triggered flip-flop clocked by UART_DOMAIN)
  Endpoint: TX_CLK_DIV/odd_edge_tog_reg
            (rising edge-triggered flip-flop clocked by UART_DOMAIN)
  Path Group: UART_DOMAIN
  Path Type: max

  Point                                                   Incr       Path
  --------------------------------------------------------------------------
  clock UART_DOMAIN (rise edge)                           0.00       0.00
  clock network delay (ideal)                             0.00       0.00
  TX_CLK_DIV/count_reg[2]/CK (SDFFRQX2M)                  0.00       0.00 r
  TX_CLK_DIV/count_reg[2]/Q (SDFFRQX2M)                   0.42       0.42 r
  TX_CLK_DIV/U46/Y (CLKXOR2X2M)                           0.31       0.73 f
  TX_CLK_DIV/U45/Y (NOR4X1M)                              0.26       0.99 r
  TX_CLK_DIV/U44/Y (NAND4X1M)                             0.20       1.19 f
  TX_CLK_DIV/U43/Y (MXI2X1M)                              0.18       1.37 r
  TX_CLK_DIV/U42/Y (CLKNAND2X2M)                          0.13       1.50 f
  TX_CLK_DIV/U41/Y (OR2X1M)                               0.23       1.74 f
  TX_CLK_DIV/U40/Y (XNOR2X1M)                             0.18       1.91 f
  TX_CLK_DIV/odd_edge_tog_reg/D (SDFFSQX1M)               0.00       1.91 f
  data arrival time                                                  1.91

  clock UART_DOMAIN (rise edge)                         271.27     271.27
  clock network delay (ideal)                             0.00     271.27
  clock uncertainty                                      -0.20     271.07
  TX_CLK_DIV/odd_edge_tog_reg/CK (SDFFSQX1M)              0.00     271.07 r
  library setup time                                     -0.42     270.65
  data required time                                               270.65
  --------------------------------------------------------------------------
  data required time                                               270.65
  data arrival time                                                 -1.91
  --------------------------------------------------------------------------
  slack (MET)                                                      268.73


  Startpoint: TX_CLK_DIV/div_clk_reg
              (rising edge-triggered flip-flop clocked by UART_DOMAIN)
  Endpoint: TX_CLK_DIV/odd_edge_tog_reg
            (rising edge-triggered flip-flop clocked by UART_DOMAIN)
  Path Group: UART_DOMAIN
  Path Type: max

  Point                                                   Incr       Path
  --------------------------------------------------------------------------
  clock UART_DOMAIN (rise edge)                           0.00       0.00
  clock network delay (ideal)                             0.00       0.00
  TX_CLK_DIV/div_clk_reg/CK (SDFFRQX1M)                   0.00       0.00 r
  TX_CLK_DIV/div_clk_reg/Q (SDFFRQX1M)                    0.48       0.48 f
  TX_CLK_DIV/odd_edge_tog_reg/SI (SDFFSQX1M)              0.00       0.48 f
  data arrival time                                                  0.48

  clock UART_DOMAIN (rise edge)                         271.27     271.27
  clock network delay (ideal)                             0.00     271.27
  clock uncertainty                                      -0.20     271.07
  TX_CLK_DIV/odd_edge_tog_reg/CK (SDFFSQX1M)              0.00     271.07 r
  library setup time                                     -0.53     270.54
  data required time                                               270.54
  --------------------------------------------------------------------------
  data required time                                               270.54
  data arrival time                                                 -0.48
  --------------------------------------------------------------------------
  slack (MET)                                                      270.06


  Startpoint: RX_CLK_DIV/odd_edge_tog_reg
              (rising edge-triggered flip-flop clocked by UART_DOMAIN)
  Endpoint: TX_CLK_DIV/count_reg[0]
            (rising edge-triggered flip-flop clocked by UART_DOMAIN)
  Path Group: UART_DOMAIN
  Path Type: max

  Point                                                   Incr       Path
  --------------------------------------------------------------------------
  clock UART_DOMAIN (rise edge)                           0.00       0.00
  clock network delay (ideal)                             0.00       0.00
  RX_CLK_DIV/odd_edge_tog_reg/CK (SDFFSQX1M)              0.00       0.00 r
  RX_CLK_DIV/odd_edge_tog_reg/Q (SDFFSQX1M)               0.50       0.50 f
  RX_CLK_DIV/test_so (ClkDiv_test_0)                      0.00       0.50 f
  TX_CLK_DIV/test_si (ClkDiv_test_1)                      0.00       0.50 f
  TX_CLK_DIV/count_reg[0]/SI (SDFFRQX2M)                  0.00       0.50 f
  data arrival time                                                  0.50

  clock UART_DOMAIN (rise edge)                         271.27     271.27
  clock network delay (ideal)                             0.00     271.27
  clock uncertainty                                      -0.20     271.07
  TX_CLK_DIV/count_reg[0]/CK (SDFFRQX2M)                  0.00     271.07 r
  library setup time                                     -0.51     270.56
  data required time                                               270.56
  --------------------------------------------------------------------------
  data required time                                               270.56
  data arrival time                                                 -0.50
  --------------------------------------------------------------------------
  slack (MET)                                                      270.06


  Startpoint: test_mode (input port clocked by scan_clock)
  Endpoint: UART/RX/P/par_error_reg
            (rising edge-triggered flip-flop clocked by scan_clock)
  Path Group: scan_clock
  Path Type: max

  Point                                                   Incr       Path
  --------------------------------------------------------------------------
  clock scan_clock (rise edge)                            0.00       0.00
  clock network delay (ideal)                             0.00       0.00
  input external delay                                    4.00       4.00 f
  test_mode (in)                                          0.00       4.00 f
  UART_RST_MUX/SEL (mux2X1_0)                             0.00       4.00 f
  UART_RST_MUX/U1/Y (AO2B2X2M)                            0.24       4.24 r
  UART_RST_MUX/OUT (mux2X1_0)                             0.00       4.24 r
  U6/Y (INVX2M)                                           0.04       4.28 f
  U2/Y (INVX2M)                                           0.54       4.82 r
  UART/RST (UART_TOP_test_1)                              0.00       4.82 r
  UART/U2/Y (INVX2M)                                      0.10       4.92 f
  UART/U1/Y (INVX2M)                                      0.22       5.14 r
  UART/RX/RST (UART_RX_test_1)                            0.00       5.14 r
  UART/RX/U2/Y (INVX2M)                                   0.07       5.21 f
  UART/RX/U1/Y (INVX2M)                                   0.77       5.98 r
  UART/RX/DS/RST (data_sampling_test_1)                   0.00       5.98 r
  UART/RX/DS/U5/Y (INVX2M)                                0.11       6.09 f
  UART/RX/DS/U12/Y (AOI211X2M)                            0.38       6.47 r
  UART/RX/DS/sampled_bit (data_sampling_test_1)           0.00       6.47 r
  UART/RX/P/sampled (parity_check_test_1)                 0.00       6.47 r
  UART/RX/P/U5/Y (XNOR2X2M)                               0.19       6.66 r
  UART/RX/P/U9/Y (XOR3XLM)                                0.24       6.90 f
  UART/RX/P/U6/Y (XOR3XLM)                                0.51       7.41 f
  UART/RX/P/U11/Y (AOI22X1M)                              0.18       7.59 r
  UART/RX/P/U10/Y (NOR2BX2M)                              0.07       7.66 f
  UART/RX/P/par_error_reg/D (SDFFRHQX8M)                  0.00       7.66 f
  data arrival time                                                  7.66

  clock scan_clock (rise edge)                           20.00      20.00
  clock network delay (ideal)                             0.00      20.00
  clock uncertainty                                      -0.20      19.80
  UART/RX/P/par_error_reg/CK (SDFFRHQX8M)                 0.00      19.80 r
  library setup time                                     -0.23      19.57
  data required time                                                19.57
  --------------------------------------------------------------------------
  data required time                                                19.57
  data arrival time                                                 -7.66
  --------------------------------------------------------------------------
  slack (MET)                                                       11.91


  Startpoint: test_mode (input port clocked by scan_clock)
  Endpoint: FIFO/Memory/Memory_reg[0][7]
            (rising edge-triggered flip-flop clocked by scan_clock)
  Path Group: scan_clock
  Path Type: max

  Point                                                   Incr       Path
  --------------------------------------------------------------------------
  clock scan_clock (rise edge)                            0.00       0.00
  clock network delay (ideal)                             0.00       0.00
  input external delay                                    4.00       4.00 r
  test_mode (in)                                          0.00       4.00 r
  REF_RST_MUX/SEL (mux2X1_6)                              0.00       4.00 r
  REF_RST_MUX/U1/Y (AO2B2X2M)                             0.32       4.32 f
  REF_RST_MUX/OUT (mux2X1_6)                              0.00       4.32 f
  U5/Y (INVX2M)                                           0.08       4.40 r
  U4/Y (INVX4M)                                           0.29       4.68 f
  FIFO/W_RST (fifo_top_width8_test_1)                     0.00       4.68 f
  FIFO/U2/Y (INVX2M)                                      0.13       4.81 r
  FIFO/U1/Y (INVX2M)                                      0.22       5.03 f
  FIFO/Write_Full/RST (fifo_wptr_full_test_1)             0.00       5.03 f
  FIFO/Write_Full/U16/Y (AND2X2M)                         0.21       5.24 f
  FIFO/Write_Full/U12/Y (AND4X2M)                         0.26       5.50 f
  FIFO/Write_Full/w_full (fifo_wptr_full_test_1)          0.00       5.50 f
  FIFO/FULL (fifo_top_width8_test_1)                      0.00       5.50 f
  CTRL_UNIT/FIFO_FULL (SYS_CTRL_test_1)                   0.00       5.50 f
  CTRL_UNIT/U22/Y (INVX2M)                                0.10       5.60 r
  CTRL_UNIT/U57/Y (NAND2X2M)                              0.12       5.71 f
  CTRL_UNIT/U21/Y (NOR2BX2M)                              0.31       6.03 r
  CTRL_UNIT/U17/Y (OR3X2M)                                0.22       6.25 r
  CTRL_UNIT/FIFO_WRITE_INC (SYS_CTRL_test_1)              0.00       6.25 r
  FIFO/W_INC (fifo_top_width8_test_1)                     0.00       6.25 r
  FIFO/Memory/w_inc (fifo_memory_data_width8_test_1)      0.00       6.25 r
  FIFO/Memory/U79/Y (NOR2BX2M)                            0.15       6.40 r
  FIFO/Memory/U83/Y (NOR2BX2M)                            0.27       6.67 r
  FIFO/Memory/U78/Y (NAND3X2M)                            0.31       6.99 f
  FIFO/Memory/U91/Y (OAI2BB2X1M)                          0.31       7.30 f
  FIFO/Memory/Memory_reg[0][7]/D (SDFFRQX2M)              0.00       7.30 f
  data arrival time                                                  7.30

  clock scan_clock (rise edge)                           20.00      20.00
  clock network delay (ideal)                             0.00      20.00
  clock uncertainty                                      -0.20      19.80
  FIFO/Memory/Memory_reg[0][7]/CK (SDFFRQX2M)             0.00      19.80 r
  library setup time                                     -0.40      19.40
  data required time                                                19.40
  --------------------------------------------------------------------------
  data required time                                                19.40
  data arrival time                                                 -7.30
  --------------------------------------------------------------------------
  slack (MET)                                                       12.11


  Startpoint: test_mode (input port clocked by scan_clock)
  Endpoint: FIFO/Memory/Memory_reg[0][6]
            (rising edge-triggered flip-flop clocked by scan_clock)
  Path Group: scan_clock
  Path Type: max

  Point                                                   Incr       Path
  --------------------------------------------------------------------------
  clock scan_clock (rise edge)                            0.00       0.00
  clock network delay (ideal)                             0.00       0.00
  input external delay                                    4.00       4.00 r
  test_mode (in)                                          0.00       4.00 r
  REF_RST_MUX/SEL (mux2X1_6)                              0.00       4.00 r
  REF_RST_MUX/U1/Y (AO2B2X2M)                             0.32       4.32 f
  REF_RST_MUX/OUT (mux2X1_6)                              0.00       4.32 f
  U5/Y (INVX2M)                                           0.08       4.40 r
  U4/Y (INVX4M)                                           0.29       4.68 f
  FIFO/W_RST (fifo_top_width8_test_1)                     0.00       4.68 f
  FIFO/U2/Y (INVX2M)                                      0.13       4.81 r
  FIFO/U1/Y (INVX2M)                                      0.22       5.03 f
  FIFO/Write_Full/RST (fifo_wptr_full_test_1)             0.00       5.03 f
  FIFO/Write_Full/U16/Y (AND2X2M)                         0.21       5.24 f
  FIFO/Write_Full/U12/Y (AND4X2M)                         0.26       5.50 f
  FIFO/Write_Full/w_full (fifo_wptr_full_test_1)          0.00       5.50 f
  FIFO/FULL (fifo_top_width8_test_1)                      0.00       5.50 f
  CTRL_UNIT/FIFO_FULL (SYS_CTRL_test_1)                   0.00       5.50 f
  CTRL_UNIT/U22/Y (INVX2M)                                0.10       5.60 r
  CTRL_UNIT/U57/Y (NAND2X2M)                              0.12       5.71 f
  CTRL_UNIT/U21/Y (NOR2BX2M)                              0.31       6.03 r
  CTRL_UNIT/U17/Y (OR3X2M)                                0.22       6.25 r
  CTRL_UNIT/FIFO_WRITE_INC (SYS_CTRL_test_1)              0.00       6.25 r
  FIFO/W_INC (fifo_top_width8_test_1)                     0.00       6.25 r
  FIFO/Memory/w_inc (fifo_memory_data_width8_test_1)      0.00       6.25 r
  FIFO/Memory/U79/Y (NOR2BX2M)                            0.15       6.40 r
  FIFO/Memory/U83/Y (NOR2BX2M)                            0.27       6.67 r
  FIFO/Memory/U78/Y (NAND3X2M)                            0.31       6.99 f
  FIFO/Memory/U90/Y (OAI2BB2X1M)                          0.31       7.30 f
  FIFO/Memory/Memory_reg[0][6]/D (SDFFRQX2M)              0.00       7.30 f
  data arrival time                                                  7.30

  clock scan_clock (rise edge)                           20.00      20.00
  clock network delay (ideal)                             0.00      20.00
  clock uncertainty                                      -0.20      19.80
  FIFO/Memory/Memory_reg[0][6]/CK (SDFFRQX2M)             0.00      19.80 r
  library setup time                                     -0.40      19.40
  data required time                                                19.40
  --------------------------------------------------------------------------
  data required time                                                19.40
  data arrival time                                                 -7.30
  --------------------------------------------------------------------------
  slack (MET)                                                       12.11


  Startpoint: test_mode (input port clocked by scan_clock)
  Endpoint: FIFO/Memory/Memory_reg[0][5]
            (rising edge-triggered flip-flop clocked by scan_clock)
  Path Group: scan_clock
  Path Type: max

  Point                                                   Incr       Path
  --------------------------------------------------------------------------
  clock scan_clock (rise edge)                            0.00       0.00
  clock network delay (ideal)                             0.00       0.00
  input external delay                                    4.00       4.00 r
  test_mode (in)                                          0.00       4.00 r
  REF_RST_MUX/SEL (mux2X1_6)                              0.00       4.00 r
  REF_RST_MUX/U1/Y (AO2B2X2M)                             0.32       4.32 f
  REF_RST_MUX/OUT (mux2X1_6)                              0.00       4.32 f
  U5/Y (INVX2M)                                           0.08       4.40 r
  U4/Y (INVX4M)                                           0.29       4.68 f
  FIFO/W_RST (fifo_top_width8_test_1)                     0.00       4.68 f
  FIFO/U2/Y (INVX2M)                                      0.13       4.81 r
  FIFO/U1/Y (INVX2M)                                      0.22       5.03 f
  FIFO/Write_Full/RST (fifo_wptr_full_test_1)             0.00       5.03 f
  FIFO/Write_Full/U16/Y (AND2X2M)                         0.21       5.24 f
  FIFO/Write_Full/U12/Y (AND4X2M)                         0.26       5.50 f
  FIFO/Write_Full/w_full (fifo_wptr_full_test_1)          0.00       5.50 f
  FIFO/FULL (fifo_top_width8_test_1)                      0.00       5.50 f
  CTRL_UNIT/FIFO_FULL (SYS_CTRL_test_1)                   0.00       5.50 f
  CTRL_UNIT/U22/Y (INVX2M)                                0.10       5.60 r
  CTRL_UNIT/U57/Y (NAND2X2M)                              0.12       5.71 f
  CTRL_UNIT/U21/Y (NOR2BX2M)                              0.31       6.03 r
  CTRL_UNIT/U17/Y (OR3X2M)                                0.22       6.25 r
  CTRL_UNIT/FIFO_WRITE_INC (SYS_CTRL_test_1)              0.00       6.25 r
  FIFO/W_INC (fifo_top_width8_test_1)                     0.00       6.25 r
  FIFO/Memory/w_inc (fifo_memory_data_width8_test_1)      0.00       6.25 r
  FIFO/Memory/U79/Y (NOR2BX2M)                            0.15       6.40 r
  FIFO/Memory/U83/Y (NOR2BX2M)                            0.27       6.67 r
  FIFO/Memory/U78/Y (NAND3X2M)                            0.31       6.99 f
  FIFO/Memory/U89/Y (OAI2BB2X1M)                          0.31       7.30 f
  FIFO/Memory/Memory_reg[0][5]/D (SDFFRQX2M)              0.00       7.30 f
  data arrival time                                                  7.30

  clock scan_clock (rise edge)                           20.00      20.00
  clock network delay (ideal)                             0.00      20.00
  clock uncertainty                                      -0.20      19.80
  FIFO/Memory/Memory_reg[0][5]/CK (SDFFRQX2M)             0.00      19.80 r
  library setup time                                     -0.40      19.40
  data required time                                                19.40
  --------------------------------------------------------------------------
  data required time                                                19.40
  data arrival time                                                 -7.30
  --------------------------------------------------------------------------
  slack (MET)                                                       12.11


  Startpoint: test_mode (input port clocked by scan_clock)
  Endpoint: FIFO/Memory/Memory_reg[0][4]
            (rising edge-triggered flip-flop clocked by scan_clock)
  Path Group: scan_clock
  Path Type: max

  Point                                                   Incr       Path
  --------------------------------------------------------------------------
  clock scan_clock (rise edge)                            0.00       0.00
  clock network delay (ideal)                             0.00       0.00
  input external delay                                    4.00       4.00 r
  test_mode (in)                                          0.00       4.00 r
  REF_RST_MUX/SEL (mux2X1_6)                              0.00       4.00 r
  REF_RST_MUX/U1/Y (AO2B2X2M)                             0.32       4.32 f
  REF_RST_MUX/OUT (mux2X1_6)                              0.00       4.32 f
  U5/Y (INVX2M)                                           0.08       4.40 r
  U4/Y (INVX4M)                                           0.29       4.68 f
  FIFO/W_RST (fifo_top_width8_test_1)                     0.00       4.68 f
  FIFO/U2/Y (INVX2M)                                      0.13       4.81 r
  FIFO/U1/Y (INVX2M)                                      0.22       5.03 f
  FIFO/Write_Full/RST (fifo_wptr_full_test_1)             0.00       5.03 f
  FIFO/Write_Full/U16/Y (AND2X2M)                         0.21       5.24 f
  FIFO/Write_Full/U12/Y (AND4X2M)                         0.26       5.50 f
  FIFO/Write_Full/w_full (fifo_wptr_full_test_1)          0.00       5.50 f
  FIFO/FULL (fifo_top_width8_test_1)                      0.00       5.50 f
  CTRL_UNIT/FIFO_FULL (SYS_CTRL_test_1)                   0.00       5.50 f
  CTRL_UNIT/U22/Y (INVX2M)                                0.10       5.60 r
  CTRL_UNIT/U57/Y (NAND2X2M)                              0.12       5.71 f
  CTRL_UNIT/U21/Y (NOR2BX2M)                              0.31       6.03 r
  CTRL_UNIT/U17/Y (OR3X2M)                                0.22       6.25 r
  CTRL_UNIT/FIFO_WRITE_INC (SYS_CTRL_test_1)              0.00       6.25 r
  FIFO/W_INC (fifo_top_width8_test_1)                     0.00       6.25 r
  FIFO/Memory/w_inc (fifo_memory_data_width8_test_1)      0.00       6.25 r
  FIFO/Memory/U79/Y (NOR2BX2M)                            0.15       6.40 r
  FIFO/Memory/U83/Y (NOR2BX2M)                            0.27       6.67 r
  FIFO/Memory/U78/Y (NAND3X2M)                            0.31       6.99 f
  FIFO/Memory/U88/Y (OAI2BB2X1M)                          0.31       7.30 f
  FIFO/Memory/Memory_reg[0][4]/D (SDFFRQX2M)              0.00       7.30 f
  data arrival time                                                  7.30

  clock scan_clock (rise edge)                           20.00      20.00
  clock network delay (ideal)                             0.00      20.00
  clock uncertainty                                      -0.20      19.80
  FIFO/Memory/Memory_reg[0][4]/CK (SDFFRQX2M)             0.00      19.80 r
  library setup time                                     -0.40      19.40
  data required time                                                19.40
  --------------------------------------------------------------------------
  data required time                                                19.40
  data arrival time                                                 -7.30
  --------------------------------------------------------------------------
  slack (MET)                                                       12.11


  Startpoint: test_mode (input port clocked by scan_clock)
  Endpoint: FIFO/Memory/Memory_reg[0][3]
            (rising edge-triggered flip-flop clocked by scan_clock)
  Path Group: scan_clock
  Path Type: max

  Point                                                   Incr       Path
  --------------------------------------------------------------------------
  clock scan_clock (rise edge)                            0.00       0.00
  clock network delay (ideal)                             0.00       0.00
  input external delay                                    4.00       4.00 r
  test_mode (in)                                          0.00       4.00 r
  REF_RST_MUX/SEL (mux2X1_6)                              0.00       4.00 r
  REF_RST_MUX/U1/Y (AO2B2X2M)                             0.32       4.32 f
  REF_RST_MUX/OUT (mux2X1_6)                              0.00       4.32 f
  U5/Y (INVX2M)                                           0.08       4.40 r
  U4/Y (INVX4M)                                           0.29       4.68 f
  FIFO/W_RST (fifo_top_width8_test_1)                     0.00       4.68 f
  FIFO/U2/Y (INVX2M)                                      0.13       4.81 r
  FIFO/U1/Y (INVX2M)                                      0.22       5.03 f
  FIFO/Write_Full/RST (fifo_wptr_full_test_1)             0.00       5.03 f
  FIFO/Write_Full/U16/Y (AND2X2M)                         0.21       5.24 f
  FIFO/Write_Full/U12/Y (AND4X2M)                         0.26       5.50 f
  FIFO/Write_Full/w_full (fifo_wptr_full_test_1)          0.00       5.50 f
  FIFO/FULL (fifo_top_width8_test_1)                      0.00       5.50 f
  CTRL_UNIT/FIFO_FULL (SYS_CTRL_test_1)                   0.00       5.50 f
  CTRL_UNIT/U22/Y (INVX2M)                                0.10       5.60 r
  CTRL_UNIT/U57/Y (NAND2X2M)                              0.12       5.71 f
  CTRL_UNIT/U21/Y (NOR2BX2M)                              0.31       6.03 r
  CTRL_UNIT/U17/Y (OR3X2M)                                0.22       6.25 r
  CTRL_UNIT/FIFO_WRITE_INC (SYS_CTRL_test_1)              0.00       6.25 r
  FIFO/W_INC (fifo_top_width8_test_1)                     0.00       6.25 r
  FIFO/Memory/w_inc (fifo_memory_data_width8_test_1)      0.00       6.25 r
  FIFO/Memory/U79/Y (NOR2BX2M)                            0.15       6.40 r
  FIFO/Memory/U83/Y (NOR2BX2M)                            0.27       6.67 r
  FIFO/Memory/U78/Y (NAND3X2M)                            0.31       6.99 f
  FIFO/Memory/U87/Y (OAI2BB2X1M)                          0.31       7.30 f
  FIFO/Memory/Memory_reg[0][3]/D (SDFFRQX2M)              0.00       7.30 f
  data arrival time                                                  7.30

  clock scan_clock (rise edge)                           20.00      20.00
  clock network delay (ideal)                             0.00      20.00
  clock uncertainty                                      -0.20      19.80
  FIFO/Memory/Memory_reg[0][3]/CK (SDFFRQX2M)             0.00      19.80 r
  library setup time                                     -0.40      19.40
  data required time                                                19.40
  --------------------------------------------------------------------------
  data required time                                                19.40
  data arrival time                                                 -7.30
  --------------------------------------------------------------------------
  slack (MET)                                                       12.11


  Startpoint: test_mode (input port clocked by scan_clock)
  Endpoint: FIFO/Memory/Memory_reg[0][2]
            (rising edge-triggered flip-flop clocked by scan_clock)
  Path Group: scan_clock
  Path Type: max

  Point                                                   Incr       Path
  --------------------------------------------------------------------------
  clock scan_clock (rise edge)                            0.00       0.00
  clock network delay (ideal)                             0.00       0.00
  input external delay                                    4.00       4.00 r
  test_mode (in)                                          0.00       4.00 r
  REF_RST_MUX/SEL (mux2X1_6)                              0.00       4.00 r
  REF_RST_MUX/U1/Y (AO2B2X2M)                             0.32       4.32 f
  REF_RST_MUX/OUT (mux2X1_6)                              0.00       4.32 f
  U5/Y (INVX2M)                                           0.08       4.40 r
  U4/Y (INVX4M)                                           0.29       4.68 f
  FIFO/W_RST (fifo_top_width8_test_1)                     0.00       4.68 f
  FIFO/U2/Y (INVX2M)                                      0.13       4.81 r
  FIFO/U1/Y (INVX2M)                                      0.22       5.03 f
  FIFO/Write_Full/RST (fifo_wptr_full_test_1)             0.00       5.03 f
  FIFO/Write_Full/U16/Y (AND2X2M)                         0.21       5.24 f
  FIFO/Write_Full/U12/Y (AND4X2M)                         0.26       5.50 f
  FIFO/Write_Full/w_full (fifo_wptr_full_test_1)          0.00       5.50 f
  FIFO/FULL (fifo_top_width8_test_1)                      0.00       5.50 f
  CTRL_UNIT/FIFO_FULL (SYS_CTRL_test_1)                   0.00       5.50 f
  CTRL_UNIT/U22/Y (INVX2M)                                0.10       5.60 r
  CTRL_UNIT/U57/Y (NAND2X2M)                              0.12       5.71 f
  CTRL_UNIT/U21/Y (NOR2BX2M)                              0.31       6.03 r
  CTRL_UNIT/U17/Y (OR3X2M)                                0.22       6.25 r
  CTRL_UNIT/FIFO_WRITE_INC (SYS_CTRL_test_1)              0.00       6.25 r
  FIFO/W_INC (fifo_top_width8_test_1)                     0.00       6.25 r
  FIFO/Memory/w_inc (fifo_memory_data_width8_test_1)      0.00       6.25 r
  FIFO/Memory/U79/Y (NOR2BX2M)                            0.15       6.40 r
  FIFO/Memory/U83/Y (NOR2BX2M)                            0.27       6.67 r
  FIFO/Memory/U78/Y (NAND3X2M)                            0.31       6.99 f
  FIFO/Memory/U86/Y (OAI2BB2X1M)                          0.31       7.30 f
  FIFO/Memory/Memory_reg[0][2]/D (SDFFRQX2M)              0.00       7.30 f
  data arrival time                                                  7.30

  clock scan_clock (rise edge)                           20.00      20.00
  clock network delay (ideal)                             0.00      20.00
  clock uncertainty                                      -0.20      19.80
  FIFO/Memory/Memory_reg[0][2]/CK (SDFFRQX2M)             0.00      19.80 r
  library setup time                                     -0.40      19.40
  data required time                                                19.40
  --------------------------------------------------------------------------
  data required time                                                19.40
  data arrival time                                                 -7.30
  --------------------------------------------------------------------------
  slack (MET)                                                       12.11


  Startpoint: test_mode (input port clocked by scan_clock)
  Endpoint: FIFO/Memory/Memory_reg[0][1]
            (rising edge-triggered flip-flop clocked by scan_clock)
  Path Group: scan_clock
  Path Type: max

  Point                                                   Incr       Path
  --------------------------------------------------------------------------
  clock scan_clock (rise edge)                            0.00       0.00
  clock network delay (ideal)                             0.00       0.00
  input external delay                                    4.00       4.00 r
  test_mode (in)                                          0.00       4.00 r
  REF_RST_MUX/SEL (mux2X1_6)                              0.00       4.00 r
  REF_RST_MUX/U1/Y (AO2B2X2M)                             0.32       4.32 f
  REF_RST_MUX/OUT (mux2X1_6)                              0.00       4.32 f
  U5/Y (INVX2M)                                           0.08       4.40 r
  U4/Y (INVX4M)                                           0.29       4.68 f
  FIFO/W_RST (fifo_top_width8_test_1)                     0.00       4.68 f
  FIFO/U2/Y (INVX2M)                                      0.13       4.81 r
  FIFO/U1/Y (INVX2M)                                      0.22       5.03 f
  FIFO/Write_Full/RST (fifo_wptr_full_test_1)             0.00       5.03 f
  FIFO/Write_Full/U16/Y (AND2X2M)                         0.21       5.24 f
  FIFO/Write_Full/U12/Y (AND4X2M)                         0.26       5.50 f
  FIFO/Write_Full/w_full (fifo_wptr_full_test_1)          0.00       5.50 f
  FIFO/FULL (fifo_top_width8_test_1)                      0.00       5.50 f
  CTRL_UNIT/FIFO_FULL (SYS_CTRL_test_1)                   0.00       5.50 f
  CTRL_UNIT/U22/Y (INVX2M)                                0.10       5.60 r
  CTRL_UNIT/U57/Y (NAND2X2M)                              0.12       5.71 f
  CTRL_UNIT/U21/Y (NOR2BX2M)                              0.31       6.03 r
  CTRL_UNIT/U17/Y (OR3X2M)                                0.22       6.25 r
  CTRL_UNIT/FIFO_WRITE_INC (SYS_CTRL_test_1)              0.00       6.25 r
  FIFO/W_INC (fifo_top_width8_test_1)                     0.00       6.25 r
  FIFO/Memory/w_inc (fifo_memory_data_width8_test_1)      0.00       6.25 r
  FIFO/Memory/U79/Y (NOR2BX2M)                            0.15       6.40 r
  FIFO/Memory/U83/Y (NOR2BX2M)                            0.27       6.67 r
  FIFO/Memory/U78/Y (NAND3X2M)                            0.31       6.99 f
  FIFO/Memory/U85/Y (OAI2BB2X1M)                          0.31       7.30 f
  FIFO/Memory/Memory_reg[0][1]/D (SDFFRQX2M)              0.00       7.30 f
  data arrival time                                                  7.30

  clock scan_clock (rise edge)                           20.00      20.00
  clock network delay (ideal)                             0.00      20.00
  clock uncertainty                                      -0.20      19.80
  FIFO/Memory/Memory_reg[0][1]/CK (SDFFRQX2M)             0.00      19.80 r
  library setup time                                     -0.40      19.40
  data required time                                                19.40
  --------------------------------------------------------------------------
  data required time                                                19.40
  data arrival time                                                 -7.30
  --------------------------------------------------------------------------
  slack (MET)                                                       12.11


  Startpoint: test_mode (input port clocked by scan_clock)
  Endpoint: FIFO/Memory/Memory_reg[0][0]
            (rising edge-triggered flip-flop clocked by scan_clock)
  Path Group: scan_clock
  Path Type: max

  Point                                                   Incr       Path
  --------------------------------------------------------------------------
  clock scan_clock (rise edge)                            0.00       0.00
  clock network delay (ideal)                             0.00       0.00
  input external delay                                    4.00       4.00 r
  test_mode (in)                                          0.00       4.00 r
  REF_RST_MUX/SEL (mux2X1_6)                              0.00       4.00 r
  REF_RST_MUX/U1/Y (AO2B2X2M)                             0.32       4.32 f
  REF_RST_MUX/OUT (mux2X1_6)                              0.00       4.32 f
  U5/Y (INVX2M)                                           0.08       4.40 r
  U4/Y (INVX4M)                                           0.29       4.68 f
  FIFO/W_RST (fifo_top_width8_test_1)                     0.00       4.68 f
  FIFO/U2/Y (INVX2M)                                      0.13       4.81 r
  FIFO/U1/Y (INVX2M)                                      0.22       5.03 f
  FIFO/Write_Full/RST (fifo_wptr_full_test_1)             0.00       5.03 f
  FIFO/Write_Full/U16/Y (AND2X2M)                         0.21       5.24 f
  FIFO/Write_Full/U12/Y (AND4X2M)                         0.26       5.50 f
  FIFO/Write_Full/w_full (fifo_wptr_full_test_1)          0.00       5.50 f
  FIFO/FULL (fifo_top_width8_test_1)                      0.00       5.50 f
  CTRL_UNIT/FIFO_FULL (SYS_CTRL_test_1)                   0.00       5.50 f
  CTRL_UNIT/U22/Y (INVX2M)                                0.10       5.60 r
  CTRL_UNIT/U57/Y (NAND2X2M)                              0.12       5.71 f
  CTRL_UNIT/U21/Y (NOR2BX2M)                              0.31       6.03 r
  CTRL_UNIT/U17/Y (OR3X2M)                                0.22       6.25 r
  CTRL_UNIT/FIFO_WRITE_INC (SYS_CTRL_test_1)              0.00       6.25 r
  FIFO/W_INC (fifo_top_width8_test_1)                     0.00       6.25 r
  FIFO/Memory/w_inc (fifo_memory_data_width8_test_1)      0.00       6.25 r
  FIFO/Memory/U79/Y (NOR2BX2M)                            0.15       6.40 r
  FIFO/Memory/U83/Y (NOR2BX2M)                            0.27       6.67 r
  FIFO/Memory/U78/Y (NAND3X2M)                            0.31       6.99 f
  FIFO/Memory/U84/Y (OAI2BB2X1M)                          0.31       7.30 f
  FIFO/Memory/Memory_reg[0][0]/D (SDFFRQX2M)              0.00       7.30 f
  data arrival time                                                  7.30

  clock scan_clock (rise edge)                           20.00      20.00
  clock network delay (ideal)                             0.00      20.00
  clock uncertainty                                      -0.20      19.80
  FIFO/Memory/Memory_reg[0][0]/CK (SDFFRQX2M)             0.00      19.80 r
  library setup time                                     -0.40      19.40
  data required time                                                19.40
  --------------------------------------------------------------------------
  data required time                                                19.40
  data arrival time                                                 -7.30
  --------------------------------------------------------------------------
  slack (MET)                                                       12.11


  Startpoint: test_mode (input port clocked by scan_clock)
  Endpoint: FIFO/Memory/Memory_reg[3][7]
            (rising edge-triggered flip-flop clocked by scan_clock)
  Path Group: scan_clock
  Path Type: max

  Point                                                   Incr       Path
  --------------------------------------------------------------------------
  clock scan_clock (rise edge)                            0.00       0.00
  clock network delay (ideal)                             0.00       0.00
  input external delay                                    4.00       4.00 r
  test_mode (in)                                          0.00       4.00 r
  REF_RST_MUX/SEL (mux2X1_6)                              0.00       4.00 r
  REF_RST_MUX/U1/Y (AO2B2X2M)                             0.32       4.32 f
  REF_RST_MUX/OUT (mux2X1_6)                              0.00       4.32 f
  U5/Y (INVX2M)                                           0.08       4.40 r
  U4/Y (INVX4M)                                           0.29       4.68 f
  FIFO/W_RST (fifo_top_width8_test_1)                     0.00       4.68 f
  FIFO/U2/Y (INVX2M)                                      0.13       4.81 r
  FIFO/U1/Y (INVX2M)                                      0.22       5.03 f
  FIFO/Write_Full/RST (fifo_wptr_full_test_1)             0.00       5.03 f
  FIFO/Write_Full/U16/Y (AND2X2M)                         0.21       5.24 f
  FIFO/Write_Full/U12/Y (AND4X2M)                         0.26       5.50 f
  FIFO/Write_Full/w_full (fifo_wptr_full_test_1)          0.00       5.50 f
  FIFO/FULL (fifo_top_width8_test_1)                      0.00       5.50 f
  CTRL_UNIT/FIFO_FULL (SYS_CTRL_test_1)                   0.00       5.50 f
  CTRL_UNIT/U22/Y (INVX2M)                                0.10       5.60 r
  CTRL_UNIT/U57/Y (NAND2X2M)                              0.12       5.71 f
  CTRL_UNIT/U21/Y (NOR2BX2M)                              0.31       6.03 r
  CTRL_UNIT/U17/Y (OR3X2M)                                0.22       6.25 r
  CTRL_UNIT/FIFO_WRITE_INC (SYS_CTRL_test_1)              0.00       6.25 r
  FIFO/W_INC (fifo_top_width8_test_1)                     0.00       6.25 r
  FIFO/Memory/w_inc (fifo_memory_data_width8_test_1)      0.00       6.25 r
  FIFO/Memory/U79/Y (NOR2BX2M)                            0.15       6.40 r
  FIFO/Memory/U83/Y (NOR2BX2M)                            0.27       6.67 r
  FIFO/Memory/U81/Y (NAND3X2M)                            0.31       6.98 f
  FIFO/Memory/U99/Y (OAI2BB2X1M)                          0.31       7.29 f
  FIFO/Memory/Memory_reg[3][7]/D (SDFFRQX2M)              0.00       7.29 f
  data arrival time                                                  7.29

  clock scan_clock (rise edge)                           20.00      20.00
  clock network delay (ideal)                             0.00      20.00
  clock uncertainty                                      -0.20      19.80
  FIFO/Memory/Memory_reg[3][7]/CK (SDFFRQX2M)             0.00      19.80 r
  library setup time                                     -0.40      19.40
  data required time                                                19.40
  --------------------------------------------------------------------------
  data required time                                                19.40
  data arrival time                                                 -7.29
  --------------------------------------------------------------------------
  slack (MET)                                                       12.11


  Startpoint: test_mode (input port clocked by scan_clock)
  Endpoint: FIFO/Memory/Memory_reg[3][6]
            (rising edge-triggered flip-flop clocked by scan_clock)
  Path Group: scan_clock
  Path Type: max

  Point                                                   Incr       Path
  --------------------------------------------------------------------------
  clock scan_clock (rise edge)                            0.00       0.00
  clock network delay (ideal)                             0.00       0.00
  input external delay                                    4.00       4.00 r
  test_mode (in)                                          0.00       4.00 r
  REF_RST_MUX/SEL (mux2X1_6)                              0.00       4.00 r
  REF_RST_MUX/U1/Y (AO2B2X2M)                             0.32       4.32 f
  REF_RST_MUX/OUT (mux2X1_6)                              0.00       4.32 f
  U5/Y (INVX2M)                                           0.08       4.40 r
  U4/Y (INVX4M)                                           0.29       4.68 f
  FIFO/W_RST (fifo_top_width8_test_1)                     0.00       4.68 f
  FIFO/U2/Y (INVX2M)                                      0.13       4.81 r
  FIFO/U1/Y (INVX2M)                                      0.22       5.03 f
  FIFO/Write_Full/RST (fifo_wptr_full_test_1)             0.00       5.03 f
  FIFO/Write_Full/U16/Y (AND2X2M)                         0.21       5.24 f
  FIFO/Write_Full/U12/Y (AND4X2M)                         0.26       5.50 f
  FIFO/Write_Full/w_full (fifo_wptr_full_test_1)          0.00       5.50 f
  FIFO/FULL (fifo_top_width8_test_1)                      0.00       5.50 f
  CTRL_UNIT/FIFO_FULL (SYS_CTRL_test_1)                   0.00       5.50 f
  CTRL_UNIT/U22/Y (INVX2M)                                0.10       5.60 r
  CTRL_UNIT/U57/Y (NAND2X2M)                              0.12       5.71 f
  CTRL_UNIT/U21/Y (NOR2BX2M)                              0.31       6.03 r
  CTRL_UNIT/U17/Y (OR3X2M)                                0.22       6.25 r
  CTRL_UNIT/FIFO_WRITE_INC (SYS_CTRL_test_1)              0.00       6.25 r
  FIFO/W_INC (fifo_top_width8_test_1)                     0.00       6.25 r
  FIFO/Memory/w_inc (fifo_memory_data_width8_test_1)      0.00       6.25 r
  FIFO/Memory/U79/Y (NOR2BX2M)                            0.15       6.40 r
  FIFO/Memory/U83/Y (NOR2BX2M)                            0.27       6.67 r
  FIFO/Memory/U81/Y (NAND3X2M)                            0.31       6.98 f
  FIFO/Memory/U98/Y (OAI2BB2X1M)                          0.31       7.29 f
  FIFO/Memory/Memory_reg[3][6]/D (SDFFRQX2M)              0.00       7.29 f
  data arrival time                                                  7.29

  clock scan_clock (rise edge)                           20.00      20.00
  clock network delay (ideal)                             0.00      20.00
  clock uncertainty                                      -0.20      19.80
  FIFO/Memory/Memory_reg[3][6]/CK (SDFFRQX2M)             0.00      19.80 r
  library setup time                                     -0.40      19.40
  data required time                                                19.40
  --------------------------------------------------------------------------
  data required time                                                19.40
  data arrival time                                                 -7.29
  --------------------------------------------------------------------------
  slack (MET)                                                       12.11


  Startpoint: test_mode (input port clocked by scan_clock)
  Endpoint: FIFO/Memory/Memory_reg[3][5]
            (rising edge-triggered flip-flop clocked by scan_clock)
  Path Group: scan_clock
  Path Type: max

  Point                                                   Incr       Path
  --------------------------------------------------------------------------
  clock scan_clock (rise edge)                            0.00       0.00
  clock network delay (ideal)                             0.00       0.00
  input external delay                                    4.00       4.00 r
  test_mode (in)                                          0.00       4.00 r
  REF_RST_MUX/SEL (mux2X1_6)                              0.00       4.00 r
  REF_RST_MUX/U1/Y (AO2B2X2M)                             0.32       4.32 f
  REF_RST_MUX/OUT (mux2X1_6)                              0.00       4.32 f
  U5/Y (INVX2M)                                           0.08       4.40 r
  U4/Y (INVX4M)                                           0.29       4.68 f
  FIFO/W_RST (fifo_top_width8_test_1)                     0.00       4.68 f
  FIFO/U2/Y (INVX2M)                                      0.13       4.81 r
  FIFO/U1/Y (INVX2M)                                      0.22       5.03 f
  FIFO/Write_Full/RST (fifo_wptr_full_test_1)             0.00       5.03 f
  FIFO/Write_Full/U16/Y (AND2X2M)                         0.21       5.24 f
  FIFO/Write_Full/U12/Y (AND4X2M)                         0.26       5.50 f
  FIFO/Write_Full/w_full (fifo_wptr_full_test_1)          0.00       5.50 f
  FIFO/FULL (fifo_top_width8_test_1)                      0.00       5.50 f
  CTRL_UNIT/FIFO_FULL (SYS_CTRL_test_1)                   0.00       5.50 f
  CTRL_UNIT/U22/Y (INVX2M)                                0.10       5.60 r
  CTRL_UNIT/U57/Y (NAND2X2M)                              0.12       5.71 f
  CTRL_UNIT/U21/Y (NOR2BX2M)                              0.31       6.03 r
  CTRL_UNIT/U17/Y (OR3X2M)                                0.22       6.25 r
  CTRL_UNIT/FIFO_WRITE_INC (SYS_CTRL_test_1)              0.00       6.25 r
  FIFO/W_INC (fifo_top_width8_test_1)                     0.00       6.25 r
  FIFO/Memory/w_inc (fifo_memory_data_width8_test_1)      0.00       6.25 r
  FIFO/Memory/U79/Y (NOR2BX2M)                            0.15       6.40 r
  FIFO/Memory/U83/Y (NOR2BX2M)                            0.27       6.67 r
  FIFO/Memory/U81/Y (NAND3X2M)                            0.31       6.98 f
  FIFO/Memory/U97/Y (OAI2BB2X1M)                          0.31       7.29 f
  FIFO/Memory/Memory_reg[3][5]/D (SDFFRQX2M)              0.00       7.29 f
  data arrival time                                                  7.29

  clock scan_clock (rise edge)                           20.00      20.00
  clock network delay (ideal)                             0.00      20.00
  clock uncertainty                                      -0.20      19.80
  FIFO/Memory/Memory_reg[3][5]/CK (SDFFRQX2M)             0.00      19.80 r
  library setup time                                     -0.40      19.40
  data required time                                                19.40
  --------------------------------------------------------------------------
  data required time                                                19.40
  data arrival time                                                 -7.29
  --------------------------------------------------------------------------
  slack (MET)                                                       12.11


  Startpoint: test_mode (input port clocked by scan_clock)
  Endpoint: FIFO/Memory/Memory_reg[3][4]
            (rising edge-triggered flip-flop clocked by scan_clock)
  Path Group: scan_clock
  Path Type: max

  Point                                                   Incr       Path
  --------------------------------------------------------------------------
  clock scan_clock (rise edge)                            0.00       0.00
  clock network delay (ideal)                             0.00       0.00
  input external delay                                    4.00       4.00 r
  test_mode (in)                                          0.00       4.00 r
  REF_RST_MUX/SEL (mux2X1_6)                              0.00       4.00 r
  REF_RST_MUX/U1/Y (AO2B2X2M)                             0.32       4.32 f
  REF_RST_MUX/OUT (mux2X1_6)                              0.00       4.32 f
  U5/Y (INVX2M)                                           0.08       4.40 r
  U4/Y (INVX4M)                                           0.29       4.68 f
  FIFO/W_RST (fifo_top_width8_test_1)                     0.00       4.68 f
  FIFO/U2/Y (INVX2M)                                      0.13       4.81 r
  FIFO/U1/Y (INVX2M)                                      0.22       5.03 f
  FIFO/Write_Full/RST (fifo_wptr_full_test_1)             0.00       5.03 f
  FIFO/Write_Full/U16/Y (AND2X2M)                         0.21       5.24 f
  FIFO/Write_Full/U12/Y (AND4X2M)                         0.26       5.50 f
  FIFO/Write_Full/w_full (fifo_wptr_full_test_1)          0.00       5.50 f
  FIFO/FULL (fifo_top_width8_test_1)                      0.00       5.50 f
  CTRL_UNIT/FIFO_FULL (SYS_CTRL_test_1)                   0.00       5.50 f
  CTRL_UNIT/U22/Y (INVX2M)                                0.10       5.60 r
  CTRL_UNIT/U57/Y (NAND2X2M)                              0.12       5.71 f
  CTRL_UNIT/U21/Y (NOR2BX2M)                              0.31       6.03 r
  CTRL_UNIT/U17/Y (OR3X2M)                                0.22       6.25 r
  CTRL_UNIT/FIFO_WRITE_INC (SYS_CTRL_test_1)              0.00       6.25 r
  FIFO/W_INC (fifo_top_width8_test_1)                     0.00       6.25 r
  FIFO/Memory/w_inc (fifo_memory_data_width8_test_1)      0.00       6.25 r
  FIFO/Memory/U79/Y (NOR2BX2M)                            0.15       6.40 r
  FIFO/Memory/U83/Y (NOR2BX2M)                            0.27       6.67 r
  FIFO/Memory/U81/Y (NAND3X2M)                            0.31       6.98 f
  FIFO/Memory/U96/Y (OAI2BB2X1M)                          0.31       7.29 f
  FIFO/Memory/Memory_reg[3][4]/D (SDFFRQX2M)              0.00       7.29 f
  data arrival time                                                  7.29

  clock scan_clock (rise edge)                           20.00      20.00
  clock network delay (ideal)                             0.00      20.00
  clock uncertainty                                      -0.20      19.80
  FIFO/Memory/Memory_reg[3][4]/CK (SDFFRQX2M)             0.00      19.80 r
  library setup time                                     -0.40      19.40
  data required time                                                19.40
  --------------------------------------------------------------------------
  data required time                                                19.40
  data arrival time                                                 -7.29
  --------------------------------------------------------------------------
  slack (MET)                                                       12.11


  Startpoint: test_mode (input port clocked by scan_clock)
  Endpoint: FIFO/Memory/Memory_reg[3][3]
            (rising edge-triggered flip-flop clocked by scan_clock)
  Path Group: scan_clock
  Path Type: max

  Point                                                   Incr       Path
  --------------------------------------------------------------------------
  clock scan_clock (rise edge)                            0.00       0.00
  clock network delay (ideal)                             0.00       0.00
  input external delay                                    4.00       4.00 r
  test_mode (in)                                          0.00       4.00 r
  REF_RST_MUX/SEL (mux2X1_6)                              0.00       4.00 r
  REF_RST_MUX/U1/Y (AO2B2X2M)                             0.32       4.32 f
  REF_RST_MUX/OUT (mux2X1_6)                              0.00       4.32 f
  U5/Y (INVX2M)                                           0.08       4.40 r
  U4/Y (INVX4M)                                           0.29       4.68 f
  FIFO/W_RST (fifo_top_width8_test_1)                     0.00       4.68 f
  FIFO/U2/Y (INVX2M)                                      0.13       4.81 r
  FIFO/U1/Y (INVX2M)                                      0.22       5.03 f
  FIFO/Write_Full/RST (fifo_wptr_full_test_1)             0.00       5.03 f
  FIFO/Write_Full/U16/Y (AND2X2M)                         0.21       5.24 f
  FIFO/Write_Full/U12/Y (AND4X2M)                         0.26       5.50 f
  FIFO/Write_Full/w_full (fifo_wptr_full_test_1)          0.00       5.50 f
  FIFO/FULL (fifo_top_width8_test_1)                      0.00       5.50 f
  CTRL_UNIT/FIFO_FULL (SYS_CTRL_test_1)                   0.00       5.50 f
  CTRL_UNIT/U22/Y (INVX2M)                                0.10       5.60 r
  CTRL_UNIT/U57/Y (NAND2X2M)                              0.12       5.71 f
  CTRL_UNIT/U21/Y (NOR2BX2M)                              0.31       6.03 r
  CTRL_UNIT/U17/Y (OR3X2M)                                0.22       6.25 r
  CTRL_UNIT/FIFO_WRITE_INC (SYS_CTRL_test_1)              0.00       6.25 r
  FIFO/W_INC (fifo_top_width8_test_1)                     0.00       6.25 r
  FIFO/Memory/w_inc (fifo_memory_data_width8_test_1)      0.00       6.25 r
  FIFO/Memory/U79/Y (NOR2BX2M)                            0.15       6.40 r
  FIFO/Memory/U83/Y (NOR2BX2M)                            0.27       6.67 r
  FIFO/Memory/U81/Y (NAND3X2M)                            0.31       6.98 f
  FIFO/Memory/U95/Y (OAI2BB2X1M)                          0.31       7.29 f
  FIFO/Memory/Memory_reg[3][3]/D (SDFFRQX2M)              0.00       7.29 f
  data arrival time                                                  7.29

  clock scan_clock (rise edge)                           20.00      20.00
  clock network delay (ideal)                             0.00      20.00
  clock uncertainty                                      -0.20      19.80
  FIFO/Memory/Memory_reg[3][3]/CK (SDFFRQX2M)             0.00      19.80 r
  library setup time                                     -0.40      19.40
  data required time                                                19.40
  --------------------------------------------------------------------------
  data required time                                                19.40
  data arrival time                                                 -7.29
  --------------------------------------------------------------------------
  slack (MET)                                                       12.11


  Startpoint: test_mode (input port clocked by scan_clock)
  Endpoint: FIFO/Memory/Memory_reg[3][2]
            (rising edge-triggered flip-flop clocked by scan_clock)
  Path Group: scan_clock
  Path Type: max

  Point                                                   Incr       Path
  --------------------------------------------------------------------------
  clock scan_clock (rise edge)                            0.00       0.00
  clock network delay (ideal)                             0.00       0.00
  input external delay                                    4.00       4.00 r
  test_mode (in)                                          0.00       4.00 r
  REF_RST_MUX/SEL (mux2X1_6)                              0.00       4.00 r
  REF_RST_MUX/U1/Y (AO2B2X2M)                             0.32       4.32 f
  REF_RST_MUX/OUT (mux2X1_6)                              0.00       4.32 f
  U5/Y (INVX2M)                                           0.08       4.40 r
  U4/Y (INVX4M)                                           0.29       4.68 f
  FIFO/W_RST (fifo_top_width8_test_1)                     0.00       4.68 f
  FIFO/U2/Y (INVX2M)                                      0.13       4.81 r
  FIFO/U1/Y (INVX2M)                                      0.22       5.03 f
  FIFO/Write_Full/RST (fifo_wptr_full_test_1)             0.00       5.03 f
  FIFO/Write_Full/U16/Y (AND2X2M)                         0.21       5.24 f
  FIFO/Write_Full/U12/Y (AND4X2M)                         0.26       5.50 f
  FIFO/Write_Full/w_full (fifo_wptr_full_test_1)          0.00       5.50 f
  FIFO/FULL (fifo_top_width8_test_1)                      0.00       5.50 f
  CTRL_UNIT/FIFO_FULL (SYS_CTRL_test_1)                   0.00       5.50 f
  CTRL_UNIT/U22/Y (INVX2M)                                0.10       5.60 r
  CTRL_UNIT/U57/Y (NAND2X2M)                              0.12       5.71 f
  CTRL_UNIT/U21/Y (NOR2BX2M)                              0.31       6.03 r
  CTRL_UNIT/U17/Y (OR3X2M)                                0.22       6.25 r
  CTRL_UNIT/FIFO_WRITE_INC (SYS_CTRL_test_1)              0.00       6.25 r
  FIFO/W_INC (fifo_top_width8_test_1)                     0.00       6.25 r
  FIFO/Memory/w_inc (fifo_memory_data_width8_test_1)      0.00       6.25 r
  FIFO/Memory/U79/Y (NOR2BX2M)                            0.15       6.40 r
  FIFO/Memory/U83/Y (NOR2BX2M)                            0.27       6.67 r
  FIFO/Memory/U81/Y (NAND3X2M)                            0.31       6.98 f
  FIFO/Memory/U94/Y (OAI2BB2X1M)                          0.31       7.29 f
  FIFO/Memory/Memory_reg[3][2]/D (SDFFRQX2M)              0.00       7.29 f
  data arrival time                                                  7.29

  clock scan_clock (rise edge)                           20.00      20.00
  clock network delay (ideal)                             0.00      20.00
  clock uncertainty                                      -0.20      19.80
  FIFO/Memory/Memory_reg[3][2]/CK (SDFFRQX2M)             0.00      19.80 r
  library setup time                                     -0.40      19.40
  data required time                                                19.40
  --------------------------------------------------------------------------
  data required time                                                19.40
  data arrival time                                                 -7.29
  --------------------------------------------------------------------------
  slack (MET)                                                       12.11


  Startpoint: test_mode (input port clocked by scan_clock)
  Endpoint: FIFO/Memory/Memory_reg[3][1]
            (rising edge-triggered flip-flop clocked by scan_clock)
  Path Group: scan_clock
  Path Type: max

  Point                                                   Incr       Path
  --------------------------------------------------------------------------
  clock scan_clock (rise edge)                            0.00       0.00
  clock network delay (ideal)                             0.00       0.00
  input external delay                                    4.00       4.00 r
  test_mode (in)                                          0.00       4.00 r
  REF_RST_MUX/SEL (mux2X1_6)                              0.00       4.00 r
  REF_RST_MUX/U1/Y (AO2B2X2M)                             0.32       4.32 f
  REF_RST_MUX/OUT (mux2X1_6)                              0.00       4.32 f
  U5/Y (INVX2M)                                           0.08       4.40 r
  U4/Y (INVX4M)                                           0.29       4.68 f
  FIFO/W_RST (fifo_top_width8_test_1)                     0.00       4.68 f
  FIFO/U2/Y (INVX2M)                                      0.13       4.81 r
  FIFO/U1/Y (INVX2M)                                      0.22       5.03 f
  FIFO/Write_Full/RST (fifo_wptr_full_test_1)             0.00       5.03 f
  FIFO/Write_Full/U16/Y (AND2X2M)                         0.21       5.24 f
  FIFO/Write_Full/U12/Y (AND4X2M)                         0.26       5.50 f
  FIFO/Write_Full/w_full (fifo_wptr_full_test_1)          0.00       5.50 f
  FIFO/FULL (fifo_top_width8_test_1)                      0.00       5.50 f
  CTRL_UNIT/FIFO_FULL (SYS_CTRL_test_1)                   0.00       5.50 f
  CTRL_UNIT/U22/Y (INVX2M)                                0.10       5.60 r
  CTRL_UNIT/U57/Y (NAND2X2M)                              0.12       5.71 f
  CTRL_UNIT/U21/Y (NOR2BX2M)                              0.31       6.03 r
  CTRL_UNIT/U17/Y (OR3X2M)                                0.22       6.25 r
  CTRL_UNIT/FIFO_WRITE_INC (SYS_CTRL_test_1)              0.00       6.25 r
  FIFO/W_INC (fifo_top_width8_test_1)                     0.00       6.25 r
  FIFO/Memory/w_inc (fifo_memory_data_width8_test_1)      0.00       6.25 r
  FIFO/Memory/U79/Y (NOR2BX2M)                            0.15       6.40 r
  FIFO/Memory/U83/Y (NOR2BX2M)                            0.27       6.67 r
  FIFO/Memory/U81/Y (NAND3X2M)                            0.31       6.98 f
  FIFO/Memory/U93/Y (OAI2BB2X1M)                          0.31       7.29 f
  FIFO/Memory/Memory_reg[3][1]/D (SDFFRQX2M)              0.00       7.29 f
  data arrival time                                                  7.29

  clock scan_clock (rise edge)                           20.00      20.00
  clock network delay (ideal)                             0.00      20.00
  clock uncertainty                                      -0.20      19.80
  FIFO/Memory/Memory_reg[3][1]/CK (SDFFRQX2M)             0.00      19.80 r
  library setup time                                     -0.40      19.40
  data required time                                                19.40
  --------------------------------------------------------------------------
  data required time                                                19.40
  data arrival time                                                 -7.29
  --------------------------------------------------------------------------
  slack (MET)                                                       12.11


  Startpoint: test_mode (input port clocked by scan_clock)
  Endpoint: FIFO/Memory/Memory_reg[3][0]
            (rising edge-triggered flip-flop clocked by scan_clock)
  Path Group: scan_clock
  Path Type: max

  Point                                                   Incr       Path
  --------------------------------------------------------------------------
  clock scan_clock (rise edge)                            0.00       0.00
  clock network delay (ideal)                             0.00       0.00
  input external delay                                    4.00       4.00 r
  test_mode (in)                                          0.00       4.00 r
  REF_RST_MUX/SEL (mux2X1_6)                              0.00       4.00 r
  REF_RST_MUX/U1/Y (AO2B2X2M)                             0.32       4.32 f
  REF_RST_MUX/OUT (mux2X1_6)                              0.00       4.32 f
  U5/Y (INVX2M)                                           0.08       4.40 r
  U4/Y (INVX4M)                                           0.29       4.68 f
  FIFO/W_RST (fifo_top_width8_test_1)                     0.00       4.68 f
  FIFO/U2/Y (INVX2M)                                      0.13       4.81 r
  FIFO/U1/Y (INVX2M)                                      0.22       5.03 f
  FIFO/Write_Full/RST (fifo_wptr_full_test_1)             0.00       5.03 f
  FIFO/Write_Full/U16/Y (AND2X2M)                         0.21       5.24 f
  FIFO/Write_Full/U12/Y (AND4X2M)                         0.26       5.50 f
  FIFO/Write_Full/w_full (fifo_wptr_full_test_1)          0.00       5.50 f
  FIFO/FULL (fifo_top_width8_test_1)                      0.00       5.50 f
  CTRL_UNIT/FIFO_FULL (SYS_CTRL_test_1)                   0.00       5.50 f
  CTRL_UNIT/U22/Y (INVX2M)                                0.10       5.60 r
  CTRL_UNIT/U57/Y (NAND2X2M)                              0.12       5.71 f
  CTRL_UNIT/U21/Y (NOR2BX2M)                              0.31       6.03 r
  CTRL_UNIT/U17/Y (OR3X2M)                                0.22       6.25 r
  CTRL_UNIT/FIFO_WRITE_INC (SYS_CTRL_test_1)              0.00       6.25 r
  FIFO/W_INC (fifo_top_width8_test_1)                     0.00       6.25 r
  FIFO/Memory/w_inc (fifo_memory_data_width8_test_1)      0.00       6.25 r
  FIFO/Memory/U79/Y (NOR2BX2M)                            0.15       6.40 r
  FIFO/Memory/U83/Y (NOR2BX2M)                            0.27       6.67 r
  FIFO/Memory/U81/Y (NAND3X2M)                            0.31       6.98 f
  FIFO/Memory/U92/Y (OAI2BB2X1M)                          0.31       7.29 f
  FIFO/Memory/Memory_reg[3][0]/D (SDFFRQX2M)              0.00       7.29 f
  data arrival time                                                  7.29

  clock scan_clock (rise edge)                           20.00      20.00
  clock network delay (ideal)                             0.00      20.00
  clock uncertainty                                      -0.20      19.80
  FIFO/Memory/Memory_reg[3][0]/CK (SDFFRQX2M)             0.00      19.80 r
  library setup time                                     -0.40      19.40
  data required time                                                19.40
  --------------------------------------------------------------------------
  data required time                                                19.40
  data arrival time                                                 -7.29
  --------------------------------------------------------------------------
  slack (MET)                                                       12.11


  Startpoint: test_mode (input port clocked by scan_clock)
  Endpoint: FIFO/Memory/Memory_reg[1][2]
            (rising edge-triggered flip-flop clocked by scan_clock)
  Path Group: scan_clock
  Path Type: max

  Point                                                   Incr       Path
  --------------------------------------------------------------------------
  clock scan_clock (rise edge)                            0.00       0.00
  clock network delay (ideal)                             0.00       0.00
  input external delay                                    4.00       4.00 r
  test_mode (in)                                          0.00       4.00 r
  REF_RST_MUX/SEL (mux2X1_6)                              0.00       4.00 r
  REF_RST_MUX/U1/Y (AO2B2X2M)                             0.32       4.32 f
  REF_RST_MUX/OUT (mux2X1_6)                              0.00       4.32 f
  U5/Y (INVX2M)                                           0.08       4.40 r
  U4/Y (INVX4M)                                           0.29       4.68 f
  FIFO/W_RST (fifo_top_width8_test_1)                     0.00       4.68 f
  FIFO/U2/Y (INVX2M)                                      0.13       4.81 r
  FIFO/U1/Y (INVX2M)                                      0.22       5.03 f
  FIFO/Write_Full/RST (fifo_wptr_full_test_1)             0.00       5.03 f
  FIFO/Write_Full/U16/Y (AND2X2M)                         0.21       5.24 f
  FIFO/Write_Full/U12/Y (AND4X2M)                         0.26       5.50 f
  FIFO/Write_Full/w_full (fifo_wptr_full_test_1)          0.00       5.50 f
  FIFO/FULL (fifo_top_width8_test_1)                      0.00       5.50 f
  CTRL_UNIT/FIFO_FULL (SYS_CTRL_test_1)                   0.00       5.50 f
  CTRL_UNIT/U22/Y (INVX2M)                                0.10       5.60 r
  CTRL_UNIT/U57/Y (NAND2X2M)                              0.12       5.71 f
  CTRL_UNIT/U21/Y (NOR2BX2M)                              0.31       6.03 r
  CTRL_UNIT/U17/Y (OR3X2M)                                0.22       6.25 r
  CTRL_UNIT/FIFO_WRITE_INC (SYS_CTRL_test_1)              0.00       6.25 r
  FIFO/W_INC (fifo_top_width8_test_1)                     0.00       6.25 r
  FIFO/Memory/w_inc (fifo_memory_data_width8_test_1)      0.00       6.25 r
  FIFO/Memory/U79/Y (NOR2BX2M)                            0.15       6.40 r
  FIFO/Memory/U83/Y (NOR2BX2M)                            0.27       6.67 r
  FIFO/Memory/U82/Y (NAND3X2M)                            0.31       6.98 f
  FIFO/Memory/U102/Y (OAI2BB2X1M)                         0.31       7.29 f
  FIFO/Memory/Memory_reg[1][2]/D (SDFFRQX2M)              0.00       7.29 f
  data arrival time                                                  7.29

  clock scan_clock (rise edge)                           20.00      20.00
  clock network delay (ideal)                             0.00      20.00
  clock uncertainty                                      -0.20      19.80
  FIFO/Memory/Memory_reg[1][2]/CK (SDFFRQX2M)             0.00      19.80 r
  library setup time                                     -0.40      19.40
  data required time                                                19.40
  --------------------------------------------------------------------------
  data required time                                                19.40
  data arrival time                                                 -7.29
  --------------------------------------------------------------------------
  slack (MET)                                                       12.11


  Startpoint: test_mode (input port clocked by scan_clock)
  Endpoint: FIFO/Memory/Memory_reg[1][1]
            (rising edge-triggered flip-flop clocked by scan_clock)
  Path Group: scan_clock
  Path Type: max

  Point                                                   Incr       Path
  --------------------------------------------------------------------------
  clock scan_clock (rise edge)                            0.00       0.00
  clock network delay (ideal)                             0.00       0.00
  input external delay                                    4.00       4.00 r
  test_mode (in)                                          0.00       4.00 r
  REF_RST_MUX/SEL (mux2X1_6)                              0.00       4.00 r
  REF_RST_MUX/U1/Y (AO2B2X2M)                             0.32       4.32 f
  REF_RST_MUX/OUT (mux2X1_6)                              0.00       4.32 f
  U5/Y (INVX2M)                                           0.08       4.40 r
  U4/Y (INVX4M)                                           0.29       4.68 f
  FIFO/W_RST (fifo_top_width8_test_1)                     0.00       4.68 f
  FIFO/U2/Y (INVX2M)                                      0.13       4.81 r
  FIFO/U1/Y (INVX2M)                                      0.22       5.03 f
  FIFO/Write_Full/RST (fifo_wptr_full_test_1)             0.00       5.03 f
  FIFO/Write_Full/U16/Y (AND2X2M)                         0.21       5.24 f
  FIFO/Write_Full/U12/Y (AND4X2M)                         0.26       5.50 f
  FIFO/Write_Full/w_full (fifo_wptr_full_test_1)          0.00       5.50 f
  FIFO/FULL (fifo_top_width8_test_1)                      0.00       5.50 f
  CTRL_UNIT/FIFO_FULL (SYS_CTRL_test_1)                   0.00       5.50 f
  CTRL_UNIT/U22/Y (INVX2M)                                0.10       5.60 r
  CTRL_UNIT/U57/Y (NAND2X2M)                              0.12       5.71 f
  CTRL_UNIT/U21/Y (NOR2BX2M)                              0.31       6.03 r
  CTRL_UNIT/U17/Y (OR3X2M)                                0.22       6.25 r
  CTRL_UNIT/FIFO_WRITE_INC (SYS_CTRL_test_1)              0.00       6.25 r
  FIFO/W_INC (fifo_top_width8_test_1)                     0.00       6.25 r
  FIFO/Memory/w_inc (fifo_memory_data_width8_test_1)      0.00       6.25 r
  FIFO/Memory/U79/Y (NOR2BX2M)                            0.15       6.40 r
  FIFO/Memory/U83/Y (NOR2BX2M)                            0.27       6.67 r
  FIFO/Memory/U82/Y (NAND3X2M)                            0.31       6.98 f
  FIFO/Memory/U101/Y (OAI2BB2X1M)                         0.31       7.29 f
  FIFO/Memory/Memory_reg[1][1]/D (SDFFRQX2M)              0.00       7.29 f
  data arrival time                                                  7.29

  clock scan_clock (rise edge)                           20.00      20.00
  clock network delay (ideal)                             0.00      20.00
  clock uncertainty                                      -0.20      19.80
  FIFO/Memory/Memory_reg[1][1]/CK (SDFFRQX2M)             0.00      19.80 r
  library setup time                                     -0.40      19.40
  data required time                                                19.40
  --------------------------------------------------------------------------
  data required time                                                19.40
  data arrival time                                                 -7.29
  --------------------------------------------------------------------------
  slack (MET)                                                       12.11


  Startpoint: test_mode (input port clocked by scan_clock)
  Endpoint: FIFO/Memory/Memory_reg[1][0]
            (rising edge-triggered flip-flop clocked by scan_clock)
  Path Group: scan_clock
  Path Type: max

  Point                                                   Incr       Path
  --------------------------------------------------------------------------
  clock scan_clock (rise edge)                            0.00       0.00
  clock network delay (ideal)                             0.00       0.00
  input external delay                                    4.00       4.00 r
  test_mode (in)                                          0.00       4.00 r
  REF_RST_MUX/SEL (mux2X1_6)                              0.00       4.00 r
  REF_RST_MUX/U1/Y (AO2B2X2M)                             0.32       4.32 f
  REF_RST_MUX/OUT (mux2X1_6)                              0.00       4.32 f
  U5/Y (INVX2M)                                           0.08       4.40 r
  U4/Y (INVX4M)                                           0.29       4.68 f
  FIFO/W_RST (fifo_top_width8_test_1)                     0.00       4.68 f
  FIFO/U2/Y (INVX2M)                                      0.13       4.81 r
  FIFO/U1/Y (INVX2M)                                      0.22       5.03 f
  FIFO/Write_Full/RST (fifo_wptr_full_test_1)             0.00       5.03 f
  FIFO/Write_Full/U16/Y (AND2X2M)                         0.21       5.24 f
  FIFO/Write_Full/U12/Y (AND4X2M)                         0.26       5.50 f
  FIFO/Write_Full/w_full (fifo_wptr_full_test_1)          0.00       5.50 f
  FIFO/FULL (fifo_top_width8_test_1)                      0.00       5.50 f
  CTRL_UNIT/FIFO_FULL (SYS_CTRL_test_1)                   0.00       5.50 f
  CTRL_UNIT/U22/Y (INVX2M)                                0.10       5.60 r
  CTRL_UNIT/U57/Y (NAND2X2M)                              0.12       5.71 f
  CTRL_UNIT/U21/Y (NOR2BX2M)                              0.31       6.03 r
  CTRL_UNIT/U17/Y (OR3X2M)                                0.22       6.25 r
  CTRL_UNIT/FIFO_WRITE_INC (SYS_CTRL_test_1)              0.00       6.25 r
  FIFO/W_INC (fifo_top_width8_test_1)                     0.00       6.25 r
  FIFO/Memory/w_inc (fifo_memory_data_width8_test_1)      0.00       6.25 r
  FIFO/Memory/U79/Y (NOR2BX2M)                            0.15       6.40 r
  FIFO/Memory/U83/Y (NOR2BX2M)                            0.27       6.67 r
  FIFO/Memory/U82/Y (NAND3X2M)                            0.31       6.98 f
  FIFO/Memory/U100/Y (OAI2BB2X1M)                         0.31       7.29 f
  FIFO/Memory/Memory_reg[1][0]/D (SDFFRQX2M)              0.00       7.29 f
  data arrival time                                                  7.29

  clock scan_clock (rise edge)                           20.00      20.00
  clock network delay (ideal)                             0.00      20.00
  clock uncertainty                                      -0.20      19.80
  FIFO/Memory/Memory_reg[1][0]/CK (SDFFRQX2M)             0.00      19.80 r
  library setup time                                     -0.40      19.40
  data required time                                                19.40
  --------------------------------------------------------------------------
  data required time                                                19.40
  data arrival time                                                 -7.29
  --------------------------------------------------------------------------
  slack (MET)                                                       12.11


1
